provider	event_id	version	event(fields)	opcode	keywords	task	level	evtlog_channel	evtlog_message
Microsoft-Windows-WwanProtDim_63b898b4cb6f373be0297c41cb660be6	10	0	task_0(HexInt32 A10_errCode)		WWAN_TRACE_FLAG_DIM	task_0	Error		
Microsoft-Windows-WwanProtDim_63b898b4cb6f373be0297c41cb660be6	11	0	task_011()		WWAN_TRACE_FLAG_DIM	task_0	Error		
Microsoft-Windows-WwanProtDim_63b898b4cb6f373be0297c41cb660be6	12	0	task_012(HexInt32 A10_Status)		WWAN_TRACE_FLAG_DIM	task_0	Error		
Microsoft-Windows-WwanProtDim_63b898b4cb6f373be0297c41cb660be6	13	0	task_013(GUID A10__pDimContextselfGuid, GUID A11__pDimContextparentGuid)		WWAN_TRACE_FLAG_DIM	task_0	Verbose		
Microsoft-Windows-WwanProtDim_63b898b4cb6f373be0297c41cb660be6	14	0	task_014(GUID A10__pDimContextselfGuid)		WWAN_TRACE_FLAG_DIM	task_0	Error		
Microsoft-Windows-WwanProtDim_63b898b4cb6f373be0297c41cb660be6	15	0	task_015(GUID A10__pDimContextselfGuid, UInt32 A11_result)		WWAN_TRACE_FLAG_DIM	task_0	Error		
Microsoft-Windows-WwanProtDim_63b898b4cb6f373be0297c41cb660be6	16	0	task_016(Int32 A10_result)		WWAN_TRACE_FLAG_DIM	task_0	Informational		
Microsoft-Windows-WwanProtDim_63b898b4cb6f373be0297c41cb660be6	17	0	task_017(HexInt32 A10_version, HexInt32 A11_WWAN_CURRENT_VERSION)		WWAN_TRACE_FLAG_DIM	task_0	Informational		
Microsoft-Windows-WwanProtDim_63b898b4cb6f373be0297c41cb660be6	18	0	task_018(HexInt32 A10_version)		WWAN_TRACE_FLAG_DIM	task_0	Error		
Microsoft-Windows-WwanProtDim_63b898b4cb6f373be0297c41cb660be6	19	0	task_019(HexInt32 A10_result)		WWAN_TRACE_FLAG_DIM	task_0	Error		
Microsoft-Windows-WwanProtDim_63b898b4cb6f373be0297c41cb660be6	20	0	task_020(HexInt32 A10_pDimContextndisVersion)		WWAN_TRACE_FLAG_DIM	task_0	Informational		
Microsoft-Windows-WwanProtDim_63b898b4cb6f373be0297c41cb660be6	21	0	task_021(UnicodeString A10_pDimContextname)		WWAN_TRACE_FLAG_DIM	task_0	Warning		
Microsoft-Windows-WwanProtDim_63b898b4cb6f373be0297c41cb660be6	22	0	task_022(HexInt32 A10_result)		WWAN_TRACE_FLAG_DIM	task_0	Error		
Microsoft-Windows-WwanProtDim_63b898b4cb6f373be0297c41cb660be6	23	0	task_023(Int32 A10_result)		WWAN_TRACE_FLAG_DIM	task_0	Warning		
Microsoft-Windows-WwanProtDim_63b898b4cb6f373be0297c41cb660be6	24	0	task_024(UnicodeString A10_pDimContextname, Int32 A11_result)		WWAN_TRACE_FLAG_DIM	task_0	Informational		
Microsoft-Windows-WwanProtDim_63b898b4cb6f373be0297c41cb660be6	25	0	task_025(GUID A10__pDimContextselfGuid, UInt32 A11_result)		WWAN_TRACE_FLAG_DIM	task_0	Error		
Microsoft-Windows-WwanProtDim_63b898b4cb6f373be0297c41cb660be6	26	0	task_026(GUID A10__pDimContextselfGuid, UInt32 A11_result)		WWAN_TRACE_FLAG_DIM	task_0	Error		
Microsoft-Windows-WwanProtDim_63b898b4cb6f373be0297c41cb660be6	27	0	task_027(GUID A10__pDimContextselfGuid, UInt32 A11_result)		WWAN_TRACE_FLAG_DIM	task_0	Warning		
Microsoft-Windows-WwanProtDim_63b898b4cb6f373be0297c41cb660be6	28	0	task_028(UInt32 A10_result)		WWAN_TRACE_FLAG_DIM	task_0	Informational		
Microsoft-Windows-WwanProtDim_63b898b4cb6f373be0297c41cb660be6	29	0	task_029(HexInt32 A10_dimStatus)		WWAN_TRACE_FLAG_DIM	task_0	Error		
Microsoft-Windows-WwanProtDim_63b898b4cb6f373be0297c41cb660be6	30	0	task_030(HexInt32 A10_dimStatus)		WWAN_TRACE_FLAG_DIM	task_0	Informational		
Microsoft-Windows-WwanProtDim_63b898b4cb6f373be0297c41cb660be6	31	0	task_031(Pointer A10_pContext)		WWAN_TRACE_FLAG_DIM	task_0	Informational		
Microsoft-Windows-WwanProtDim_63b898b4cb6f373be0297c41cb660be6	32	0	task_032()		WWAN_TRACE_FLAG_DIM	task_0	Error		
Microsoft-Windows-WwanProtDim_63b898b4cb6f373be0297c41cb660be6	33	0	task_033()		WWAN_TRACE_FLAG_DIM	task_0	Error		
Microsoft-Windows-WwanProtDim_63b898b4cb6f373be0297c41cb660be6	34	0	task_034(Int32 A10_TotalLen)		WWAN_TRACE_FLAG_DIM	task_0	Error		
Microsoft-Windows-WwanProtDim_63b898b4cb6f373be0297c41cb660be6	35	0	task_035(HexInt32 A10_Oid)		WWAN_TRACE_FLAG_DIM	task_0	Verbose		
Microsoft-Windows-WwanProtDim_63b898b4cb6f373be0297c41cb660be6	36	0	task_036(HexInt32 A10_Oid, HexInt32 A11_Status)		WWAN_TRACE_FLAG_DIM	task_0	Verbose		
Microsoft-Windows-WwanProtDim_63b898b4cb6f373be0297c41cb660be6	37	0	task_037(HexInt32 A10_Oid, HexInt32 A11_Error)		WWAN_TRACE_FLAG_DIM	task_0	Verbose		
Microsoft-Windows-WwanProtDim_63b898b4cb6f373be0297c41cb660be6	38	0	task_038()		WWAN_TRACE_FLAG_DIM	task_0	Error		
Microsoft-Windows-WwanProtDim_63b898b4cb6f373be0297c41cb660be6	39	0	task_039()		WWAN_TRACE_FLAG_DIM	task_0	Error		
Microsoft-Windows-WwanProtDim_63b898b4cb6f373be0297c41cb660be6	40	0	task_040(Int32 A10_TotalLen)		WWAN_TRACE_FLAG_DIM	task_0	Error		
Microsoft-Windows-WwanProtDim_63b898b4cb6f373be0297c41cb660be6	41	0	task_041(UnicodeString A10_OidToStringOid, HexInt32 A11_Oid, HexInt32 A12_Status)		WWAN_TRACE_FLAG_DIM	task_0	Verbose		
Microsoft-Windows-WwanProtDim_63b898b4cb6f373be0297c41cb660be6	42	0	task_042(UnicodeString A10_OidToStringOid, HexInt32 A11_Oid, HexInt32 A12_Error)		WWAN_TRACE_FLAG_DIM	task_0	Verbose		
Microsoft-Windows-WwanProtDim_63b898b4cb6f373be0297c41cb660be6	43	0	task_043(UnicodeString A10_OidToStringOid, HexInt32 A11_Oid)		WWAN_TRACE_FLAG_DIM	task_0	Verbose		
Microsoft-Windows-WwanProtDim_63b898b4cb6f373be0297c41cb660be6	44	0	task_044(HexInt32 A10_Status)		WWAN_TRACE_FLAG_DIM	task_0	Error		
Microsoft-Windows-WwanProtDim_63b898b4cb6f373be0297c41cb660be6	45	0	task_045(HexInt32 A10_Status)		WWAN_TRACE_FLAG_DIM	task_0	Error		
Microsoft-Windows-WwanProtDim_63b898b4cb6f373be0297c41cb660be6	46	0	task_046(Int32 A10_DimTraceQueryOperationWwanAsyncGetSetToOidGetSetTypepDimContextnamepDataInDataInSizePVOIDAsyncHandledimStatus)		WWAN_TRACE_FLAG_DIM	task_0	Informational		
Microsoft-Windows-WwanProtDim_63b898b4cb6f373be0297c41cb660be6	47	0	task_047(Int32 A10_DimTraceSetOperationWwanAsyncGetSetToOidGetSetTypepDimContextnamepDataInDataInSizePVOIDAsyncHandledimStatus)		WWAN_TRACE_FLAG_DIM	task_0	Informational		
Microsoft-Windows-WwanProtDim_63b898b4cb6f373be0297c41cb660be6	48	0	task_048()		WWAN_TRACE_FLAG_DIM	task_0	Error		
Microsoft-Windows-WwanProtDim_63b898b4cb6f373be0297c41cb660be6	49	0	task_049(Int32 A10_GetSetType, HexInt32 A11_dimStatus)		WWAN_TRACE_FLAG_DIM	task_0	Error		
Microsoft-Windows-WwanProtDim_63b898b4cb6f373be0297c41cb660be6	50	0	task_050(Int32 A10_DimTraceQueryOperationWwanAsyncGetSetToOidGetSetTypepDimContextnamepHeaderBufferSizePVOIDAsyncHandledimStatus)		WWAN_TRACE_FLAG_DIM	task_0	Informational		
Microsoft-Windows-WwanProtDim_63b898b4cb6f373be0297c41cb660be6	51	0	task_051(Int32 A10_DimTraceSetOperationWwanAsyncGetSetToOidGetSetTypepDimContextnamepHeaderBufferSizePVOIDAsyncHandledimStatus)		WWAN_TRACE_FLAG_DIM	task_0	Informational		
Microsoft-Windows-WwanProtDim_63b898b4cb6f373be0297c41cb660be6	52	0	task_052()		WWAN_TRACE_FLAG_DIM	task_0	Error		
Microsoft-Windows-WwanProtDim_63b898b4cb6f373be0297c41cb660be6	53	0	task_053()		WWAN_TRACE_FLAG_DIM	task_0	Error		
Microsoft-Windows-WwanProtDim_63b898b4cb6f373be0297c41cb660be6	54	0	task_054(Int32 A10_TotalLen)		WWAN_TRACE_FLAG_DIM	task_0	Error		
Microsoft-Windows-WwanProtDim_63b898b4cb6f373be0297c41cb660be6	55	0	task_055(HexInt32 A10_Error)		WWAN_TRACE_FLAG_DIM	task_0	Error		
Microsoft-Windows-WwanProtDim_63b898b4cb6f373be0297c41cb660be6	56	0	task_056(HexInt32 A10_Statuscode, HexInt32 A11_DataLen)		WWAN_TRACE_FLAG_DIM	task_0	Error		
Microsoft-Windows-WwanProtDim_63b898b4cb6f373be0297c41cb660be6	57	0	task_057(HexInt32 A10_Statuscode, HexInt32 A11_DataLen)		WWAN_TRACE_FLAG_DIM	task_0	Error		
Microsoft-Windows-WwanProtDim_63b898b4cb6f373be0297c41cb660be6	58	0	task_058(HexInt32 A10_Statuscode, HexInt32 A11_DataLen)		WWAN_TRACE_FLAG_DIM	task_0	Error		
Microsoft-Windows-WwanProtDim_63b898b4cb6f373be0297c41cb660be6	59	0	task_059(HexInt32 A10_Statuscode, HexInt32 A11_DataLen)		WWAN_TRACE_FLAG_DIM	task_0	Error		
Microsoft-Windows-WwanProtDim_63b898b4cb6f373be0297c41cb660be6	60	0	task_060(HexInt32 A10_Statuscode, HexInt32 A11_DataLen)		WWAN_TRACE_FLAG_DIM	task_0	Error		
Microsoft-Windows-WwanProtDim_63b898b4cb6f373be0297c41cb660be6	61	0	task_061(HexInt32 A10_Statuscode, HexInt32 A11_DataLen)		WWAN_TRACE_FLAG_DIM	task_0	Error		
Microsoft-Windows-WwanProtDim_63b898b4cb6f373be0297c41cb660be6	62	0	task_062()		WWAN_TRACE_FLAG_DIM	task_0	Error		
Microsoft-Windows-WwanProtDim_63b898b4cb6f373be0297c41cb660be6	63	0	task_063(HexInt32 A10_dimStatus)		WWAN_TRACE_FLAG_DIM	task_0	Error		
Microsoft-Windows-WwanProtDim_63b898b4cb6f373be0297c41cb660be6	64	0	task_064(HexInt32 A10_Statuscode, HexInt32 A11_DataLen)		WWAN_TRACE_FLAG_DIM	task_0	Error		
Microsoft-Windows-WwanProtDim_63b898b4cb6f373be0297c41cb660be6	65	0	task_065(HexInt32 A10_Statuscode, HexInt32 A11_DataLen)		WWAN_TRACE_FLAG_DIM	task_0	Error		
Microsoft-Windows-WwanProtDim_63b898b4cb6f373be0297c41cb660be6	66	0	task_066(HexInt32 A10_Statuscode, HexInt32 A11_DataLen)		WWAN_TRACE_FLAG_DIM	task_0	Error		
Microsoft-Windows-WwanProtDim_63b898b4cb6f373be0297c41cb660be6	67	0	task_067(HexInt32 A10_Statuscode, HexInt32 A11_DataLen)		WWAN_TRACE_FLAG_DIM	task_0	Error		
Microsoft-Windows-WwanProtDim_63b898b4cb6f373be0297c41cb660be6	68	0	task_068(GUID A10_DevName, HexInt32 A11_Statuscode)		WWAN_TRACE_FLAG_DIM	task_0	Error		
Microsoft-Windows-WwanProtDim_63b898b4cb6f373be0297c41cb660be6	69	0	task_069()		WWAN_TRACE_FLAG_DIM	task_0	Verbose		
Microsoft-Windows-WwanProtDim_63b898b4cb6f373be0297c41cb660be6	70	0	task_070(GUID A10__pContextselfGuid, GUID A11__pContextparentGuid)		WWAN_TRACE_FLAG_DIM	task_0	Verbose		
Microsoft-Windows-WwanProtDim_63b898b4cb6f373be0297c41cb660be6	71	0	task_071(GUID A10__pContextselfGuid, UInt32 A11_Error)		WWAN_TRACE_FLAG_DIM	task_0	Error		
Microsoft-Windows-WwanProtDim_63b898b4cb6f373be0297c41cb660be6	72	0	task_072(HexInt32 A10_Error)		WWAN_TRACE_FLAG_DIM	task_0	Critical		
Microsoft-Windows-WwanProtDim_63b898b4cb6f373be0297c41cb660be6	73	0	task_073(HexInt32 A10_Error)		WWAN_TRACE_FLAG_DIM	task_0	Critical		
Microsoft-Windows-WwanProtDim_63b898b4cb6f373be0297c41cb660be6	74	0	task_074(GUID A10__pContextselfGuid)		WWAN_TRACE_FLAG_DIM	task_0	Verbose		
Microsoft-Windows-WwanProtDim_63b898b4cb6f373be0297c41cb660be6	75	0	task_075()		WWAN_TRACE_FLAG_DIM	task_0	Verbose		
Microsoft-Windows-WwanProtDim_63b898b4cb6f373be0297c41cb660be6	76	0	task_076(HexInt32 A10_Error)		WWAN_TRACE_FLAG_DIM	task_0	Error		
Microsoft-Windows-WwanProtDim_63b898b4cb6f373be0297c41cb660be6	77	0	task_077()		WWAN_TRACE_FLAG_DIM	task_0	Verbose		
Microsoft-Windows-WwanProtDim_63b898b4cb6f373be0297c41cb660be6	78	0	task_078()		WWAN_TRACE_FLAG_DIM	task_0	Verbose		
Microsoft-Windows-WwanProtDim_63b898b4cb6f373be0297c41cb660be6	79	0	task_079()		WWAN_TRACE_FLAG_DIM	task_0	Verbose		
Microsoft-Windows-WwanProtDim_63b898b4cb6f373be0297c41cb660be6	80	0	task_080(Int32 A10_Error)		WWAN_TRACE_FLAG_DIM	task_0	Critical		
Microsoft-Windows-WwanProtDim_63b898b4cb6f373be0297c41cb660be6	81	0	task_081(Int32 A10_bufferSize)		WWAN_TRACE_FLAG_DIM	task_0	Warning		
Microsoft-Windows-WwanProtDim_63b898b4cb6f373be0297c41cb660be6	82	0	task_082(HexInt32 A10_Error)		WWAN_TRACE_FLAG_DIM	task_0	Warning		
Microsoft-Windows-WwanProtDim_63b898b4cb6f373be0297c41cb660be6	83	0	task_083(Int32 A10_bufferSize)		WWAN_TRACE_FLAG_DIM	task_0	Warning		
Microsoft-Windows-WwanProtDim_63b898b4cb6f373be0297c41cb660be6	84	0	task_084(HexInt32 A10_bufferSize)		WWAN_TRACE_FLAG_DIM	task_0	Informational		
Microsoft-Windows-WwanProtDim_63b898b4cb6f373be0297c41cb660be6	85	0	task_085(HexInt32 A10_IndicationDropCount)		WWAN_TRACE_FLAG_DIM	task_0	Warning		
Microsoft-Windows-WwanProtDim_63b898b4cb6f373be0297c41cb660be6	86	0	task_086()		WWAN_TRACE_FLAG_DIM	task_0	Informational		
Microsoft-Windows-WwanProtDim_63b898b4cb6f373be0297c41cb660be6	87	0	task_087(HexInt32 A10_status)		WWAN_TRACE_FLAG_DIM	task_0	Critical		
Microsoft-Windows-WwanProtDim_63b898b4cb6f373be0297c41cb660be6	88	0	task_088()		WWAN_TRACE_FLAG_DIM	task_0	Informational		
Microsoft-Windows-WwanProtDim_63b898b4cb6f373be0297c41cb660be6	89	0	task_089(HexInt32 A10_ndisStatus, Int32 A11_pDataNormalizationEntrysourceRevision, Int32 A12_pNdisHeaderRevision)		WWAN_TRACE_FLAG_DIM	task_0	Error		
Microsoft-Windows-WwanProtDim_63b898b4cb6f373be0297c41cb660be6	90	0	task_090(HexInt32 A10_ndisStatus, Int32 A11_pDataNormalizationEntryulSourceDataSize, Int32 A12_ulWwanDataSize)		WWAN_TRACE_FLAG_DIM	task_0	Error		
Microsoft-Windows-WwanProtDim_63b898b4cb6f373be0297c41cb660be6	91	0	task_091(HexInt32 A10_ndisStatus, HexInt32 A11_pDataNormalizationEntrysourceVersion, Int32 A12_pNdisHeaderRevision, HexInt32 A13_pDataNormalizationEntryulSourceDataSize, HexInt32 A14_ulWwanDataSize, HexInt32 A15_pDataNormalizationEntryulTargetDataSize)		WWAN_TRACE_FLAG_DIM	task_0	Informational		
Microsoft-Windows-WwanProtDim_63b898b4cb6f373be0297c41cb660be6	92	0	task_092(HexInt32 A10_ndisStatus, HexInt32 A11_dimStatus)		WWAN_TRACE_FLAG_DIM	task_0	Error		
Microsoft-Windows-WwanProtDim_63b898b4cb6f373be0297c41cb660be6	93	0	task_093(Int32 A10_pDataNormalizationEntryulTargetDataSize, HexInt32 A11_ndisStatus)		WWAN_TRACE_FLAG_DIM	task_0	Error		
Microsoft-Windows-WwanProtDim_63b898b4cb6f373be0297c41cb660be6	94	0	task_094(HexInt32 A10_ndisOid, Int32 A11_pDataSpecializationEntryulSourceDataSize, Int32 A12_ulWwanDataSize, HexInt32 A13_pDataSpecializationEntrytargetVersion, HexInt32 A14_pDimContextVersion)		WWAN_TRACE_FLAG_DIM	task_0	Error		
Microsoft-Windows-WwanProtDim_63b898b4cb6f373be0297c41cb660be6	95	0	task_095(HexInt32 A10_ndisOid, Int32 A11_ulWwanDataSize, Int32 A12_pDataSpecializationEntryulTargetDataSize, HexInt32 A13_pDataSpecializationEntrytargetVersion, HexInt32 A14_pDimContextVersion)		WWAN_TRACE_FLAG_DIM	task_0	Error		
Microsoft-Windows-WwanProtDim_63b898b4cb6f373be0297c41cb660be6	96	0	task_096(HexInt32 A10_ndisOid, Int32 A11_isSet, HexInt32 A12_pDataSpecializationEntrytargetVersion, HexInt32 A13_pDataSpecializationEntryulSourceDataSize, HexInt32 A14_ulWwanDataSize, HexInt32 A15_pDataSpecializationEntryulTargetDataSize)		WWAN_TRACE_FLAG_DIM	task_0	Informational		
Microsoft-Windows-WwanProtDim_63b898b4cb6f373be0297c41cb660be6	97	0	task_097(HexInt32 A10_ndisOid, HexInt32 A11_dimStatus)		WWAN_TRACE_FLAG_DIM	task_0	Error		
Microsoft-Windows-WwanProtDim_63b898b4cb6f373be0297c41cb660be6	98	0	task_098(HexInt32 A10_ndisOid, HexInt32 A11_ulTargetWwanDataSize)		WWAN_TRACE_FLAG_DIM	task_0	Error		
Microsoft-Windows-WwanProtDim_63b898b4cb6f373be0297c41cb660be6	99	0	task_099(Int32 A10_ulTargetOidDataSize, HexInt32 A11_ndisOid)		WWAN_TRACE_FLAG_DIM	task_0	Error		
Microsoft-Windows-WwanProtDim_63b898b4cb6f373be0297c41cb660be6	100	0	task_0100(GUID A10__contextselfGuid)		WWAN_TRACE_FLAG_DIM	task_0	Informational		
Microsoft-Windows-WwanProtDim_63b898b4cb6f373be0297c41cb660be6	101	0	task_0101(GUID A10__contextselfGuid)		WWAN_TRACE_FLAG_DIM	task_0	Informational		
Microsoft-Windows-WwanProtDim_63b898b4cb6f373be0297c41cb660be6	102	0	task_0102(HexInt32 A10_GetLastError)		WWAN_TRACE_FLAG_DIM	task_0	Error		
Microsoft-Windows-WwanProtDim_63b898b4cb6f373be0297c41cb660be6	103	0	task_0103()		WWAN_TRACE_FLAG_DIM	task_0	Informational		
Microsoft-Windows-WwanProtDim_63b898b4cb6f373be0297c41cb660be6	104	0	task_0104()		WWAN_TRACE_FLAG_DIM	task_0	Informational		
Microsoft-Windows-WwanProtDim_63b898b4cb6f373be0297c41cb660be6	105	0	task_0105(HexInt32 A10_cr)		WWAN_TRACE_FLAG_DIM	task_0	Error		
Microsoft-Windows-WwanProtDim_63b898b4cb6f373be0297c41cb660be6	106	0	task_0106(HexInt32 A10_status)		WWAN_TRACE_FLAG_DIM	task_0	Error		
Microsoft-Windows-WwanProtDim_63b898b4cb6f373be0297c41cb660be6	107	0	task_0107(Int32 A10_status)		WWAN_TRACE_FLAG_DIM	task_0	Critical		
Microsoft-Windows-WwanProtDim_63b898b4cb6f373be0297c41cb660be6	108	0	task_0108(HexInt32 A10_requestLength, UnicodeString A11_OidToStringOid, HexInt32 A12_Oid)		WWAN_TRACE_FLAG_DIM	task_0	Error		
Microsoft-Windows-WwanProtDim_63b898b4cb6f373be0297c41cb660be6	109	0	task_0109(UnicodeString A10_OidToStringOid, HexInt32 A11_Oid, HexInt32 A12_status)		WWAN_TRACE_FLAG_DIM	task_0	Error		
Microsoft-Windows-WwanProtDim_63b898b4cb6f373be0297c41cb660be6	110	0	task_0110(UnicodeString A10_OidToStringOid, HexInt32 A11_Oid, HexInt32 A12_status)		WWAN_TRACE_FLAG_DIM	task_0	Error		
Microsoft-Windows-WwanProtDim_63b898b4cb6f373be0297c41cb660be6	111	0	task_0111(UnicodeString A10_OidToStringOid, HexInt32 A11_Oid)		WWAN_TRACE_FLAG_DIM	task_0	Verbose		
Microsoft-Windows-WwanProtDim_63b898b4cb6f373be0297c41cb660be6	112	0	task_0112(HexInt32 A10_status)		WWAN_TRACE_FLAG_DIM	task_0	Error		
Microsoft-Windows-WwanProtDim_63b898b4cb6f373be0297c41cb660be6	113	0	task_0113(Int32 A10_status)		WWAN_TRACE_FLAG_DIM	task_0	Critical		
Microsoft-Windows-WwanProtDim_63b898b4cb6f373be0297c41cb660be6	114	0	task_0114(HexInt32 A10_requestLength, UnicodeString A11_OidToStringOid, HexInt32 A12_Oid)		WWAN_TRACE_FLAG_DIM	task_0	Error		
Microsoft-Windows-WwanProtDim_63b898b4cb6f373be0297c41cb660be6	115	0	task_0115(UnicodeString A10_OidToStringOid, HexInt32 A11_Oid, HexInt32 A12_status)		WWAN_TRACE_FLAG_DIM	task_0	Error		
Microsoft-Windows-WwanProtDim_63b898b4cb6f373be0297c41cb660be6	116	0	task_0116(UnicodeString A10_OidToStringOid, HexInt32 A11_Oid, HexInt32 A12_status)		WWAN_TRACE_FLAG_DIM	task_0	Error		
Microsoft-Windows-WwanProtDim_63b898b4cb6f373be0297c41cb660be6	117	0	task_0117(UnicodeString A10_OidToStringOid, HexInt32 A11_Oid)		WWAN_TRACE_FLAG_DIM	task_0	Verbose		
Microsoft-Windows-WwanProtDim_63b898b4cb6f373be0297c41cb660be6	118	0	task_0118(HexInt32 A10_status)		WWAN_TRACE_FLAG_DIM	task_0	Error		
Microsoft-Windows-WwanProtDim_63b898b4cb6f373be0297c41cb660be6	119	0	task_0119(UnicodeString A10_LUNKNOWN, HexInt32 A11_OID_PM_PARAMETERS, HexInt32 A12_0, HexInt32 A13_sizeofparams, HexInt32 A14_status)		WWAN_TRACE_FLAG_DIM	task_0	Informational		
Microsoft-Windows-WwanProtDim_63b898b4cb6f373be0297c41cb660be6	120	0	task_0120(Int32 A10_type)		WWAN_TRACE_FLAG_DIM	task_0	Error		
Microsoft-Windows-WwanProtDim_63b898b4cb6f373be0297c41cb660be6	121	0	task_0121()		WWAN_TRACE_FLAG_DIM	task_0	Informational		
Microsoft-Windows-WwanProtDim_63b898b4cb6f373be0297c41cb660be6	122	0	task_0122(HexInt32 A10_hType)		WWAN_TRACE_FLAG_DIM	task_0	Informational		
Microsoft-Windows-WwanProtDim_63b898b4cb6f373be0297c41cb660be6	123	0	task_0123(HexInt32 A10_hRevision)		WWAN_TRACE_FLAG_DIM	task_0	Informational		
Microsoft-Windows-WwanProtDim_63b898b4cb6f373be0297c41cb660be6	124	0	task_0124(HexInt32 A10_hSize)		WWAN_TRACE_FLAG_DIM	task_0	Informational		
Microsoft-Windows-WwanProtDim_63b898b4cb6f373be0297c41cb660be6	125	0	task_0125(UnicodeString A10_pProviderProviderId)		WWAN_TRACE_FLAG_DIM	task_0	Informational		
Microsoft-Windows-WwanProtDim_63b898b4cb6f373be0297c41cb660be6	126	0	task_0126(HexInt32 A10_pProviderProviderState)		WWAN_TRACE_FLAG_DIM	task_0	Informational		
Microsoft-Windows-WwanProtDim_63b898b4cb6f373be0297c41cb660be6	127	0	task_0127(UnicodeString A10_pProviderProviderName)		WWAN_TRACE_FLAG_DIM	task_0	Informational		
Microsoft-Windows-WwanProtDim_63b898b4cb6f373be0297c41cb660be6	128	0	task_0128(UnicodeString A10_DataClassToStringInBuffpProviderWwanDataClassBuffMAX_BUFFER_STRING)		WWAN_TRACE_FLAG_DIM	task_0	Informational		
Microsoft-Windows-WwanProtDim_63b898b4cb6f373be0297c41cb660be6	129	0	task_0129(HexInt32 A10_pProvider2ErrorRate)		WWAN_TRACE_FLAG_DIM	task_0	Informational		
Microsoft-Windows-WwanProtDim_63b898b4cb6f373be0297c41cb660be6	130	0	task_0130(HexInt32 A10_pProvider2Rssi)		WWAN_TRACE_FLAG_DIM	task_0	Informational		
Microsoft-Windows-WwanProtDim_63b898b4cb6f373be0297c41cb660be6	131	0	task_0131(UnicodeString A10_CellularClassToStringpProvider2WwanCellularClass)		WWAN_TRACE_FLAG_DIM	task_0	Informational		
Microsoft-Windows-WwanProtDim_63b898b4cb6f373be0297c41cb660be6	132	0	task_0132(UnicodeString A10_SmsFormatToStringpNdisSmsReadSmsReadSmsFormat, HexInt32 A11_pNdisSmsReadSmsReadSmsFormat)		WWAN_TRACE_FLAG_DIM	task_0	Informational		
Microsoft-Windows-WwanProtDim_63b898b4cb6f373be0297c41cb660be6	133	0	task_0133(UnicodeString A10_SmsFlagToStringpNdisSmsReadSmsReadReadFilterFlag, HexInt32 A11_pNdisSmsReadSmsReadReadFilterFlag, Int32 A12_pNdisSmsReadSmsReadReadFilterMessageIndex)		WWAN_TRACE_FLAG_DIM	task_0	Informational		
Microsoft-Windows-WwanProtDim_63b898b4cb6f373be0297c41cb660be6	134	0	task_0134(HexInt32 A10_pNdisVisibleProviderVisibleProvidersAction)		WWAN_TRACE_FLAG_DIM	task_0	Informational		
Microsoft-Windows-WwanProtDim_63b898b4cb6f373be0297c41cb660be6	135	0	task_0135(UnicodeString A10_RadioStateToStringpRadioStateRadioAction, HexInt32 A11_pRadioStateRadioAction)		WWAN_TRACE_FLAG_DIM	task_0	Informational		
Microsoft-Windows-WwanProtDim_63b898b4cb6f373be0297c41cb660be6	136	0	task_0136(UnicodeString A10_PinTypeToStringpSetPinPinActionPinType, HexInt32 A11_pSetPinPinActionPinType)		WWAN_TRACE_FLAG_DIM	task_0	Informational		
Microsoft-Windows-WwanProtDim_63b898b4cb6f373be0297c41cb660be6	137	0	task_0137(UnicodeString A10_PinOperationToStringpSetPinPinActionPinOperation, HexInt32 A11_pSetPinPinActionPinOperation)		WWAN_TRACE_FLAG_DIM	task_0	Informational		
Microsoft-Windows-WwanProtDim_63b898b4cb6f373be0297c41cb660be6	138	0	task_0138(HexInt32 A10_pPreferredProvidersPreferredListHeaderElementType)		WWAN_TRACE_FLAG_DIM	task_0	Informational		
Microsoft-Windows-WwanProtDim_63b898b4cb6f373be0297c41cb660be6	139	0	task_0139(HexInt32 A10_pPreferredProvidersPreferredListHeaderElementCount)		WWAN_TRACE_FLAG_DIM	task_0	Informational		
Microsoft-Windows-WwanProtDim_63b898b4cb6f373be0297c41cb660be6	140	0	task_0140(UnicodeString A10_pRegisterStateSetRegisterStateProviderId)		WWAN_TRACE_FLAG_DIM	task_0	Informational		
Microsoft-Windows-WwanProtDim_63b898b4cb6f373be0297c41cb660be6	141	0	task_0141(UnicodeString A10_RegisterActionToStringpRegisterStateSetRegisterStateRegisterAction, HexInt32 A11_pRegisterStateSetRegisterStateRegisterAction)		WWAN_TRACE_FLAG_DIM	task_0	Informational		
Microsoft-Windows-WwanProtDim_63b898b4cb6f373be0297c41cb660be6	142	0	task_0142(HexInt32 A10_pRegisterStateSetRegisterStateWwanDataClass)		WWAN_TRACE_FLAG_DIM	task_0	Informational		
Microsoft-Windows-WwanProtDim_63b898b4cb6f373be0297c41cb660be6	143	0	task_0143(HexInt32 A10_pSignalIndicationSignalIndicationRssiInterval)		WWAN_TRACE_FLAG_DIM	task_0	Verbose		
Microsoft-Windows-WwanProtDim_63b898b4cb6f373be0297c41cb660be6	144	0	task_0144(HexInt32 A10_pSignalIndicationSignalIndicationRssiThreshold)		WWAN_TRACE_FLAG_DIM	task_0	Verbose		
Microsoft-Windows-WwanProtDim_63b898b4cb6f373be0297c41cb660be6	145	0	task_0145(UnicodeString A10_PacketServiceActionToStringpSetPacketServicePacketServiceAction, HexInt32 A11_pSetPacketServicePacketServiceAction)		WWAN_TRACE_FLAG_DIM	task_0	Informational		
Microsoft-Windows-WwanProtDim_63b898b4cb6f373be0297c41cb660be6	146	0	task_0146(HexInt32 A10_pSetContextStateSetContextStateConnectionId)		WWAN_TRACE_FLAG_DIM	task_0	Informational		
Microsoft-Windows-WwanProtDim_63b898b4cb6f373be0297c41cb660be6	147	0	task_0147(UnicodeString A10_ActivationCommandToStringpSetContextStateSetContextStateActivationCommand, HexInt32 A11_pSetContextStateSetContextStateActivationCommand)		WWAN_TRACE_FLAG_DIM	task_0	Informational		
Microsoft-Windows-WwanProtDim_63b898b4cb6f373be0297c41cb660be6	148	0	task_0148(UnicodeString A10_pSetContextStateSetContextStateAccessString)		WWAN_TRACE_FLAG_DIM	task_0	Informational		
Microsoft-Windows-WwanProtDim_63b898b4cb6f373be0297c41cb660be6	149	0	task_0149(UnicodeString A10_CompressionTypeToStringpSetContextStateSetContextStateCompression, HexInt32 A11_pSetContextStateSetContextStateCompression)		WWAN_TRACE_FLAG_DIM	task_0	Informational		
Microsoft-Windows-WwanProtDim_63b898b4cb6f373be0297c41cb660be6	150	0	task_0150(UnicodeString A10_AuthenticationProtocolTypeToStringpSetContextStateSetContextStateAuthType, HexInt32 A11_pSetContextStateSetContextStateAuthType)		WWAN_TRACE_FLAG_DIM	task_0	Informational		
Microsoft-Windows-WwanProtDim_63b898b4cb6f373be0297c41cb660be6	151	0	task_0151(HexInt32 A10_pSetProvisionedContextProvisionedContextContextId)		WWAN_TRACE_FLAG_DIM	task_0	Informational		
Microsoft-Windows-WwanProtDim_63b898b4cb6f373be0297c41cb660be6	152	0	task_0152(UnicodeString A10_ContextTypeToStringpSetProvisionedContextProvisionedContextContextType, HexInt32 A11_pSetProvisionedContextProvisionedContextContextType)		WWAN_TRACE_FLAG_DIM	task_0	Informational		
Microsoft-Windows-WwanProtDim_63b898b4cb6f373be0297c41cb660be6	153	0	task_0153(UnicodeString A10_pSetProvisionedContextProvisionedContextAccessString)		WWAN_TRACE_FLAG_DIM	task_0	Informational		
Microsoft-Windows-WwanProtDim_63b898b4cb6f373be0297c41cb660be6	154	0	task_0154(UnicodeString A10_CompressionTypeToStringpSetProvisionedContextProvisionedContextCompression, HexInt32 A11_pSetProvisionedContextProvisionedContextCompression)		WWAN_TRACE_FLAG_DIM	task_0	Informational		
Microsoft-Windows-WwanProtDim_63b898b4cb6f373be0297c41cb660be6	155	0	task_0155(UnicodeString A10_AuthenticationProtocolTypeToStringpSetProvisionedContextProvisionedContextAuthType, HexInt32 A11_pSetProvisionedContextProvisionedContextAuthType)		WWAN_TRACE_FLAG_DIM	task_0	Informational		
Microsoft-Windows-WwanProtDim_63b898b4cb6f373be0297c41cb660be6	156	0	task_0156(HexInt32 A10_pSetProvisionedContextProvisionedContextbasicInfoContextId)		WWAN_TRACE_FLAG_DIM	task_0	Informational		
Microsoft-Windows-WwanProtDim_63b898b4cb6f373be0297c41cb660be6	157	0	task_0157(UnicodeString A10_ContextTypeToStringpSetProvisionedContextProvisionedContextbasicInfoContextType, HexInt32 A11_pSetProvisionedContextProvisionedContextbasicInfoContextType)		WWAN_TRACE_FLAG_DIM	task_0	Informational		
Microsoft-Windows-WwanProtDim_63b898b4cb6f373be0297c41cb660be6	158	0	task_0158(UnicodeString A10_pSetProvisionedContextProvisionedContextbasicInfoAccessString)		WWAN_TRACE_FLAG_DIM	task_0	Informational		
Microsoft-Windows-WwanProtDim_63b898b4cb6f373be0297c41cb660be6	159	0	task_0159(UnicodeString A10_CompressionTypeToStringpSetProvisionedContextProvisionedContextbasicInfoCompression, HexInt32 A11_pSetProvisionedContextProvisionedContextbasicInfoCompression)		WWAN_TRACE_FLAG_DIM	task_0	Informational		
Microsoft-Windows-WwanProtDim_63b898b4cb6f373be0297c41cb660be6	160	0	task_0160(UnicodeString A10_AuthenticationProtocolTypeToStringpSetProvisionedContextProvisionedContextbasicInfoAuthType, HexInt32 A11_pSetProvisionedContextProvisionedContextbasicInfoAuthType)		WWAN_TRACE_FLAG_DIM	task_0	Informational		
Microsoft-Windows-WwanProtDim_63b898b4cb6f373be0297c41cb660be6	161	0	task_0161(HexInt32 A10_pSetProvisionedContextProvisionedContextOperation)		WWAN_TRACE_FLAG_DIM	task_0	Informational		
Microsoft-Windows-WwanProtDim_63b898b4cb6f373be0297c41cb660be6	162	0	task_0162(UnicodeString A10_IPTypeToStringpSetProvisionedContextProvisionedContextIPType, HexInt32 A11_pSetProvisionedContextProvisionedContextIPType)		WWAN_TRACE_FLAG_DIM	task_0	Informational		
Microsoft-Windows-WwanProtDim_63b898b4cb6f373be0297c41cb660be6	163	0	task_0163(HexInt32 A10_pSetProvisionedContextProvisionedContextEnable)		WWAN_TRACE_FLAG_DIM	task_0	Informational		
Microsoft-Windows-WwanProtDim_63b898b4cb6f373be0297c41cb660be6	164	0	task_0164(HexInt32 A10_pSetProvisionedContextProvisionedContextRoaming)		WWAN_TRACE_FLAG_DIM	task_0	Informational		
Microsoft-Windows-WwanProtDim_63b898b4cb6f373be0297c41cb660be6	165	0	task_0165(HexInt32 A10_pSetProvisionedContextProvisionedContextMediaType)		WWAN_TRACE_FLAG_DIM	task_0	Informational		
Microsoft-Windows-WwanProtDim_63b898b4cb6f373be0297c41cb660be6	166	0	task_0166(UnicodeString A10_ConfigurationSourceToStringpSetProvisionedContextProvisionedContextSource, HexInt32 A11_pSetProvisionedContextProvisionedContextSource)		WWAN_TRACE_FLAG_DIM	task_0	Informational		
Microsoft-Windows-WwanProtDim_63b898b4cb6f373be0297c41cb660be6	167	0	task_0167()		WWAN_TRACE_FLAG_DIM	task_0	Warning		
Microsoft-Windows-WwanProtDim_63b898b4cb6f373be0297c41cb660be6	168	0	task_0168(AnsiString A10_pNdisSetSmsConfigurationSetSmsConfigurationScAddress)		WWAN_TRACE_FLAG_DIM	task_0	Informational		
Microsoft-Windows-WwanProtDim_63b898b4cb6f373be0297c41cb660be6	169	0	task_0169(UnicodeString A10_SmsFormatToStringpNdisSetSmsConfigurationSetSmsConfigurationSmsFormat, HexInt32 A11_pNdisSetSmsConfigurationSetSmsConfigurationSmsFormat)		WWAN_TRACE_FLAG_DIM	task_0	Informational		
Microsoft-Windows-WwanProtDim_63b898b4cb6f373be0297c41cb660be6	170	0	task_0170(UnicodeString A10_SmsFormatToStringpNdisSmsSendSmsSendSmsFormat, HexInt32 A11_pNdisSmsSendSmsSendSmsFormat)		WWAN_TRACE_FLAG_DIM	task_0	Informational		
Microsoft-Windows-WwanProtDim_63b898b4cb6f373be0297c41cb660be6	171	0	task_0171(Int32 A10_pNdisSmsSendSmsSenduCdmaEncodingId)		WWAN_TRACE_FLAG_DIM	task_0	Informational		
Microsoft-Windows-WwanProtDim_63b898b4cb6f373be0297c41cb660be6	172	0	task_0172(Int32 A10_pNdisSmsSendSmsSenduCdmaLanguageId)		WWAN_TRACE_FLAG_DIM	task_0	Informational		
Microsoft-Windows-WwanProtDim_63b898b4cb6f373be0297c41cb660be6	173	0	task_0173(Int32 A10_pNdisSmsSendSmsSenduCdmaSizeInBytes)		WWAN_TRACE_FLAG_DIM	task_0	Informational		
Microsoft-Windows-WwanProtDim_63b898b4cb6f373be0297c41cb660be6	174	0	task_0174(Int32 A10_pNdisSmsSendSmsSenduCdmaSizeInCharacters)		WWAN_TRACE_FLAG_DIM	task_0	Informational		
Microsoft-Windows-WwanProtDim_63b898b4cb6f373be0297c41cb660be6	175	0	task_0175(Int32 A10_pNdisSmsSendSmsSenduPduSize)		WWAN_TRACE_FLAG_DIM	task_0	Informational		
Microsoft-Windows-WwanProtDim_63b898b4cb6f373be0297c41cb660be6	176	0	task_0176(UnicodeString A10_SmsFlagToStringpNdisSmsDeleteSmsFilterFlag, HexInt32 A11_pNdisSmsDeleteSmsFilterFlag, Int32 A12_pNdisSmsDeleteSmsFilterMessageIndex)		WWAN_TRACE_FLAG_DIM	task_0	Informational		
Microsoft-Windows-WwanProtDim_63b898b4cb6f373be0297c41cb660be6	177	0	task_0177(UnicodeString A10_AuthMethodToStringpNdisAuthChallengeAuthChallengeAuthMethod, HexInt32 A11_pNdisAuthChallengeAuthChallengeAuthMethod)		WWAN_TRACE_FLAG_DIM	task_0	Informational		
Microsoft-Windows-WwanProtDim_63b898b4cb6f373be0297c41cb660be6	178	0	task_0178(Int32 A10_pNdisAuthChallengeAuthChallengeuAuthSimn)		WWAN_TRACE_FLAG_DIM	task_0	Informational		
Microsoft-Windows-WwanProtDim_63b898b4cb6f373be0297c41cb660be6	179	0	task_0179()		WWAN_TRACE_FLAG_DIM	task_0	Informational		
Microsoft-Windows-WwanProtDim_63b898b4cb6f373be0297c41cb660be6	180	0	task_0180()		WWAN_TRACE_FLAG_DIM	task_0	Informational		
Microsoft-Windows-WwanProtDim_63b898b4cb6f373be0297c41cb660be6	181	0	task_0181()		WWAN_TRACE_FLAG_DIM	task_0	Informational		
Microsoft-Windows-WwanProtDim_63b898b4cb6f373be0297c41cb660be6	182	0	task_0182(UInt32 A10_unsignedpNdisUssdRequestUssdRequestRequestType)		WWAN_TRACE_FLAG_DIM	task_0	Informational		
Microsoft-Windows-WwanProtDim_63b898b4cb6f373be0297c41cb660be6	183	0	task_0183(HexInt32 A10_unsignedpNdisUssdRequestUssdRequestUssdStringDataCodingScheme)		WWAN_TRACE_FLAG_DIM	task_0	Informational		
Microsoft-Windows-WwanProtDim_63b898b4cb6f373be0297c41cb660be6	184	0	task_0184(UInt32 A10_unsignedpNdisUssdRequestUssdRequestUssdStringStringLength)		WWAN_TRACE_FLAG_DIM	task_0	Informational		
Microsoft-Windows-WwanProtDim_63b898b4cb6f373be0297c41cb660be6	185	0	task_0185(GUID A10__pNdisDSCommandCommandDeviceServiceGuid)		WWAN_TRACE_FLAG_DIM	task_0	Informational		
Microsoft-Windows-WwanProtDim_63b898b4cb6f373be0297c41cb660be6	186	0	task_0186(HexInt32 A10_pNdisDSCommandCommandCommandID)		WWAN_TRACE_FLAG_DIM	task_0	Informational		
Microsoft-Windows-WwanProtDim_63b898b4cb6f373be0297c41cb660be6	187	0	task_0187(Int32 A10_pNdisDSCommandCommanduDataSize)		WWAN_TRACE_FLAG_DIM	task_0	Informational		
Microsoft-Windows-WwanProtDim_63b898b4cb6f373be0297c41cb660be6	188	0	task_0188(Int32 A10_pNdisBaseStationRequestBaseStationsInfoRequestMaxGSMCount)		WWAN_TRACE_FLAG_DIM	task_0	Informational		
Microsoft-Windows-WwanProtDim_63b898b4cb6f373be0297c41cb660be6	189	0	task_0189(Int32 A10_pNdisBaseStationRequestBaseStationsInfoRequestMaxUMTSCount)		WWAN_TRACE_FLAG_DIM	task_0	Informational		
Microsoft-Windows-WwanProtDim_63b898b4cb6f373be0297c41cb660be6	190	0	task_0190(Int32 A10_pNdisBaseStationRequestBaseStationsInfoRequestMaxTDSCDMACount)		WWAN_TRACE_FLAG_DIM	task_0	Informational		
Microsoft-Windows-WwanProtDim_63b898b4cb6f373be0297c41cb660be6	191	0	task_0191(Int32 A10_pNdisBaseStationRequestBaseStationsInfoRequestMaxLTECount)		WWAN_TRACE_FLAG_DIM	task_0	Informational		
Microsoft-Windows-WwanProtDim_63b898b4cb6f373be0297c41cb660be6	192	0	task_0192(Int32 A10_pNdisBaseStationRequestBaseStationsInfoRequestMaxCDMACount)		WWAN_TRACE_FLAG_DIM	task_0	Informational		
Microsoft-Windows-WwanProtDim_63b898b4cb6f373be0297c41cb660be6	193	0	task_0193(Int32 A10_pNdisGetSlotInfoGetSlotInfoSlotIndex)		WWAN_TRACE_FLAG_DIM	task_0	Informational		
Microsoft-Windows-WwanProtDim_63b898b4cb6f373be0297c41cb660be6	194	0	task_0194(HexInt32 A10_pNdisDSSubscribeDeviceServiceListHeaderElementType)		WWAN_TRACE_FLAG_DIM	task_0	Informational		
Microsoft-Windows-WwanProtDim_63b898b4cb6f373be0297c41cb660be6	195	0	task_0195(HexInt32 A10_pNdisDSSubscribeDeviceServiceListHeaderElementCount)		WWAN_TRACE_FLAG_DIM	task_0	Informational		
Microsoft-Windows-WwanProtDim_63b898b4cb6f373be0297c41cb660be6	196	0	task_0196(GUID A10_p)		WWAN_TRACE_FLAG_DIM	task_0	Informational		
Microsoft-Windows-WwanProtDim_63b898b4cb6f373be0297c41cb660be6	197	0	task_0197(HexInt32 A10_pNdisSlotMappingSetDeviceSlotMappingInfoSlotMapListHeaderElementType)		WWAN_TRACE_FLAG_DIM	task_0	Informational		
Microsoft-Windows-WwanProtDim_63b898b4cb6f373be0297c41cb660be6	198	0	task_0198(HexInt32 A10_pNdisSlotMappingSetDeviceSlotMappingInfoSlotMapListHeaderElementCount)		WWAN_TRACE_FLAG_DIM	task_0	Informational		
Microsoft-Windows-WwanProtDim_63b898b4cb6f373be0297c41cb660be6	199	0	task_0199(Int32 A10_i, Int32 A11_pMap)		WWAN_TRACE_FLAG_DIM	task_0	Informational		
Microsoft-Windows-WwanProtDim_63b898b4cb6f373be0297c41cb660be6	200	0	task_0200(Int32 A10_i)		WWAN_TRACE_FLAG_DIM	task_0	Informational		
Microsoft-Windows-WwanProtDim_63b898b4cb6f373be0297c41cb660be6	201	0	task_0201(HexInt32 A10_basicInfoContextId)		WWAN_TRACE_FLAG_DIM	task_0	Informational		
Microsoft-Windows-WwanProtDim_63b898b4cb6f373be0297c41cb660be6	202	0	task_0202(UnicodeString A10_ContextTypeToStringbasicInfoContextType, HexInt32 A11_basicInfoContextType)		WWAN_TRACE_FLAG_DIM	task_0	Informational		
Microsoft-Windows-WwanProtDim_63b898b4cb6f373be0297c41cb660be6	203	0	task_0203(UnicodeString A10_basicInfoAccessString)		WWAN_TRACE_FLAG_DIM	task_0	Informational		
Microsoft-Windows-WwanProtDim_63b898b4cb6f373be0297c41cb660be6	204	0	task_0204(UnicodeString A10_basicInfoUserName)		WWAN_TRACE_FLAG_DIM	task_0	Informational		
Microsoft-Windows-WwanProtDim_63b898b4cb6f373be0297c41cb660be6	205	0	task_0205(UnicodeString A10_basicInfoPassword)		WWAN_TRACE_FLAG_DIM	task_0	Informational		
Microsoft-Windows-WwanProtDim_63b898b4cb6f373be0297c41cb660be6	206	0	task_0206(UnicodeString A10_CompressionTypeToStringbasicInfoCompression, HexInt32 A11_basicInfoCompression)		WWAN_TRACE_FLAG_DIM	task_0	Informational		
Microsoft-Windows-WwanProtDim_63b898b4cb6f373be0297c41cb660be6	207	0	task_0207(UnicodeString A10_AuthenticationProtocolTypeToStringbasicInfoAuthType, HexInt32 A11_basicInfoAuthType)		WWAN_TRACE_FLAG_DIM	task_0	Informational		
Microsoft-Windows-WwanProtDim_63b898b4cb6f373be0297c41cb660be6	208	0	task_0208(UnicodeString A10_basicInfoProviderId)		WWAN_TRACE_FLAG_DIM	task_0	Informational		
Microsoft-Windows-WwanProtDim_63b898b4cb6f373be0297c41cb660be6	209	0	task_0209(UnicodeString A10_OperationsToStringlteAttachConfigContextOperation, HexInt32 A11_lteAttachConfigContextOperation)		WWAN_TRACE_FLAG_DIM	task_0	Informational		
Microsoft-Windows-WwanProtDim_63b898b4cb6f373be0297c41cb660be6	210	0	task_0210(UnicodeString A10_IPTypeToStringlteAttachConfigContextIPType, HexInt32 A11_lteAttachConfigContextIPType)		WWAN_TRACE_FLAG_DIM	task_0	Informational		
Microsoft-Windows-WwanProtDim_63b898b4cb6f373be0297c41cb660be6	211	0	task_0211(UnicodeString A10_lteAttachConfigContextEnable0LTrueLFalse)		WWAN_TRACE_FLAG_DIM	task_0	Informational		
Microsoft-Windows-WwanProtDim_63b898b4cb6f373be0297c41cb660be6	212	0	task_0212(UnicodeString A10_LteAttachRoamingToStringlteAttachConfigContextRoaming, HexInt32 A11_lteAttachConfigContextRoaming)		WWAN_TRACE_FLAG_DIM	task_0	Informational		
Microsoft-Windows-WwanProtDim_63b898b4cb6f373be0297c41cb660be6	213	0	task_0213(UnicodeString A10_MediaToStringlteAttachConfigContextMediaType, HexInt32 A11_lteAttachConfigContextMediaType)		WWAN_TRACE_FLAG_DIM	task_0	Informational		
Microsoft-Windows-WwanProtDim_63b898b4cb6f373be0297c41cb660be6	214	0	task_0214(UnicodeString A10_ConfigurationSourceToStringlteAttachConfigContextSource, HexInt32 A11_lteAttachConfigContextSource)		WWAN_TRACE_FLAG_DIM	task_0	Informational		
Microsoft-Windows-WwanProtDim_63b898b4cb6f373be0297c41cb660be6	215	0	task_0215()		WWAN_TRACE_FLAG_DIM	task_0	Warning		
Microsoft-Windows-WwanProtDim_63b898b4cb6f373be0297c41cb660be6	216	0	task_0216(Int32 A10_lteAttachContextElementCount)		WWAN_TRACE_FLAG_DIM	task_0	Informational		
Microsoft-Windows-WwanProtDim_63b898b4cb6f373be0297c41cb660be6	217	0	task_0217(Int32 A10_i)		WWAN_TRACE_FLAG_DIM	task_0	Informational		
Microsoft-Windows-WwanProtDim_63b898b4cb6f373be0297c41cb660be6	218	0	task_0218(UnicodeString A10_LteAttachRoamingToStringlteAttachContextLteContextArrayiRoaming, Int32 A11_lteAttachContextLteContextArrayiRoaming)		WWAN_TRACE_FLAG_DIM	task_0	Informational		
Microsoft-Windows-WwanProtDim_63b898b4cb6f373be0297c41cb660be6	219	0	task_0219(UnicodeString A10_ConfigurationSourceToStringlteAttachContextLteContextArrayiSource, Int32 A11_lteAttachContextLteContextArrayiSource)		WWAN_TRACE_FLAG_DIM	task_0	Informational		
Microsoft-Windows-WwanProtDim_63b898b4cb6f373be0297c41cb660be6	220	0	task_0220(UnicodeString A10_MediaToStringlteAttachContextLteContextArrayiMediaType, Int32 A11_lteAttachContextLteContextArrayiMediaType)		WWAN_TRACE_FLAG_DIM	task_0	Informational		
Microsoft-Windows-WwanProtDim_63b898b4cb6f373be0297c41cb660be6	221	0	task_0221(UnicodeString A10_lteAttachContextLteContextArrayiEnable0LTrueLFalse)		WWAN_TRACE_FLAG_DIM	task_0	Informational		
Microsoft-Windows-WwanProtDim_63b898b4cb6f373be0297c41cb660be6	222	0	task_0222(UnicodeString A10_IPTypeToStringlteAttachContextLteContextArrayiIPType, Int32 A11_lteAttachContextLteContextArrayiIPType)		WWAN_TRACE_FLAG_DIM	task_0	Informational		
Microsoft-Windows-WwanProtDim_63b898b4cb6f373be0297c41cb660be6	223	0	task_0223(UnicodeString A10_lteAttachContextLteContextArrayibasicInfoAccessString)		WWAN_TRACE_FLAG_DIM	task_0	Informational		
Microsoft-Windows-WwanProtDim_63b898b4cb6f373be0297c41cb660be6	224	0	task_0224(UnicodeString A10_LteAttachStateToStringlteAttachStatusLteAttachState, HexInt32 A11_lteAttachStatusLteAttachState)		WWAN_TRACE_FLAG_DIM	task_0	Informational		
Microsoft-Windows-WwanProtDim_63b898b4cb6f373be0297c41cb660be6	225	0	task_0225(HexInt32 A10_lteAttachStatusNetworkError)		WWAN_TRACE_FLAG_DIM	task_0	Informational		
Microsoft-Windows-WwanProtDim_63b898b4cb6f373be0297c41cb660be6	226	0	task_0226(UnicodeString A10_IPTypeToStringlteAttachStatusIPType, HexInt32 A11_lteAttachStatusIPType)		WWAN_TRACE_FLAG_DIM	task_0	Informational		
Microsoft-Windows-WwanProtDim_63b898b4cb6f373be0297c41cb660be6	227	0	task_0227(UnicodeString A10_lteAttachStatusbasicInfoAccessString)		WWAN_TRACE_FLAG_DIM	task_0	Informational		
Microsoft-Windows-WwanProtDim_63b898b4cb6f373be0297c41cb660be6	228	0	task_0228(HexInt32 A10_len)		WWAN_TRACE_FLAG_DIM	task_0	Informational		
Microsoft-Windows-WwanProtDim_63b898b4cb6f373be0297c41cb660be6	229	0	task_0229(Int32 A10_pDeviceCapsHeaderRevision)		WWAN_TRACE_FLAG_DIM	task_0	Informational		
Microsoft-Windows-WwanProtDim_63b898b4cb6f373be0297c41cb660be6	230	0	task_0230(HexInt32 A10_len, HexInt32 A11_rlen)		WWAN_TRACE_FLAG_DIM	task_0	Informational		
Microsoft-Windows-WwanProtDim_63b898b4cb6f373be0297c41cb660be6	231	0	task_0231(HexInt32 A10_pDeviceCapsuStatus)		WWAN_TRACE_FLAG_DIM	task_0	Informational		
Microsoft-Windows-WwanProtDim_63b898b4cb6f373be0297c41cb660be6	232	0	task_0232(UnicodeString A10_DeviceTypeToStringcapsWwanDeviceType, HexInt32 A11_capsWwanDeviceType)		WWAN_TRACE_FLAG_DIM	task_0	Informational		
Microsoft-Windows-WwanProtDim_63b898b4cb6f373be0297c41cb660be6	233	0	task_0233(UnicodeString A10_CellularClassToStringcapsWwanCellularClass, HexInt32 A11_capsWwanCellularClass)		WWAN_TRACE_FLAG_DIM	task_0	Informational		
Microsoft-Windows-WwanProtDim_63b898b4cb6f373be0297c41cb660be6	234	0	task_0234(UnicodeString A10_VoiceClassToStringcapsWwanVoiceClass, HexInt32 A11_capsWwanVoiceClass)		WWAN_TRACE_FLAG_DIM	task_0	Informational		
Microsoft-Windows-WwanProtDim_63b898b4cb6f373be0297c41cb660be6	235	0	task_0235(UnicodeString A10_SimClassToStringcapsWwanSimClass, HexInt32 A11_capsWwanSimClass)		WWAN_TRACE_FLAG_DIM	task_0	Informational		
Microsoft-Windows-WwanProtDim_63b898b4cb6f373be0297c41cb660be6	236	0	task_0236(UnicodeString A10_DataClassToStringInBuffcapsWwanDataClassBuffMAX_BUFFER_STRING, HexInt32 A11_capsWwanDataClass)		WWAN_TRACE_FLAG_DIM	task_0	Informational		
Microsoft-Windows-WwanProtDim_63b898b4cb6f373be0297c41cb660be6	237	0	task_0237(UnicodeString A10_capsWwanDataClass_WWAN_DATA_CLASS_CUSTOMcapsCustomDataClassLNOTUSEDFIELD)		WWAN_TRACE_FLAG_DIM	task_0	Informational		
Microsoft-Windows-WwanProtDim_63b898b4cb6f373be0297c41cb660be6	238	0	task_0238(UnicodeString A10_GsmBandClassToStringInBuffcapsWwanGsmBandClassBuffMAX_BUFFER_STRING, HexInt32 A11_capsWwanGsmBandClass)		WWAN_TRACE_FLAG_DIM	task_0	Informational		
Microsoft-Windows-WwanProtDim_63b898b4cb6f373be0297c41cb660be6	239	0	task_0239(UnicodeString A10_CdmaBandClassToStringInBuffcapsWwanCdmaBandClassBuffMAX_BUFFER_STRING, HexInt32 A11_capsWwanCdmaBandClass)		WWAN_TRACE_FLAG_DIM	task_0	Informational		
Microsoft-Windows-WwanProtDim_63b898b4cb6f373be0297c41cb660be6	240	0	task_0240(UnicodeString A10_SmsCapsToStringInBuffcapsWwanSmsCapsBuffMAX_BUFFER_STRING, HexInt32 A11_capsWwanSmsCaps)		WWAN_TRACE_FLAG_DIM	task_0	Informational		
Microsoft-Windows-WwanProtDim_63b898b4cb6f373be0297c41cb660be6	241	0	task_0241(UnicodeString A10_ControlCapsToStringInBuffcapsWwanControlCapsBuffMAX_BUFFER_STRING, HexInt32 A11_capsWwanControlCaps)		WWAN_TRACE_FLAG_DIM	task_0	Informational		
Microsoft-Windows-WwanProtDim_63b898b4cb6f373be0297c41cb660be6	242	0	task_0242(UnicodeString A10_AuthAlgoCapsToStringInBuffcapsWwanAuthAlgoCapsBuffMAX_BUFFER_STRING, HexInt32 A11_capsWwanControlCaps)		WWAN_TRACE_FLAG_DIM	task_0	Informational		
Microsoft-Windows-WwanProtDim_63b898b4cb6f373be0297c41cb660be6	243	0	task_0243(UnicodeString A10_ElementTypeToStringcapsCellularClassListHeaderElementType, HexInt32 A11_capsCellularClassListHeaderElementType)		WWAN_TRACE_FLAG_DIM	task_0	Informational		
Microsoft-Windows-WwanProtDim_63b898b4cb6f373be0297c41cb660be6	244	0	task_0244(HexInt32 A10_capsCellularClassListHeaderElementCount)		WWAN_TRACE_FLAG_DIM	task_0	Informational		
Microsoft-Windows-WwanProtDim_63b898b4cb6f373be0297c41cb660be6	245	0	task_0245(UnicodeString A10_capsDeviceId)		WWAN_TRACE_FLAG_DIM	task_0	Informational		
Microsoft-Windows-WwanProtDim_63b898b4cb6f373be0297c41cb660be6	246	0	task_0246(UnicodeString A10_capsManufacturer)		WWAN_TRACE_FLAG_DIM	task_0	Informational		
Microsoft-Windows-WwanProtDim_63b898b4cb6f373be0297c41cb660be6	247	0	task_0247(UnicodeString A10_capsModel)		WWAN_TRACE_FLAG_DIM	task_0	Informational		
Microsoft-Windows-WwanProtDim_63b898b4cb6f373be0297c41cb660be6	248	0	task_0248(UnicodeString A10_capsFirmwareInfo)		WWAN_TRACE_FLAG_DIM	task_0	Informational		
Microsoft-Windows-WwanProtDim_63b898b4cb6f373be0297c41cb660be6	249	0	task_0249(HexInt32 A10_capsMaxActivatedContexts)		WWAN_TRACE_FLAG_DIM	task_0	Informational		
Microsoft-Windows-WwanProtDim_63b898b4cb6f373be0297c41cb660be6	250	0	task_0250(HexInt32 A10_len)		WWAN_TRACE_FLAG_DIM	task_0	Error		
Microsoft-Windows-WwanProtDim_63b898b4cb6f373be0297c41cb660be6	251	0	task_0251()		WWAN_TRACE_FLAG_DIM	task_0	Error		
Microsoft-Windows-WwanProtDim_63b898b4cb6f373be0297c41cb660be6	252	0	task_0252(HexInt32 A10_pDimContextVersion)		WWAN_TRACE_FLAG_DIM	task_0	Error		
Microsoft-Windows-WwanProtDim_63b898b4cb6f373be0297c41cb660be6	253	0	task_0253(Int32 A10_pReadyInfoHeaderRevision)		WWAN_TRACE_FLAG_DIM	task_0	Error		
Microsoft-Windows-WwanProtDim_63b898b4cb6f373be0297c41cb660be6	254	0	task_0254(HexInt32 A10_len, HexInt32 A11_rlen)		WWAN_TRACE_FLAG_DIM	task_0	Error		
Microsoft-Windows-WwanProtDim_63b898b4cb6f373be0297c41cb660be6	255	0	task_0255(UnicodeString A10_ReadyStateToStringpInfoRev1ReadyState, HexInt32 A11_pInfoRev1ReadyState)		WWAN_TRACE_FLAG_DIM	task_0	Informational		
Microsoft-Windows-WwanProtDim_63b898b4cb6f373be0297c41cb660be6	256	0	task_0256(UnicodeString A10_EmergencyModeToStringpInfoRev1EmergencyMode, HexInt32 A11_pInfoRev1EmergencyMode)		WWAN_TRACE_FLAG_DIM	task_0	Informational		
Microsoft-Windows-WwanProtDim_63b898b4cb6f373be0297c41cb660be6	257	0	task_0257(UnicodeString A10_pInfoRev1SubscriberId)		WWAN_TRACE_FLAG_DIM	task_0	Informational		
Microsoft-Windows-WwanProtDim_63b898b4cb6f373be0297c41cb660be6	258	0	task_0258(UnicodeString A10_pInfoRev1SimIccId)		WWAN_TRACE_FLAG_DIM	task_0	Informational		
Microsoft-Windows-WwanProtDim_63b898b4cb6f373be0297c41cb660be6	259	0	task_0259(Int32 A10_pInfoRev1CdmaShortMsgSize)		WWAN_TRACE_FLAG_DIM	task_0	Informational		
Microsoft-Windows-WwanProtDim_63b898b4cb6f373be0297c41cb660be6	260	0	task_0260(HexInt32 A10_pInfoLatestStatusFlags)		WWAN_TRACE_FLAG_DIM	task_0	Informational		
Microsoft-Windows-WwanProtDim_63b898b4cb6f373be0297c41cb660be6	261	0	task_0261(Int32 A10_pInfoLatestSlotId)		WWAN_TRACE_FLAG_DIM	task_0	Informational		
Microsoft-Windows-WwanProtDim_63b898b4cb6f373be0297c41cb660be6	262	0	task_0262(UnicodeString A10_ElementTypeToStringpInfoLatestTNListHeaderElementType, HexInt32 A11_pInfoLatestTNListHeaderElementType)		WWAN_TRACE_FLAG_DIM	task_0	Informational		
Microsoft-Windows-WwanProtDim_63b898b4cb6f373be0297c41cb660be6	263	0	task_0263(HexInt32 A10_pInfoLatestTNListHeaderElementCount)		WWAN_TRACE_FLAG_DIM	task_0	Informational		
Microsoft-Windows-WwanProtDim_63b898b4cb6f373be0297c41cb660be6	264	0	task_0264(HexInt32 A10_pInfoPre2170StatusFlags)		WWAN_TRACE_FLAG_DIM	task_0	Informational		
Microsoft-Windows-WwanProtDim_63b898b4cb6f373be0297c41cb660be6	265	0	task_0265(UnicodeString A10_ElementTypeToStringpInfoPre2170TNListHeaderElementType, HexInt32 A11_pInfoPre2170TNListHeaderElementType)		WWAN_TRACE_FLAG_DIM	task_0	Informational		
Microsoft-Windows-WwanProtDim_63b898b4cb6f373be0297c41cb660be6	266	0	task_0266(HexInt32 A10_pInfoPre2170TNListHeaderElementCount)		WWAN_TRACE_FLAG_DIM	task_0	Informational		
Microsoft-Windows-WwanProtDim_63b898b4cb6f373be0297c41cb660be6	267	0	task_0267(UnicodeString A10_ElementTypeToStringpInfoRev1TNListHeaderElementType, HexInt32 A11_pInfoRev1TNListHeaderElementType)		WWAN_TRACE_FLAG_DIM	task_0	Informational		
Microsoft-Windows-WwanProtDim_63b898b4cb6f373be0297c41cb660be6	268	0	task_0268(HexInt32 A10_pInfoRev1TNListHeaderElementCount)		WWAN_TRACE_FLAG_DIM	task_0	Informational		
Microsoft-Windows-WwanProtDim_63b898b4cb6f373be0297c41cb660be6	269	0	task_0269(HexInt32 A10_len, HexInt32 A11_rlen)		WWAN_TRACE_FLAG_DIM	task_0	Informational		
Microsoft-Windows-WwanProtDim_63b898b4cb6f373be0297c41cb660be6	270	0	task_0270(HexInt32 A10_pServiceActivationStatusuStatus)		WWAN_TRACE_FLAG_DIM	task_0	Informational		
Microsoft-Windows-WwanProtDim_63b898b4cb6f373be0297c41cb660be6	271	0	task_0271(HexInt32 A10_pServiceActivationStatusServiceActivationStatusuNwError)		WWAN_TRACE_FLAG_DIM	task_0	Informational		
Microsoft-Windows-WwanProtDim_63b898b4cb6f373be0297c41cb660be6	272	0	task_0272(HexInt32 A10_len, HexInt32 A11_rlen)		WWAN_TRACE_FLAG_DIM	task_0	Informational		
Microsoft-Windows-WwanProtDim_63b898b4cb6f373be0297c41cb660be6	273	0	task_0273(HexInt32 A10_pRadioStateuStatus)		WWAN_TRACE_FLAG_DIM	task_0	Informational		
Microsoft-Windows-WwanProtDim_63b898b4cb6f373be0297c41cb660be6	274	0	task_0274(UnicodeString A10_RadioStateToStringpRadioStateRadioStateHwRadioState, HexInt32 A11_pRadioStateRadioStateHwRadioState)		WWAN_TRACE_FLAG_DIM	task_0	Informational		
Microsoft-Windows-WwanProtDim_63b898b4cb6f373be0297c41cb660be6	275	0	task_0275(UnicodeString A10_RadioStateToStringpRadioStateRadioStateSwRadioState, HexInt32 A11_pRadioStateRadioStateSwRadioState)		WWAN_TRACE_FLAG_DIM	task_0	Informational		
Microsoft-Windows-WwanProtDim_63b898b4cb6f373be0297c41cb660be6	276	0	task_0276(HexInt32 A10_len, HexInt32 A11_rlen)		WWAN_TRACE_FLAG_DIM	task_0	Informational		
Microsoft-Windows-WwanProtDim_63b898b4cb6f373be0297c41cb660be6	277	0	task_0277(HexInt32 A10_pPinInfouStatus)		WWAN_TRACE_FLAG_DIM	task_0	Informational		
Microsoft-Windows-WwanProtDim_63b898b4cb6f373be0297c41cb660be6	278	0	task_0278(UnicodeString A10_PinTypeToStringpPinInfoPinInfoPinType, HexInt32 A11_pPinInfoPinInfoPinType)		WWAN_TRACE_FLAG_DIM	task_0	Informational		
Microsoft-Windows-WwanProtDim_63b898b4cb6f373be0297c41cb660be6	279	0	task_0279(UnicodeString A10_PinStateToStringpPinInfoPinInfoPinState, HexInt32 A11_pPinInfoPinInfoPinState)		WWAN_TRACE_FLAG_DIM	task_0	Informational		
Microsoft-Windows-WwanProtDim_63b898b4cb6f373be0297c41cb660be6	280	0	task_0280(HexInt32 A10_pPinInfoPinInfoAttemptsRemaining)		WWAN_TRACE_FLAG_DIM	task_0	Informational		
Microsoft-Windows-WwanProtDim_63b898b4cb6f373be0297c41cb660be6	281	0	task_0281(UnicodeString A10_PinModeToStringpinDescPinMode, HexInt32 A11_pinDescPinMode)		WWAN_TRACE_FLAG_DIM	task_0	Informational		
Microsoft-Windows-WwanProtDim_63b898b4cb6f373be0297c41cb660be6	282	0	task_0282(UnicodeString A10_PinFormatToStringpinDescPinFormat, HexInt32 A11_pinDescPinFormat)		WWAN_TRACE_FLAG_DIM	task_0	Informational		
Microsoft-Windows-WwanProtDim_63b898b4cb6f373be0297c41cb660be6	283	0	task_0283(HexInt32 A10_pinDescPinLengthMin)		WWAN_TRACE_FLAG_DIM	task_0	Informational		
Microsoft-Windows-WwanProtDim_63b898b4cb6f373be0297c41cb660be6	284	0	task_0284(HexInt32 A10_pinDescPinLengthMax)		WWAN_TRACE_FLAG_DIM	task_0	Informational		
Microsoft-Windows-WwanProtDim_63b898b4cb6f373be0297c41cb660be6	285	0	task_0285(HexInt32 A10_len, HexInt32 A11_rlen)		WWAN_TRACE_FLAG_DIM	task_0	Informational		
Microsoft-Windows-WwanProtDim_63b898b4cb6f373be0297c41cb660be6	286	0	task_0286(HexInt32 A10_pPinListuStatus)		WWAN_TRACE_FLAG_DIM	task_0	Informational		
Microsoft-Windows-WwanProtDim_63b898b4cb6f373be0297c41cb660be6	287	0	task_0287()		WWAN_TRACE_FLAG_DIM	task_0	Informational		
Microsoft-Windows-WwanProtDim_63b898b4cb6f373be0297c41cb660be6	288	0	task_0288()		WWAN_TRACE_FLAG_DIM	task_0	Informational		
Microsoft-Windows-WwanProtDim_63b898b4cb6f373be0297c41cb660be6	289	0	task_0289()		WWAN_TRACE_FLAG_DIM	task_0	Informational		
Microsoft-Windows-WwanProtDim_63b898b4cb6f373be0297c41cb660be6	290	0	task_0290()		WWAN_TRACE_FLAG_DIM	task_0	Informational		
Microsoft-Windows-WwanProtDim_63b898b4cb6f373be0297c41cb660be6	291	0	task_0291()		WWAN_TRACE_FLAG_DIM	task_0	Informational		
Microsoft-Windows-WwanProtDim_63b898b4cb6f373be0297c41cb660be6	292	0	task_0292()		WWAN_TRACE_FLAG_DIM	task_0	Informational		
Microsoft-Windows-WwanProtDim_63b898b4cb6f373be0297c41cb660be6	293	0	task_0293()		WWAN_TRACE_FLAG_DIM	task_0	Informational		
Microsoft-Windows-WwanProtDim_63b898b4cb6f373be0297c41cb660be6	294	0	task_0294()		WWAN_TRACE_FLAG_DIM	task_0	Informational		
Microsoft-Windows-WwanProtDim_63b898b4cb6f373be0297c41cb660be6	295	0	task_0295()		WWAN_TRACE_FLAG_DIM	task_0	Informational		
Microsoft-Windows-WwanProtDim_63b898b4cb6f373be0297c41cb660be6	296	0	task_0296(HexInt32 A10_len, HexInt32 A11_rlen)		WWAN_TRACE_FLAG_DIM	task_0	Informational		
Microsoft-Windows-WwanProtDim_63b898b4cb6f373be0297c41cb660be6	297	0	task_0297(HexInt32 A10_pHomeProvideruStatus)		WWAN_TRACE_FLAG_DIM	task_0	Informational		
Microsoft-Windows-WwanProtDim_63b898b4cb6f373be0297c41cb660be6	298	0	task_0298(HexInt32 A10_len, HexInt32 A11_rlen)		WWAN_TRACE_FLAG_DIM	task_0	Informational		
Microsoft-Windows-WwanProtDim_63b898b4cb6f373be0297c41cb660be6	299	0	task_0299(HexInt32 A10_pPreferredProvidersuStatus)		WWAN_TRACE_FLAG_DIM	task_0	Informational		
Microsoft-Windows-WwanProtDim_63b898b4cb6f373be0297c41cb660be6	300	0	task_0300(HexInt32 A10_pPreferredProvidersPreferredListHeaderElementType)		WWAN_TRACE_FLAG_DIM	task_0	Informational		
Microsoft-Windows-WwanProtDim_63b898b4cb6f373be0297c41cb660be6	301	0	task_0301(HexInt32 A10_pPreferredProvidersPreferredListHeaderElementCount)		WWAN_TRACE_FLAG_DIM	task_0	Informational		
Microsoft-Windows-WwanProtDim_63b898b4cb6f373be0297c41cb660be6	302	0	task_0302(HexInt32 A10_len, HexInt32 A11_rlen)		WWAN_TRACE_FLAG_DIM	task_0	Informational		
Microsoft-Windows-WwanProtDim_63b898b4cb6f373be0297c41cb660be6	303	0	task_0303(HexInt32 A10_pPreferredProvidersuStatus)		WWAN_TRACE_FLAG_DIM	task_0	Informational		
Microsoft-Windows-WwanProtDim_63b898b4cb6f373be0297c41cb660be6	304	0	task_0304(HexInt32 A10_pPreferredProvidersPreferredListHeaderElementType)		WWAN_TRACE_FLAG_DIM	task_0	Informational		
Microsoft-Windows-WwanProtDim_63b898b4cb6f373be0297c41cb660be6	305	0	task_0305(HexInt32 A10_pPreferredProvidersPreferredListHeaderElementCount)		WWAN_TRACE_FLAG_DIM	task_0	Informational		
Microsoft-Windows-WwanProtDim_63b898b4cb6f373be0297c41cb660be6	306	0	task_0306(HexInt32 A10_len, HexInt32 A11_rlen)		WWAN_TRACE_FLAG_DIM	task_0	Informational		
Microsoft-Windows-WwanProtDim_63b898b4cb6f373be0297c41cb660be6	307	0	task_0307(HexInt32 A10_pVisibleProvidersuStatus)		WWAN_TRACE_FLAG_DIM	task_0	Informational		
Microsoft-Windows-WwanProtDim_63b898b4cb6f373be0297c41cb660be6	308	0	task_0308(HexInt32 A10_pVisibleProvidersVisibleListHeaderElementType)		WWAN_TRACE_FLAG_DIM	task_0	Informational		
Microsoft-Windows-WwanProtDim_63b898b4cb6f373be0297c41cb660be6	309	0	task_0309(HexInt32 A10_pVisibleProvidersVisibleListHeaderElementCount)		WWAN_TRACE_FLAG_DIM	task_0	Informational		
Microsoft-Windows-WwanProtDim_63b898b4cb6f373be0297c41cb660be6	310	0	task_0310(HexInt32 A10_len, HexInt32 A11_rlen)		WWAN_TRACE_FLAG_DIM	task_0	Informational		
Microsoft-Windows-WwanProtDim_63b898b4cb6f373be0297c41cb660be6	311	0	task_0311(HexInt32 A10_pRegisterStateuStatus)		WWAN_TRACE_FLAG_DIM	task_0	Informational		
Microsoft-Windows-WwanProtDim_63b898b4cb6f373be0297c41cb660be6	312	0	task_0312(HexInt32 A10_pRegisterStateRegistrationStateuNwError)		WWAN_TRACE_FLAG_DIM	task_0	Informational		
Microsoft-Windows-WwanProtDim_63b898b4cb6f373be0297c41cb660be6	313	0	task_0313(UnicodeString A10_RegisterStateToStringpRegisterStateRegistrationStateRegisterState, HexInt32 A11_pRegisterStateRegistrationStateRegisterState)		WWAN_TRACE_FLAG_DIM	task_0	Informational		
Microsoft-Windows-WwanProtDim_63b898b4cb6f373be0297c41cb660be6	314	0	task_0314(UnicodeString A10_RegisterModeToStringpRegisterStateRegistrationStateRegisterMode, HexInt32 A11_pRegisterStateRegistrationStateRegisterMode)		WWAN_TRACE_FLAG_DIM	task_0	Informational		
Microsoft-Windows-WwanProtDim_63b898b4cb6f373be0297c41cb660be6	315	0	task_0315(UnicodeString A10_pRegisterStateRegistrationStateProviderId)		WWAN_TRACE_FLAG_DIM	task_0	Informational		
Microsoft-Windows-WwanProtDim_63b898b4cb6f373be0297c41cb660be6	316	0	task_0316(UnicodeString A10_pRegisterStateRegistrationStateProviderName)		WWAN_TRACE_FLAG_DIM	task_0	Informational		
Microsoft-Windows-WwanProtDim_63b898b4cb6f373be0297c41cb660be6	317	0	task_0317(UnicodeString A10_pRegisterStateRegistrationStateRoamingText)		WWAN_TRACE_FLAG_DIM	task_0	Informational		
Microsoft-Windows-WwanProtDim_63b898b4cb6f373be0297c41cb660be6	318	0	task_0318(UnicodeString A10_RegFlagsToStringInBuffpRegisterStateRegistrationStateWwanRegFlagsBuffMAX_BUFFER_STRING, HexInt32 A11_pRegisterStateRegistrationStateWwanRegFlags)		WWAN_TRACE_FLAG_DIM	task_0	Informational		
Microsoft-Windows-WwanProtDim_63b898b4cb6f373be0297c41cb660be6	319	0	task_0319(UnicodeString A10_CellularClassToStringpRegisterStateRegistrationStateCurrentCellularClass, HexInt32 A11_pRegisterStateRegistrationStateCurrentCellularClass)		WWAN_TRACE_FLAG_DIM	task_0	Informational		
Microsoft-Windows-WwanProtDim_63b898b4cb6f373be0297c41cb660be6	320	0	task_0320(HexInt32 A10_pRegisterStateRegistrationStatePreferredDataClasses)		WWAN_TRACE_FLAG_DIM	task_0	Informational		
Microsoft-Windows-WwanProtDim_63b898b4cb6f373be0297c41cb660be6	321	0	task_0321(HexInt32 A10_len, HexInt32 A11_rlen)		WWAN_TRACE_FLAG_DIM	task_0	Informational		
Microsoft-Windows-WwanProtDim_63b898b4cb6f373be0297c41cb660be6	322	0	task_0322(HexInt32 A10_pPacketServiceStateuStatus)		WWAN_TRACE_FLAG_DIM	task_0	Informational		
Microsoft-Windows-WwanProtDim_63b898b4cb6f373be0297c41cb660be6	323	0	task_0323(HexInt32 A10_pPacketServiceStatePacketServiceuNwError)		WWAN_TRACE_FLAG_DIM	task_0	Informational		
Microsoft-Windows-WwanProtDim_63b898b4cb6f373be0297c41cb660be6	324	0	task_0324(UnicodeString A10_PacketServiceStateToStringpPacketServiceStatePacketServicePacketServiceState, HexInt32 A11_pPacketServiceStatePacketServicePacketServiceState)		WWAN_TRACE_FLAG_DIM	task_0	Informational		
Microsoft-Windows-WwanProtDim_63b898b4cb6f373be0297c41cb660be6	325	0	task_0325(HexInt32 A10_pPacketServiceStatePacketServiceAvailableDataClass)		WWAN_TRACE_FLAG_DIM	task_0	Informational		
Microsoft-Windows-WwanProtDim_63b898b4cb6f373be0297c41cb660be6	326	0	task_0326(HexInt32 A10_pPacketServiceStatePacketServiceCurrentDataClass)		WWAN_TRACE_FLAG_DIM	task_0	Informational		
Microsoft-Windows-WwanProtDim_63b898b4cb6f373be0297c41cb660be6	327	0	task_0327(UnicodeString A10_FrequencyRangeToStringpPacketServiceStatePacketServiceFrequencyRange)		WWAN_TRACE_FLAG_DIM	task_0	Informational		
Microsoft-Windows-WwanProtDim_63b898b4cb6f373be0297c41cb660be6	328	0	task_0328(HexInt32 A10_len, HexInt32 A11_rlen)		WWAN_TRACE_FLAG_DIM	task_0	Verbose		
Microsoft-Windows-WwanProtDim_63b898b4cb6f373be0297c41cb660be6	329	0	task_0329(HexInt32 A10_pSignalStateuStatus)		WWAN_TRACE_FLAG_DIM	task_0	Informational		
Microsoft-Windows-WwanProtDim_63b898b4cb6f373be0297c41cb660be6	330	0	task_0330(HexInt32 A10_pSignalStateSignalStateRssi)		WWAN_TRACE_FLAG_DIM	task_0	Informational		
Microsoft-Windows-WwanProtDim_63b898b4cb6f373be0297c41cb660be6	331	0	task_0331(HexInt32 A10_pSignalStateSignalStateErrorRate)		WWAN_TRACE_FLAG_DIM	task_0	Informational		
Microsoft-Windows-WwanProtDim_63b898b4cb6f373be0297c41cb660be6	332	0	task_0332(HexInt32 A10_pSignalStateSignalStateRssiInterval)		WWAN_TRACE_FLAG_DIM	task_0	Informational		
Microsoft-Windows-WwanProtDim_63b898b4cb6f373be0297c41cb660be6	333	0	task_0333(HexInt32 A10_pSignalStateSignalStateRssiThreshold)		WWAN_TRACE_FLAG_DIM	task_0	Informational		
Microsoft-Windows-WwanProtDim_63b898b4cb6f373be0297c41cb660be6	334	0	task_0334(HexInt32 A10_pSignalStateSignalStateSignalStateListHeaderElementType)		WWAN_TRACE_FLAG_DIM	task_0	Informational		
Microsoft-Windows-WwanProtDim_63b898b4cb6f373be0297c41cb660be6	335	0	task_0335(HexInt32 A10_pSignalStateSignalStateSignalStateListHeaderElementCount)		WWAN_TRACE_FLAG_DIM	task_0	Informational		
Microsoft-Windows-WwanProtDim_63b898b4cb6f373be0297c41cb660be6	336	0	task_0336(Int32 A10_pRSRP)		WWAN_TRACE_FLAG_DIM	task_0	Informational		
Microsoft-Windows-WwanProtDim_63b898b4cb6f373be0297c41cb660be6	337	0	task_0337(HexInt32 A10_pRSRPThreshold)		WWAN_TRACE_FLAG_DIM	task_0	Informational		
Microsoft-Windows-WwanProtDim_63b898b4cb6f373be0297c41cb660be6	338	0	task_0338(Int32 A10_pSNR)		WWAN_TRACE_FLAG_DIM	task_0	Informational		
Microsoft-Windows-WwanProtDim_63b898b4cb6f373be0297c41cb660be6	339	0	task_0339(HexInt32 A10_pSNRThreshold)		WWAN_TRACE_FLAG_DIM	task_0	Informational		
Microsoft-Windows-WwanProtDim_63b898b4cb6f373be0297c41cb660be6	340	0	task_0340(UnicodeString A10_DataClassToStringInBuffpDataClassBuffMAX_BUFFER_STRING, HexInt32 A11_pDataClass)		WWAN_TRACE_FLAG_DIM	task_0	Informational		
Microsoft-Windows-WwanProtDim_63b898b4cb6f373be0297c41cb660be6	341	0	task_0341(HexInt32 A10_len, HexInt32 A11_rlen)		WWAN_TRACE_FLAG_DIM	task_0	Informational		
Microsoft-Windows-WwanProtDim_63b898b4cb6f373be0297c41cb660be6	342	0	task_0342(HexInt32 A10_pProvisionedContextsuStatus)		WWAN_TRACE_FLAG_DIM	task_0	Informational		
Microsoft-Windows-WwanProtDim_63b898b4cb6f373be0297c41cb660be6	343	0	task_0343(HexInt32 A10_pProvisionedContextsContextListHeaderElementType)		WWAN_TRACE_FLAG_DIM	task_0	Informational		
Microsoft-Windows-WwanProtDim_63b898b4cb6f373be0297c41cb660be6	344	0	task_0344(HexInt32 A10_pProvisionedContextsContextListHeaderElementCount)		WWAN_TRACE_FLAG_DIM	task_0	Informational		
Microsoft-Windows-WwanProtDim_63b898b4cb6f373be0297c41cb660be6	345	0	task_0345(HexInt32 A10_pContextId)		WWAN_TRACE_FLAG_DIM	task_0	Informational		
Microsoft-Windows-WwanProtDim_63b898b4cb6f373be0297c41cb660be6	346	0	task_0346(UnicodeString A10_ContextTypeToStringpContextType, HexInt32 A11_pContextType)		WWAN_TRACE_FLAG_DIM	task_0	Informational		
Microsoft-Windows-WwanProtDim_63b898b4cb6f373be0297c41cb660be6	347	0	task_0347(UnicodeString A10_pAccessString)		WWAN_TRACE_FLAG_DIM	task_0	Informational		
Microsoft-Windows-WwanProtDim_63b898b4cb6f373be0297c41cb660be6	348	0	task_0348(UnicodeString A10_CompressionTypeToStringpCompression, HexInt32 A11_pCompression)		WWAN_TRACE_FLAG_DIM	task_0	Informational		
Microsoft-Windows-WwanProtDim_63b898b4cb6f373be0297c41cb660be6	349	0	task_0349(UnicodeString A10_AuthenticationProtocolTypeToStringpAuthType, HexInt32 A11_pAuthType)		WWAN_TRACE_FLAG_DIM	task_0	Informational		
Microsoft-Windows-WwanProtDim_63b898b4cb6f373be0297c41cb660be6	350	0	task_0350(HexInt32 A10_len)		WWAN_TRACE_FLAG_DIM	task_0	Error		
Microsoft-Windows-WwanProtDim_63b898b4cb6f373be0297c41cb660be6	351	0	task_0351(Int32 A10_pContextStateHeaderRevision)		WWAN_TRACE_FLAG_DIM	task_0	Error		
Microsoft-Windows-WwanProtDim_63b898b4cb6f373be0297c41cb660be6	352	0	task_0352(HexInt32 A10_len, HexInt32 A11_rlen)		WWAN_TRACE_FLAG_DIM	task_0	Error		
Microsoft-Windows-WwanProtDim_63b898b4cb6f373be0297c41cb660be6	353	0	task_0353(HexInt32 A10_pContextStateuStatus)		WWAN_TRACE_FLAG_DIM	task_0	Informational		
Microsoft-Windows-WwanProtDim_63b898b4cb6f373be0297c41cb660be6	354	0	task_0354(HexInt32 A10_pContextStateContextStateuNwError)		WWAN_TRACE_FLAG_DIM	task_0	Informational		
Microsoft-Windows-WwanProtDim_63b898b4cb6f373be0297c41cb660be6	355	0	task_0355(HexInt32 A10_pContextStateContextStateConnectionId)		WWAN_TRACE_FLAG_DIM	task_0	Informational		
Microsoft-Windows-WwanProtDim_63b898b4cb6f373be0297c41cb660be6	356	0	task_0356(UnicodeString A10_ActivationStateToStringpContextStateContextStateActivationState, HexInt32 A11_pContextStateContextStateActivationState)		WWAN_TRACE_FLAG_DIM	task_0	Informational		
Microsoft-Windows-WwanProtDim_63b898b4cb6f373be0297c41cb660be6	357	0	task_0357(UnicodeString A10_VoiceCallStateToStringpContextStateContextStateVoiceCallState, HexInt32 A11_pContextStateContextStateVoiceCallState)		WWAN_TRACE_FLAG_DIM	task_0	Informational		
Microsoft-Windows-WwanProtDim_63b898b4cb6f373be0297c41cb660be6	358	0	task_0358(UnicodeString A10_IPTypeToStringpContextStateContextStateIPType, HexInt32 A11_pContextStateContextStateIPType)		WWAN_TRACE_FLAG_DIM	task_0	Informational		
Microsoft-Windows-WwanProtDim_63b898b4cb6f373be0297c41cb660be6	359	0	task_0359(UnicodeString A10_ConnectionMediaToStringpContextStateContextStateConnectionMedia, HexInt32 A11_pContextStateContextStateConnectionMedia)		WWAN_TRACE_FLAG_DIM	task_0	Informational		
Microsoft-Windows-WwanProtDim_63b898b4cb6f373be0297c41cb660be6	360	0	task_0360(UnicodeString A10_pContextStateContextStateAccessString)		WWAN_TRACE_FLAG_DIM	task_0	Informational		
Microsoft-Windows-WwanProtDim_63b898b4cb6f373be0297c41cb660be6	361	0	task_0361(HexInt32 A10_pContextStateContextStateFoundMatchingConnectionId)		WWAN_TRACE_FLAG_DIM	task_0	Informational		
Microsoft-Windows-WwanProtDim_63b898b4cb6f373be0297c41cb660be6	362	0	task_0362(HexInt32 A10_pContextStateContextStateTrafficParametersOffset)		WWAN_TRACE_FLAG_DIM	task_0	Informational		
Microsoft-Windows-WwanProtDim_63b898b4cb6f373be0297c41cb660be6	363	0	task_0363(HexInt32 A10_pContextStateContextStateTrafficParametersSize)		WWAN_TRACE_FLAG_DIM	task_0	Informational		
Microsoft-Windows-WwanProtDim_63b898b4cb6f373be0297c41cb660be6	364	0	task_0364(HexInt32 A10_len, HexInt32 A11_sizeofNDIS_WWAN_SMS_CONFIGURATION)		WWAN_TRACE_FLAG_DIM	task_0	Error		
Microsoft-Windows-WwanProtDim_63b898b4cb6f373be0297c41cb660be6	365	0	task_0365(HexInt32 A10_pNdisSmsConfigurationuStatus)		WWAN_TRACE_FLAG_DIM	task_0	Informational		
Microsoft-Windows-WwanProtDim_63b898b4cb6f373be0297c41cb660be6	366	0	task_0366(AnsiString A10_pNdisSmsConfigurationSmsConfigurationScAddress)		WWAN_TRACE_FLAG_DIM	task_0	Informational		
Microsoft-Windows-WwanProtDim_63b898b4cb6f373be0297c41cb660be6	367	0	task_0367(UnicodeString A10_SmsFormatToStringpNdisSmsConfigurationSmsConfigurationSmsFormat, HexInt32 A11_pNdisSmsConfigurationSmsConfigurationSmsFormat)		WWAN_TRACE_FLAG_DIM	task_0	Informational		
Microsoft-Windows-WwanProtDim_63b898b4cb6f373be0297c41cb660be6	368	0	task_0368(Int32 A10_pNdisSmsConfigurationSmsConfigurationulMaxMessageIndex)		WWAN_TRACE_FLAG_DIM	task_0	Informational		
Microsoft-Windows-WwanProtDim_63b898b4cb6f373be0297c41cb660be6	369	0	task_0369(HexInt32 A10_len, HexInt32 A11_sizeofNDIS_WWAN_SMS_RECEIVE)		WWAN_TRACE_FLAG_DIM	task_0	Error		
Microsoft-Windows-WwanProtDim_63b898b4cb6f373be0297c41cb660be6	370	0	task_0370(HexInt32 A10_pNdisSmsReceiveuStatus)		WWAN_TRACE_FLAG_DIM	task_0	Informational		
Microsoft-Windows-WwanProtDim_63b898b4cb6f373be0297c41cb660be6	371	0	task_0371(HexInt32 A10_len, HexInt32 A11_sizeofNDIS_WWAN_SMS_SEND_STATUS)		WWAN_TRACE_FLAG_DIM	task_0	Error		
Microsoft-Windows-WwanProtDim_63b898b4cb6f373be0297c41cb660be6	372	0	task_0372(HexInt32 A10_pNdisSmsSenduStatus)		WWAN_TRACE_FLAG_DIM	task_0	Informational		
Microsoft-Windows-WwanProtDim_63b898b4cb6f373be0297c41cb660be6	373	0	task_0373(Int32 A10_pNdisSmsSendMessageReference)		WWAN_TRACE_FLAG_DIM	task_0	Informational		
Microsoft-Windows-WwanProtDim_63b898b4cb6f373be0297c41cb660be6	374	0	task_0374(HexInt32 A10_len, HexInt32 A11_sizeofNDIS_WWAN_SMS_DELETE_STATUS)		WWAN_TRACE_FLAG_DIM	task_0	Error		
Microsoft-Windows-WwanProtDim_63b898b4cb6f373be0297c41cb660be6	375	0	task_0375(HexInt32 A10_pNdisSmsDeleteuStatus)		WWAN_TRACE_FLAG_DIM	task_0	Informational		
Microsoft-Windows-WwanProtDim_63b898b4cb6f373be0297c41cb660be6	376	0	task_0376(HexInt32 A10_len, HexInt32 A11_sizeofNDIS_WWAN_SMS_STATUS)		WWAN_TRACE_FLAG_DIM	task_0	Error		
Microsoft-Windows-WwanProtDim_63b898b4cb6f373be0297c41cb660be6	377	0	task_0377(HexInt32 A10_pNdisSmsStatusuStatus)		WWAN_TRACE_FLAG_DIM	task_0	Informational		
Microsoft-Windows-WwanProtDim_63b898b4cb6f373be0297c41cb660be6	378	0	task_0378(HexInt32 A10_pNdisSmsStatusSmsStatusuFlag)		WWAN_TRACE_FLAG_DIM	task_0	Informational		
Microsoft-Windows-WwanProtDim_63b898b4cb6f373be0297c41cb660be6	379	0	task_0379(Int32 A10_pNdisSmsStatusSmsStatusMessageIndex)		WWAN_TRACE_FLAG_DIM	task_0	Informational		
Microsoft-Windows-WwanProtDim_63b898b4cb6f373be0297c41cb660be6	380	0	task_0380(Int32 A10_len)		WWAN_TRACE_FLAG_DIM	task_0	Informational		
Microsoft-Windows-WwanProtDim_63b898b4cb6f373be0297c41cb660be6	381	0	task_0381(HexInt32 A10_len, HexInt32 A11_sizeofNDIS_WWAN_AUTH_RESPONSE)		WWAN_TRACE_FLAG_DIM	task_0	Error		
Microsoft-Windows-WwanProtDim_63b898b4cb6f373be0297c41cb660be6	382	0	task_0382(HexInt32 A10_pNdisAuthResponseuStatus)		WWAN_TRACE_FLAG_DIM	task_0	Informational		
Microsoft-Windows-WwanProtDim_63b898b4cb6f373be0297c41cb660be6	383	0	task_0383(HexInt32 A10_len, HexInt32 A11_sizeofNDIS_WWAN_USSD_EVENT)		WWAN_TRACE_FLAG_DIM	task_0	Error		
Microsoft-Windows-WwanProtDim_63b898b4cb6f373be0297c41cb660be6	384	0	task_0384(HexInt32 A10_pNdisUssdEventuStatus)		WWAN_TRACE_FLAG_DIM	task_0	Informational		
Microsoft-Windows-WwanProtDim_63b898b4cb6f373be0297c41cb660be6	385	0	task_0385()		WWAN_TRACE_FLAG_DIM	task_0	Informational		
Microsoft-Windows-WwanProtDim_63b898b4cb6f373be0297c41cb660be6	386	0	task_0386()		WWAN_TRACE_FLAG_DIM	task_0	Informational		
Microsoft-Windows-WwanProtDim_63b898b4cb6f373be0297c41cb660be6	387	0	task_0387()		WWAN_TRACE_FLAG_DIM	task_0	Informational		
Microsoft-Windows-WwanProtDim_63b898b4cb6f373be0297c41cb660be6	388	0	task_0388()		WWAN_TRACE_FLAG_DIM	task_0	Informational		
Microsoft-Windows-WwanProtDim_63b898b4cb6f373be0297c41cb660be6	389	0	task_0389()		WWAN_TRACE_FLAG_DIM	task_0	Informational		
Microsoft-Windows-WwanProtDim_63b898b4cb6f373be0297c41cb660be6	390	0	task_0390()		WWAN_TRACE_FLAG_DIM	task_0	Informational		
Microsoft-Windows-WwanProtDim_63b898b4cb6f373be0297c41cb660be6	391	0	task_0391(UInt32 A10_pNdisUssdEventUssdEventEventType)		WWAN_TRACE_FLAG_DIM	task_0	Informational		
Microsoft-Windows-WwanProtDim_63b898b4cb6f373be0297c41cb660be6	392	0	task_0392()		WWAN_TRACE_FLAG_DIM	task_0	Informational		
Microsoft-Windows-WwanProtDim_63b898b4cb6f373be0297c41cb660be6	393	0	task_0393()		WWAN_TRACE_FLAG_DIM	task_0	Informational		
Microsoft-Windows-WwanProtDim_63b898b4cb6f373be0297c41cb660be6	394	0	task_0394(UInt32 A10_pNdisUssdEventUssdEventSessionState)		WWAN_TRACE_FLAG_DIM	task_0	Informational		
Microsoft-Windows-WwanProtDim_63b898b4cb6f373be0297c41cb660be6	395	0	task_0395(HexInt32 A10_unsignedpNdisUssdEventUssdEventUssdStringDataCodingScheme)		WWAN_TRACE_FLAG_DIM	task_0	Informational		
Microsoft-Windows-WwanProtDim_63b898b4cb6f373be0297c41cb660be6	396	0	task_0396(UInt32 A10_unsignedpNdisUssdEventUssdEventUssdStringStringLength)		WWAN_TRACE_FLAG_DIM	task_0	Informational		
Microsoft-Windows-WwanProtDim_63b898b4cb6f373be0297c41cb660be6	397	0	task_0397(HexInt32 A10_len, HexInt32 A11_sizeofNDIS_WWAN_SUPPORTED_DEVICE_SERVICES)		WWAN_TRACE_FLAG_DIM	task_0	Error		
Microsoft-Windows-WwanProtDim_63b898b4cb6f373be0297c41cb660be6	398	0	task_0398(HexInt32 A10_pDeviceServicesuStatus)		WWAN_TRACE_FLAG_DIM	task_0	Informational		
Microsoft-Windows-WwanProtDim_63b898b4cb6f373be0297c41cb660be6	399	0	task_0399(HexInt32 A10_pDeviceServicesDeviceServicesuMaxCommandDataSize)		WWAN_TRACE_FLAG_DIM	task_0	Informational		
Microsoft-Windows-WwanProtDim_63b898b4cb6f373be0297c41cb660be6	400	0	task_0400(HexInt32 A10_pDeviceServicesDeviceServicesuMaxSessionDataSize)		WWAN_TRACE_FLAG_DIM	task_0	Informational		
Microsoft-Windows-WwanProtDim_63b898b4cb6f373be0297c41cb660be6	401	0	task_0401(HexInt32 A10_pDeviceServicesDeviceServicesuMaxSessionCount)		WWAN_TRACE_FLAG_DIM	task_0	Informational		
Microsoft-Windows-WwanProtDim_63b898b4cb6f373be0297c41cb660be6	402	0	task_0402(HexInt32 A10_pDeviceServicesDeviceServicesListHeaderElementType)		WWAN_TRACE_FLAG_DIM	task_0	Informational		
Microsoft-Windows-WwanProtDim_63b898b4cb6f373be0297c41cb660be6	403	0	task_0403(HexInt32 A10_pDeviceServicesDeviceServicesListHeaderElementCount)		WWAN_TRACE_FLAG_DIM	task_0	Informational		
Microsoft-Windows-WwanProtDim_63b898b4cb6f373be0297c41cb660be6	404	0	task_0404(GUID A10__pServiceEntryDeviceServiceGuid)		WWAN_TRACE_FLAG_DIM	task_0	Informational		
Microsoft-Windows-WwanProtDim_63b898b4cb6f373be0297c41cb660be6	405	0	task_0405(Int32 A10_pServiceEntryuMaxSessionInstances)		WWAN_TRACE_FLAG_DIM	task_0	Informational		
Microsoft-Windows-WwanProtDim_63b898b4cb6f373be0297c41cb660be6	406	0	task_0406(Int32 A10_pServiceEntrySessionCapability)		WWAN_TRACE_FLAG_DIM	task_0	Informational		
Microsoft-Windows-WwanProtDim_63b898b4cb6f373be0297c41cb660be6	407	0	task_0407(HexInt32 A10_len, HexInt32 A11_sizeofNDIS_WWAN_DEVICE_SERVICE_RESPONSE)		WWAN_TRACE_FLAG_DIM	task_0	Error		
Microsoft-Windows-WwanProtDim_63b898b4cb6f373be0297c41cb660be6	408	0	task_0408(HexInt32 A10_pDeviceServiceuStatus)		WWAN_TRACE_FLAG_DIM	task_0	Informational		
Microsoft-Windows-WwanProtDim_63b898b4cb6f373be0297c41cb660be6	409	0	task_0409(GUID A10__pDeviceServiceResponseDeviceServiceGuid)		WWAN_TRACE_FLAG_DIM	task_0	Informational		
Microsoft-Windows-WwanProtDim_63b898b4cb6f373be0297c41cb660be6	410	0	task_0410(HexInt32 A10_pDeviceServiceResponseResponseID)		WWAN_TRACE_FLAG_DIM	task_0	Informational		
Microsoft-Windows-WwanProtDim_63b898b4cb6f373be0297c41cb660be6	411	0	task_0411(Int32 A10_pDeviceServiceResponseuDataSize)		WWAN_TRACE_FLAG_DIM	task_0	Informational		
Microsoft-Windows-WwanProtDim_63b898b4cb6f373be0297c41cb660be6	412	0	task_0412(HexInt32 A10_len, HexInt32 A11_sizeofNDIS_WWAN_DEVICE_SERVICE_EVENT)		WWAN_TRACE_FLAG_DIM	task_0	Error		
Microsoft-Windows-WwanProtDim_63b898b4cb6f373be0297c41cb660be6	413	0	task_0413(GUID A10__pDeviceServiceEventDeviceServiceGuid)		WWAN_TRACE_FLAG_DIM	task_0	Informational		
Microsoft-Windows-WwanProtDim_63b898b4cb6f373be0297c41cb660be6	414	0	task_0414(HexInt32 A10_pDeviceServiceEventEventID)		WWAN_TRACE_FLAG_DIM	task_0	Informational		
Microsoft-Windows-WwanProtDim_63b898b4cb6f373be0297c41cb660be6	415	0	task_0415(Int32 A10_pDeviceServiceEventuDataSize)		WWAN_TRACE_FLAG_DIM	task_0	Informational		
Microsoft-Windows-WwanProtDim_63b898b4cb6f373be0297c41cb660be6	416	0	task_0416(HexInt32 A10_len, HexInt32 A11_sizeofNDIS_WWAN_DEVICE_SERVICE_SUBSCRIPTION)		WWAN_TRACE_FLAG_DIM	task_0	Error		
Microsoft-Windows-WwanProtDim_63b898b4cb6f373be0297c41cb660be6	417	0	task_0417(HexInt32 A10_pDeviceServiceuStatus)		WWAN_TRACE_FLAG_DIM	task_0	Informational		
Microsoft-Windows-WwanProtDim_63b898b4cb6f373be0297c41cb660be6	418	0	task_0418(HexInt32 A10_len, HexInt32 A11_sizeofNDIS_WWAN_DEVICE_SERVICE_SUPPORTED_COMMANDS)		WWAN_TRACE_FLAG_DIM	task_0	Error		
Microsoft-Windows-WwanProtDim_63b898b4cb6f373be0297c41cb660be6	419	0	task_0419(HexInt32 A10_pDsSupportedCmdsuStatus)		WWAN_TRACE_FLAG_DIM	task_0	Informational		
Microsoft-Windows-WwanProtDim_63b898b4cb6f373be0297c41cb660be6	420	0	task_0420(GUID A10__pDsSupportedCmdsSupportedCommandsDeviceServiceGuid)		WWAN_TRACE_FLAG_DIM	task_0	Informational		
Microsoft-Windows-WwanProtDim_63b898b4cb6f373be0297c41cb660be6	421	0	task_0421(HexInt32 A10_pDsSupportedCmdsSupportedCommandsListHeaderElementType)		WWAN_TRACE_FLAG_DIM	task_0	Informational		
Microsoft-Windows-WwanProtDim_63b898b4cb6f373be0297c41cb660be6	422	0	task_0422(HexInt32 A10_pDsSupportedCmdsSupportedCommandsListHeaderElementCount)		WWAN_TRACE_FLAG_DIM	task_0	Informational		
Microsoft-Windows-WwanProtDim_63b898b4cb6f373be0297c41cb660be6	423	0	task_0423(HexInt32 A10_pDsSupportedCmdsSupportedCommandsListHeaderElementCount, HexInt32 A11_sizeofULONG, HexInt32 A12_hr)		WWAN_TRACE_FLAG_DIM	task_0	Error		
Microsoft-Windows-WwanProtDim_63b898b4cb6f373be0297c41cb660be6	424	0	task_0424(HexInt32 A10_reqLen, HexInt32 A11_sizeofNDIS_WWAN_DEVICE_SERVICE_SUPPORTED_COMMANDS, HexInt32 A12_hr)		WWAN_TRACE_FLAG_DIM	task_0	Error		
Microsoft-Windows-WwanProtDim_63b898b4cb6f373be0297c41cb660be6	425	0	task_0425(HexInt32 A10_len, HexInt32 A11_reqLen)		WWAN_TRACE_FLAG_DIM	task_0	Error		
Microsoft-Windows-WwanProtDim_63b898b4cb6f373be0297c41cb660be6	426	0	task_0426(Int32 A10_pCmdcmdIndex)		WWAN_TRACE_FLAG_DIM	task_0	Informational		
Microsoft-Windows-WwanProtDim_63b898b4cb6f373be0297c41cb660be6	427	0	task_0427(HexInt32 A10_len, HexInt32 A11_rlen)		WWAN_TRACE_FLAG_DIM	task_0	Informational		
Microsoft-Windows-WwanProtDim_63b898b4cb6f373be0297c41cb660be6	428	0	task_0428(Int32 A10_pPowerState)		WWAN_TRACE_FLAG_DIM	task_0	Informational		
Microsoft-Windows-WwanProtDim_63b898b4cb6f373be0297c41cb660be6	429	0	task_0429()		WWAN_TRACE_FLAG_DIM	task_0	Informational		
Microsoft-Windows-WwanProtDim_63b898b4cb6f373be0297c41cb660be6	430	0	task_0430(HexInt32 A10_len, HexInt32 A11_rlen)		WWAN_TRACE_FLAG_DIM	task_0	Informational		
Microsoft-Windows-WwanProtDim_63b898b4cb6f373be0297c41cb660be6	431	0	task_0431(HexInt32 A10_pReadyInfoFlags)		WWAN_TRACE_FLAG_DIM	task_0	Informational		
Microsoft-Windows-WwanProtDim_63b898b4cb6f373be0297c41cb660be6	432	0	task_0432(HexInt32 A10_len, HexInt32 A11_rlen)		WWAN_TRACE_FLAG_DIM	task_0	Informational		
Microsoft-Windows-WwanProtDim_63b898b4cb6f373be0297c41cb660be6	433	0	task_0433(HexInt32 A10_pPreshutdownStateuStatus)		WWAN_TRACE_FLAG_DIM	task_0	Informational		
Microsoft-Windows-WwanProtDim_63b898b4cb6f373be0297c41cb660be6	434	0	task_0434(HexInt32 A10_len, HexInt32 A11_rlen)		WWAN_TRACE_FLAG_DIM	task_0	Informational		
Microsoft-Windows-WwanProtDim_63b898b4cb6f373be0297c41cb660be6	435	0	task_0435(HexInt32 A10_pPsMediaProfStateuStatus)		WWAN_TRACE_FLAG_DIM	task_0	Informational		
Microsoft-Windows-WwanProtDim_63b898b4cb6f373be0297c41cb660be6	436	0	task_0436(HexInt32 A10_pPsMediaProfStatenNumItems)		WWAN_TRACE_FLAG_DIM	task_0	Informational		
Microsoft-Windows-WwanProtDim_63b898b4cb6f373be0297c41cb660be6	437	0	task_0437(HexInt32 A10_len, HexInt32 A11_rlen)		WWAN_TRACE_FLAG_DIM	task_0	Informational		
Microsoft-Windows-WwanProtDim_63b898b4cb6f373be0297c41cb660be6	438	0	task_0438(HexInt32 A10_pSarConfiguStatus)		WWAN_TRACE_FLAG_DIM	task_0	Informational		
Microsoft-Windows-WwanProtDim_63b898b4cb6f373be0297c41cb660be6	439	0	task_0439(HexInt32 A10_pSarConfigSarConfigSarMode, HexInt32 A11_pSarConfigSarConfigSarBackoffStatus, HexInt32 A12_pSarConfigSarConfigSarWifiIntegration)		WWAN_TRACE_FLAG_DIM	task_0	Informational		
Microsoft-Windows-WwanProtDim_63b898b4cb6f373be0297c41cb660be6	440	0	task_0440(HexInt32 A10_pSarConfigSarConfigSarConfigIndexListHeaderElementCount, HexInt32 A11_pSarConfigSarConfigSarConfigIndexListHeaderElementType)		WWAN_TRACE_FLAG_DIM	task_0	Informational		
Microsoft-Windows-WwanProtDim_63b898b4cb6f373be0297c41cb660be6	441	0	task_0441(HexInt32 A10_len, HexInt32 A11_rlen)		WWAN_TRACE_FLAG_DIM	task_0	Informational		
Microsoft-Windows-WwanProtDim_63b898b4cb6f373be0297c41cb660be6	442	0	task_0442(HexInt32 A10_pTransmissionStatusuStatus)		WWAN_TRACE_FLAG_DIM	task_0	Informational		
Microsoft-Windows-WwanProtDim_63b898b4cb6f373be0297c41cb660be6	443	0	task_0443(HexInt32 A10_pTransmissionStatusTransmissionStatusChannelNotification, HexInt32 A11_pTransmissionStatusTransmissionStatusTransmissionStatus, HexInt32 A12_pTransmissionStatusTransmissionStatusHysteresisTimer)		WWAN_TRACE_FLAG_DIM	task_0	Informational		
Microsoft-Windows-WwanProtDim_63b898b4cb6f373be0297c41cb660be6	444	0	task_0444(HexInt32 A10_len, HexInt32 A11_rlen)		WWAN_TRACE_FLAG_DIM	task_0	Informational		
Microsoft-Windows-WwanProtDim_63b898b4cb6f373be0297c41cb660be6	445	0	task_0445(HexInt32 A10_pLteAttachContextuStatus)		WWAN_TRACE_FLAG_DIM	task_0	Informational		
Microsoft-Windows-WwanProtDim_63b898b4cb6f373be0297c41cb660be6	446	0	task_0446(HexInt32 A10_len, HexInt32 A11_rlen)		WWAN_TRACE_FLAG_DIM	task_0	Informational		
Microsoft-Windows-WwanProtDim_63b898b4cb6f373be0297c41cb660be6	447	0	task_0447(HexInt32 A10_pLteAttachStatusuStatus)		WWAN_TRACE_FLAG_DIM	task_0	Informational		
Microsoft-Windows-WwanProtDim_63b898b4cb6f373be0297c41cb660be6	448	0	task_0448(HexInt32 A10_len, HexInt32 A11_rlen)		WWAN_TRACE_FLAG_DIM	task_0	Informational		
Microsoft-Windows-WwanProtDim_63b898b4cb6f373be0297c41cb660be6	449	0	task_0449(HexInt32 A10_pSysCapuStatus)		WWAN_TRACE_FLAG_DIM	task_0	Informational		
Microsoft-Windows-WwanProtDim_63b898b4cb6f373be0297c41cb660be6	450	0	task_0450(HexInt32 A10_pSysCapSysCapsInfoNumberOfExecutors)		WWAN_TRACE_FLAG_DIM	task_0	Informational		
Microsoft-Windows-WwanProtDim_63b898b4cb6f373be0297c41cb660be6	451	0	task_0451(HexInt32 A10_pSysCapSysCapsInfoNumberOfSlots)		WWAN_TRACE_FLAG_DIM	task_0	Informational		
Microsoft-Windows-WwanProtDim_63b898b4cb6f373be0297c41cb660be6	452	0	task_0452(HexInt32 A10_pSysCapSysCapsInfoConcurrency)		WWAN_TRACE_FLAG_DIM	task_0	Informational		
Microsoft-Windows-WwanProtDim_63b898b4cb6f373be0297c41cb660be6	453	0	task_0453(HexInt32 A10_ULONGpSysCapSysCapsInfoModemID32, HexInt32 A11_ULONGpSysCapSysCapsInfoModemID)		WWAN_TRACE_FLAG_DIM	task_0	Informational		
Microsoft-Windows-WwanProtDim_63b898b4cb6f373be0297c41cb660be6	454	0	task_0454(HexInt32 A10_len, HexInt32 A11_rlen)		WWAN_TRACE_FLAG_DIM	task_0	Informational		
Microsoft-Windows-WwanProtDim_63b898b4cb6f373be0297c41cb660be6	455	0	task_0455(HexInt32 A10_pSlotMappinguStatus)		WWAN_TRACE_FLAG_DIM	task_0	Informational		
Microsoft-Windows-WwanProtDim_63b898b4cb6f373be0297c41cb660be6	456	0	task_0456(HexInt32 A10_pSlotMappingDeviceSlotMappingInfoSlotMapListHeaderElementType)		WWAN_TRACE_FLAG_DIM	task_0	Informational		
Microsoft-Windows-WwanProtDim_63b898b4cb6f373be0297c41cb660be6	457	0	task_0457(HexInt32 A10_pSlotMappingDeviceSlotMappingInfoSlotMapListHeaderElementCount)		WWAN_TRACE_FLAG_DIM	task_0	Informational		
Microsoft-Windows-WwanProtDim_63b898b4cb6f373be0297c41cb660be6	458	0	task_0458(Int32 A10_i, Int32 A11_pMap)		WWAN_TRACE_FLAG_DIM	task_0	Informational		
Microsoft-Windows-WwanProtDim_63b898b4cb6f373be0297c41cb660be6	459	0	task_0459(HexInt32 A10_len, HexInt32 A11_rlen)		WWAN_TRACE_FLAG_DIM	task_0	Informational		
Microsoft-Windows-WwanProtDim_63b898b4cb6f373be0297c41cb660be6	460	0	task_0460(HexInt32 A10_pSlotInfouStatus)		WWAN_TRACE_FLAG_DIM	task_0	Informational		
Microsoft-Windows-WwanProtDim_63b898b4cb6f373be0297c41cb660be6	461	0	task_0461(HexInt32 A10_pSlotInfoSlotInfoSlotIndex)		WWAN_TRACE_FLAG_DIM	task_0	Informational		
Microsoft-Windows-WwanProtDim_63b898b4cb6f373be0297c41cb660be6	462	0	task_0462(UnicodeString A10_SlotStateToStringpSlotInfoSlotInfoState, HexInt32 A11_pSlotInfoSlotInfoState)		WWAN_TRACE_FLAG_DIM	task_0	Informational		
Microsoft-Windows-WwanProtDim_63b898b4cb6f373be0297c41cb660be6	463	0	task_0463(HexInt32 A10_len)		WWAN_TRACE_FLAG_DIM	task_0	Error		
Microsoft-Windows-WwanProtDim_63b898b4cb6f373be0297c41cb660be6	464	0	task_0464(Int32 A10_pDeviceCapsHeaderRevision)		WWAN_TRACE_FLAG_DIM	task_0	Informational		
Microsoft-Windows-WwanProtDim_63b898b4cb6f373be0297c41cb660be6	465	0	task_0465(HexInt32 A10_len, HexInt32 A11_rlen)		WWAN_TRACE_FLAG_DIM	task_0	Informational		
Microsoft-Windows-WwanProtDim_63b898b4cb6f373be0297c41cb660be6	466	0	task_0466(HexInt32 A10_pDeviceCapsuStatus)		WWAN_TRACE_FLAG_DIM	task_0	Informational		
Microsoft-Windows-WwanProtDim_63b898b4cb6f373be0297c41cb660be6	467	0	task_0467(UnicodeString A10_DeviceTypeToStringpCapsWwanDeviceType, HexInt32 A11_pCapsWwanDeviceType)		WWAN_TRACE_FLAG_DIM	task_0	Informational		
Microsoft-Windows-WwanProtDim_63b898b4cb6f373be0297c41cb660be6	468	0	task_0468(UnicodeString A10_CellularClassToStringpCapsWwanCellularClass, HexInt32 A11_pCapsWwanCellularClass)		WWAN_TRACE_FLAG_DIM	task_0	Informational		
Microsoft-Windows-WwanProtDim_63b898b4cb6f373be0297c41cb660be6	469	0	task_0469(UnicodeString A10_VoiceClassToStringpCapsWwanVoiceClass, HexInt32 A11_pCapsWwanVoiceClass)		WWAN_TRACE_FLAG_DIM	task_0	Informational		
Microsoft-Windows-WwanProtDim_63b898b4cb6f373be0297c41cb660be6	470	0	task_0470(UnicodeString A10_SimClassToStringpCapsWwanSimClass, HexInt32 A11_pCapsWwanSimClass)		WWAN_TRACE_FLAG_DIM	task_0	Informational		
Microsoft-Windows-WwanProtDim_63b898b4cb6f373be0297c41cb660be6	471	0	task_0471(UnicodeString A10_DataClassToStringInBuffpCapsWwanDataClassBuffMAX_BUFFER_STRING, HexInt32 A11_pCapsWwanDataClass)		WWAN_TRACE_FLAG_DIM	task_0	Informational		
Microsoft-Windows-WwanProtDim_63b898b4cb6f373be0297c41cb660be6	472	0	task_0472(UnicodeString A10_pCapsWwanDataClass_WWAN_DATA_CLASS_CUSTOMpCapsCustomDataClassLNOTUSEDFIELD)		WWAN_TRACE_FLAG_DIM	task_0	Informational		
Microsoft-Windows-WwanProtDim_63b898b4cb6f373be0297c41cb660be6	473	0	task_0473(UnicodeString A10_DataSubClassToStringInBuffULONGpDeviceCapsDeviceCapsWwanDataSubClassBuffMAX_BUFFER_STRING, HexInt32 A11_ULONGpDeviceCapsDeviceCapsWwanDataSubClass)		WWAN_TRACE_FLAG_DIM	task_0	Informational		
Microsoft-Windows-WwanProtDim_63b898b4cb6f373be0297c41cb660be6	474	0	task_0474(UnicodeString A10_GsmBandClassToStringInBuffpCapsWwanGsmBandClassBuffMAX_BUFFER_STRING, HexInt32 A11_pCapsWwanGsmBandClass)		WWAN_TRACE_FLAG_DIM	task_0	Informational		
Microsoft-Windows-WwanProtDim_63b898b4cb6f373be0297c41cb660be6	475	0	task_0475(UnicodeString A10_CdmaBandClassToStringInBuffpCapsWwanCdmaBandClassBuffMAX_BUFFER_STRING, HexInt32 A11_pCapsWwanCdmaBandClass)		WWAN_TRACE_FLAG_DIM	task_0	Informational		
Microsoft-Windows-WwanProtDim_63b898b4cb6f373be0297c41cb660be6	476	0	task_0476(UnicodeString A10_SmsCapsToStringInBuffpCapsWwanSmsCapsBuffMAX_BUFFER_STRING, HexInt32 A11_pCapsWwanSmsCaps)		WWAN_TRACE_FLAG_DIM	task_0	Informational		
Microsoft-Windows-WwanProtDim_63b898b4cb6f373be0297c41cb660be6	477	0	task_0477(UnicodeString A10_ControlCapsToStringInBuffpCapsWwanControlCapsBuffMAX_BUFFER_STRING, HexInt32 A11_pCapsWwanControlCaps)		WWAN_TRACE_FLAG_DIM	task_0	Informational		
Microsoft-Windows-WwanProtDim_63b898b4cb6f373be0297c41cb660be6	478	0	task_0478(UnicodeString A10_AuthAlgoCapsToStringInBuffpCapsWwanAuthAlgoCapsBuffMAX_BUFFER_STRING, HexInt32 A11_pCapsWwanControlCaps)		WWAN_TRACE_FLAG_DIM	task_0	Informational		
Microsoft-Windows-WwanProtDim_63b898b4cb6f373be0297c41cb660be6	479	0	task_0479(UnicodeString A10_ElementTypeToStringpCapsCellularClassListHeaderElementType, HexInt32 A11_pCapsCellularClassListHeaderElementType)		WWAN_TRACE_FLAG_DIM	task_0	Informational		
Microsoft-Windows-WwanProtDim_63b898b4cb6f373be0297c41cb660be6	480	0	task_0480(HexInt32 A10_pCapsCellularClassListHeaderElementCount)		WWAN_TRACE_FLAG_DIM	task_0	Informational		
Microsoft-Windows-WwanProtDim_63b898b4cb6f373be0297c41cb660be6	481	0	task_0481(UnicodeString A10_pCapsDeviceId)		WWAN_TRACE_FLAG_DIM	task_0	Informational		
Microsoft-Windows-WwanProtDim_63b898b4cb6f373be0297c41cb660be6	482	0	task_0482(UnicodeString A10_pCapsManufacturer)		WWAN_TRACE_FLAG_DIM	task_0	Informational		
Microsoft-Windows-WwanProtDim_63b898b4cb6f373be0297c41cb660be6	483	0	task_0483(UnicodeString A10_pCapsModel)		WWAN_TRACE_FLAG_DIM	task_0	Informational		
Microsoft-Windows-WwanProtDim_63b898b4cb6f373be0297c41cb660be6	484	0	task_0484(UnicodeString A10_pCapsFirmwareInfo)		WWAN_TRACE_FLAG_DIM	task_0	Informational		
Microsoft-Windows-WwanProtDim_63b898b4cb6f373be0297c41cb660be6	485	0	task_0485(HexInt32 A10_pCapsMaxActivatedContexts)		WWAN_TRACE_FLAG_DIM	task_0	Informational		
Microsoft-Windows-WwanProtDim_63b898b4cb6f373be0297c41cb660be6	486	0	task_0486(HexInt32 A10_pCapsExecutorIndex)		WWAN_TRACE_FLAG_DIM	task_0	Informational		
Microsoft-Windows-WwanProtDim_63b898b4cb6f373be0297c41cb660be6	487	0	task_0487()		WWAN_TRACE_FLAG_DIM	task_0	Informational		
Microsoft-Windows-WwanProtDim_63b898b4cb6f373be0297c41cb660be6	488	0	task_0488(UnicodeString A10_LSupported)		WWAN_TRACE_FLAG_DIM	task_0	Informational		
Microsoft-Windows-WwanProtDim_63b898b4cb6f373be0297c41cb660be6	489	0	task_0489(UnicodeString A10_LNotSupported)		WWAN_TRACE_FLAG_DIM	task_0	Informational		
Microsoft-Windows-WwanProtDim_63b898b4cb6f373be0297c41cb660be6	490	0	task_0490(UnicodeString A10_LSupported)		WWAN_TRACE_FLAG_DIM	task_0	Informational		
Microsoft-Windows-WwanProtDim_63b898b4cb6f373be0297c41cb660be6	491	0	task_0491(UnicodeString A10_LNotSupported)		WWAN_TRACE_FLAG_DIM	task_0	Informational		
Microsoft-Windows-WwanProtDim_63b898b4cb6f373be0297c41cb660be6	492	0	task_0492(UnicodeString A10_LSupported)		WWAN_TRACE_FLAG_DIM	task_0	Informational		
Microsoft-Windows-WwanProtDim_63b898b4cb6f373be0297c41cb660be6	493	0	task_0493(UnicodeString A10_LNotSupported)		WWAN_TRACE_FLAG_DIM	task_0	Informational		
Microsoft-Windows-WwanProtDim_63b898b4cb6f373be0297c41cb660be6	494	0	task_0494(UnicodeString A10_LSupported)		WWAN_TRACE_FLAG_DIM	task_0	Informational		
Microsoft-Windows-WwanProtDim_63b898b4cb6f373be0297c41cb660be6	495	0	task_0495(UnicodeString A10_LNotSupported)		WWAN_TRACE_FLAG_DIM	task_0	Informational		
Microsoft-Windows-WwanProtDim_63b898b4cb6f373be0297c41cb660be6	496	0	task_0496(UnicodeString A10_LSupported)		WWAN_TRACE_FLAG_DIM	task_0	Informational		
Microsoft-Windows-WwanProtDim_63b898b4cb6f373be0297c41cb660be6	497	0	task_0497(UnicodeString A10_LNotSupported)		WWAN_TRACE_FLAG_DIM	task_0	Informational		
Microsoft-Windows-WwanProtDim_63b898b4cb6f373be0297c41cb660be6	498	0	task_0498(UnicodeString A10_LSupported)		WWAN_TRACE_FLAG_DIM	task_0	Informational		
Microsoft-Windows-WwanProtDim_63b898b4cb6f373be0297c41cb660be6	499	0	task_0499(UnicodeString A10_LNotSupported)		WWAN_TRACE_FLAG_DIM	task_0	Informational		
Microsoft-Windows-WwanProtDim_63b898b4cb6f373be0297c41cb660be6	500	0	task_0500(UnicodeString A10_LSupported)		WWAN_TRACE_FLAG_DIM	task_0	Informational		
Microsoft-Windows-WwanProtDim_63b898b4cb6f373be0297c41cb660be6	501	0	task_0501(UnicodeString A10_LNotSupported)		WWAN_TRACE_FLAG_DIM	task_0	Informational		
Microsoft-Windows-WwanProtDim_63b898b4cb6f373be0297c41cb660be6	502	0	task_0502(UnicodeString A10_LSupported)		WWAN_TRACE_FLAG_DIM	task_0	Informational		
Microsoft-Windows-WwanProtDim_63b898b4cb6f373be0297c41cb660be6	503	0	task_0503(UnicodeString A10_LNotSupported)		WWAN_TRACE_FLAG_DIM	task_0	Informational		
Microsoft-Windows-WwanProtDim_63b898b4cb6f373be0297c41cb660be6	504	0	task_0504(UnicodeString A10_LSupported)		WWAN_TRACE_FLAG_DIM	task_0	Informational		
Microsoft-Windows-WwanProtDim_63b898b4cb6f373be0297c41cb660be6	505	0	task_0505(UnicodeString A10_LNotSupported)		WWAN_TRACE_FLAG_DIM	task_0	Informational		
Microsoft-Windows-WwanProtDim_63b898b4cb6f373be0297c41cb660be6	506	0	task_0506(UnicodeString A10_LSupported)		WWAN_TRACE_FLAG_DIM	task_0	Informational		
Microsoft-Windows-WwanProtDim_63b898b4cb6f373be0297c41cb660be6	507	0	task_0507(UnicodeString A10_LNotSupported)		WWAN_TRACE_FLAG_DIM	task_0	Informational		
Microsoft-Windows-WwanProtDim_63b898b4cb6f373be0297c41cb660be6	508	0	task_0508(UnicodeString A10_LSupported)		WWAN_TRACE_FLAG_DIM	task_0	Informational		
Microsoft-Windows-WwanProtDim_63b898b4cb6f373be0297c41cb660be6	509	0	task_0509(UnicodeString A10_LNotSupported)		WWAN_TRACE_FLAG_DIM	task_0	Informational		
Microsoft-Windows-WwanProtDim_63b898b4cb6f373be0297c41cb660be6	510	0	task_0510(HexInt32 A10_len, HexInt32 A11_rlen)		WWAN_TRACE_FLAG_DIM	task_0	Informational		
Microsoft-Windows-WwanProtDim_63b898b4cb6f373be0297c41cb660be6	511	0	task_0511(HexInt32 A10_pModemConfigStatusuStatus)		WWAN_TRACE_FLAG_DIM	task_0	Informational		
Microsoft-Windows-WwanProtDim_63b898b4cb6f373be0297c41cb660be6	512	0	task_0512(UnicodeString A10_ModemConfigModeToStringconfigInfoConfigMode, HexInt32 A11_configInfoConfigMode)		WWAN_TRACE_FLAG_DIM	task_0	Informational		
Microsoft-Windows-WwanProtDim_63b898b4cb6f373be0297c41cb660be6	513	0	task_0513(UnicodeString A10_ModemConfigStatusToStringconfigInfoConfigState, HexInt32 A11_configInfoConfigState)		WWAN_TRACE_FLAG_DIM	task_0	Informational		
Microsoft-Windows-WwanProtDim_63b898b4cb6f373be0297c41cb660be6	514	0	task_0514(UnicodeString A10_ModemConfigReasonToStringconfigInfoConfigReason, HexInt32 A11_configInfoConfigReason)		WWAN_TRACE_FLAG_DIM	task_0	Informational		
Microsoft-Windows-WwanProtDim_63b898b4cb6f373be0297c41cb660be6	515	0	task_0515(HexInt32 A10_configInfoPreviousConfigIDConfigIdLen)		WWAN_TRACE_FLAG_DIM	task_0	Informational		
Microsoft-Windows-WwanProtDim_63b898b4cb6f373be0297c41cb660be6	516	0	task_0516(AnsiString A10_ModemConfigIDToStringconfigInfoPreviousConfigIDConfigIdLenconfigInfoPreviousConfigIDConfigIdasciiString)		WWAN_TRACE_FLAG_DIM	task_0	Informational		
Microsoft-Windows-WwanProtDim_63b898b4cb6f373be0297c41cb660be6	517	0	task_0517(HexInt32 A10_configInfoCurrentConfigIDConfigIdLen)		WWAN_TRACE_FLAG_DIM	task_0	Informational		
Microsoft-Windows-WwanProtDim_63b898b4cb6f373be0297c41cb660be6	518	0	task_0518(AnsiString A10_ModemConfigIDToStringconfigInfoCurrentConfigIDConfigIdLenconfigInfoCurrentConfigIDConfigIdasciiString)		WWAN_TRACE_FLAG_DIM	task_0	Informational		
Microsoft-Windows-WwanProtDim_63b898b4cb6f373be0297c41cb660be6	519	0	task_0519(UnicodeString A10_configInfoIsCurrentConfigDefaultLTrueLFalse)		WWAN_TRACE_FLAG_DIM	task_0	Informational		
Microsoft-Windows-WwanProtDim_63b898b4cb6f373be0297c41cb660be6	520	0	task_0520(UnicodeString A10_configInfoConfigName)		WWAN_TRACE_FLAG_DIM	task_0	Informational		
Microsoft-Windows-WwanProtDim_63b898b4cb6f373be0297c41cb660be6	521	0	task_0521(UnicodeString A10_ElementTypeToStringconfigInfoNSSAIListHeaderElementType, HexInt32 A11_configInfoNSSAIListHeaderElementType)		WWAN_TRACE_FLAG_DIM	task_0	Informational		
Microsoft-Windows-WwanProtDim_63b898b4cb6f373be0297c41cb660be6	522	0	task_0522(HexInt32 A10_configInfoNSSAIListHeaderElementCount)		WWAN_TRACE_FLAG_DIM	task_0	Informational		
Microsoft-Windows-WwanProtDim_63b898b4cb6f373be0297c41cb660be6	523	0	task_0523(HexInt32 A10_len, HexInt32 A11_rlen)		WWAN_TRACE_FLAG_DIM	task_0	Informational		
Microsoft-Windows-WwanProtDim_63b898b4cb6f373be0297c41cb660be6	524	0	task_0524(HexInt32 A10_pNdisBaseStationsInfouStatus)		WWAN_TRACE_FLAG_DIM	task_0	Informational		
Microsoft-Windows-WwanProtDim_63b898b4cb6f373be0297c41cb660be6	525	0	task_0525(UnicodeString A10_DataClassToStringInBuffpBaseStationsInfoSystemTypeBuffMAX_BUFFER_STRING)		WWAN_TRACE_FLAG_DIM	task_0	Informational		
Microsoft-Windows-WwanProtDim_63b898b4cb6f373be0297c41cb660be6	526	0	task_0526(Int32 A10_pBaseStationsInfoGSMServingCellSize10, Int32 A11_neighboringCellCount)		WWAN_TRACE_FLAG_DIM	task_0	Informational		
Microsoft-Windows-WwanProtDim_63b898b4cb6f373be0297c41cb660be6	527	0	task_0527(Int32 A10_pBaseStationsInfoUMTSServingCellSize10, Int32 A11_neighboringCellCount)		WWAN_TRACE_FLAG_DIM	task_0	Informational		
Microsoft-Windows-WwanProtDim_63b898b4cb6f373be0297c41cb660be6	528	0	task_0528(Int32 A10_pBaseStationsInfoTDSCDMAServingCellSize10, Int32 A11_neighboringCellCount)		WWAN_TRACE_FLAG_DIM	task_0	Informational		
Microsoft-Windows-WwanProtDim_63b898b4cb6f373be0297c41cb660be6	529	0	task_0529(Int32 A10_pBaseStationsInfoLTEServingCellSize10, Int32 A11_neighboringCellCount)		WWAN_TRACE_FLAG_DIM	task_0	Informational		
Microsoft-Windows-WwanProtDim_63b898b4cb6f373be0297c41cb660be6	530	0	task_0530(Int32 A10_neighboringCellCount)		WWAN_TRACE_FLAG_DIM	task_0	Informational		
Microsoft-Windows-WwanProtDim_63b898b4cb6f373be0297c41cb660be6	531	0	task_0531(HexInt32 A10_len, HexInt32 A11_rlen)		WWAN_TRACE_FLAG_DIM	task_0	Informational		
Microsoft-Windows-WwanProtDim_63b898b4cb6f373be0297c41cb660be6	532	0	task_0532(HexInt32 A10_pMPDPStateuStatus, Int32 A11_pMPDPStateInfoOperation, GUID A12__pMPDPStateInfoChildInterfaceGUID)		WWAN_TRACE_FLAG_DIM	task_0	Informational		
Microsoft-Windows-WwanProtDim_63b898b4cb6f373be0297c41cb660be6	533	0	task_0533(HexInt32 A10_len, HexInt32 A11_rlen)		WWAN_TRACE_FLAG_DIM	task_0	Informational		
Microsoft-Windows-WwanProtDim_63b898b4cb6f373be0297c41cb660be6	534	0	task_0534(HexInt32 A10_pMPDPListuStatus, Int32 A11_pMPDPListChildInterfaceListElementType, Int32 A12_pMPDPListChildInterfaceListElementCount)		WWAN_TRACE_FLAG_DIM	task_0	Informational		
Microsoft-Windows-WwanProtDim_63b898b4cb6f373be0297c41cb660be6	535	0	task_0535(Int32 A10_pMPDPListChildInterfaceListElementType, Int32 A11_WwanStructMPDPChildInterface)		WWAN_TRACE_FLAG_DIM	task_0	Informational		
Microsoft-Windows-WwanProtDim_63b898b4cb6f373be0297c41cb660be6	536	0	task_0536(HexInt32 A10_len, HexInt32 A11_pMPDPListChildInterfaceListElementCount)		WWAN_TRACE_FLAG_DIM	task_0	Informational		
Microsoft-Windows-WwanProtDim_63b898b4cb6f373be0297c41cb660be6	537	0	task_0537(Int32 A10_i1, GUID A11_pGuid)		WWAN_TRACE_FLAG_DIM	task_0	Informational		
Microsoft-Windows-WwanProtDim_63b898b4cb6f373be0297c41cb660be6	538	0	task_0538(HexInt32 A10_len, HexInt32 A11_rlen)		WWAN_TRACE_FLAG_DIM	task_0	Informational		
Microsoft-Windows-WwanProtDim_63b898b4cb6f373be0297c41cb660be6	539	0	task_0539(HexInt32 A10_pNitzInfouStatus, Int32 A11_pNitzInfoNitzInfoYear, Int32 A12_pNitzInfoNitzInfoMonth, Int32 A13_pNitzInfoNitzInfoDay, Int32 A14_pNitzInfoNitzInfoHour, Int32 A15_pNitzInfoNitzInfoMinute, Int32 A16_pNitzInfoNitzInfoSecond, Int32 A17_pNitzInfoNitzInfoTimeZoneOffsetMinutes, Int32 A18_pNitzInfoNitzInfoDaylightSavingTimeOffsetMinutes, Int32 A19_pNitzInfoNitzInfoDataClasses)		WWAN_TRACE_FLAG_DIM	task_0	Informational		
Microsoft-Windows-WwanProtDim_63b898b4cb6f373be0297c41cb660be6	540	0	task_0540(HexInt32 A10_len, HexInt32 A11_rlen)		WWAN_TRACE_FLAG_DIM	task_0	Informational		
Microsoft-Windows-WwanProtDim_63b898b4cb6f373be0297c41cb660be6	541	0	task_0541(HexInt32 A10_pAppListuStatus, Int32 A11_pAppListUiccAppListVersion, Int32 A12_pAppListUiccAppListAppCount, Int32 A13_pAppListUiccAppListActiveAppIndex, Int32 A14_pAppListUiccAppListAppListSize)		WWAN_TRACE_FLAG_DIM	task_0	Informational		
Microsoft-Windows-WwanProtDim_63b898b4cb6f373be0297c41cb660be6	542	0	task_0542(Int32 A10_appIndex1, UnicodeString A11_UiccAppTypeToStringpAppInfoAppType, AnsiString A12_AppIDToStringpAppInfoAppIdSizepAppInfoAppIdappIdString, AnsiString A13_pAppInfoAppName, Int32 A14_pAppInfoNumPins)		WWAN_TRACE_FLAG_DIM	task_0	Informational		
Microsoft-Windows-WwanProtDim_63b898b4cb6f373be0297c41cb660be6	543	0	task_0543(HexInt32 A10_len, HexInt32 A11_rlen)		WWAN_TRACE_FLAG_DIM	task_0	Informational		
Microsoft-Windows-WwanProtDim_63b898b4cb6f373be0297c41cb660be6	544	0	task_0544(HexInt32 A10_pFileStatusuStatus, Int32 A11_pFileStatusUiccFileStatusVersion, Int32 A12_pFileStatusUiccFileStatusStatusWord1, Int32 A13_pFileStatusUiccFileStatusStatusWord2, UnicodeString A14_UiccFileAccessibilityToStringpFileStatusUiccFileStatusFileAccessibility, UnicodeString A15_UiccFileTypeToStringpFileStatusUiccFileStatusFileType, UnicodeString A16_UiccFileStructureToStringpFileStatusUiccFileStatusFileStructure, Int32 A17_pFileStatusUiccFileStatusItemCount, Int32 A18_pFileStatusUiccFileStatusItemSize)		WWAN_TRACE_FLAG_DIM	task_0	Informational		
Microsoft-Windows-WwanProtDim_63b898b4cb6f373be0297c41cb660be6	545	0	task_0545(Int32 A10_i1, UnicodeString A11_PinTypeToStringpFileStatusUiccFileStatusFileLockStatusi)		WWAN_TRACE_FLAG_DIM	task_0	Informational		
Microsoft-Windows-WwanProtDim_63b898b4cb6f373be0297c41cb660be6	546	0	task_0546(HexInt32 A10_len, HexInt32 A11_rlen)		WWAN_TRACE_FLAG_DIM	task_0	Informational		
Microsoft-Windows-WwanProtDim_63b898b4cb6f373be0297c41cb660be6	547	0	task_0547(HexInt32 A10_pUiccResponseuStatus, Int32 A11_pUiccResponseUiccResponseStatusWord1, Int32 A12_pUiccResponseUiccResponseStatusWord2, Int32 A13_pUiccResponseUiccResponseResponseDataSize)		WWAN_TRACE_FLAG_DIM	task_0	Informational		
Microsoft-Windows-WwanProtDim_63b898b4cb6f373be0297c41cb660be6	548	0	task_0548(HexInt32 A10_len, HexInt32 A11_rlen)		WWAN_TRACE_FLAG_DIM	task_0	Informational		
Microsoft-Windows-WwanProtDim_63b898b4cb6f373be0297c41cb660be6	549	0	task_0549(HexInt32 A10_pModemLoggingConfiguStatus, UInt32 A11_pModemLoggingConfigModemLoggingConfigVersion, UInt32 A12_pModemLoggingConfigModemLoggingConfigMaxSegmentSize, UInt32 A13_pModemLoggingConfigModemLoggingConfigMaxFlushTime, UnicodeString A14_LevelConfigToStringpModemLoggingConfigModemLoggingConfigLevelConfig)		WWAN_TRACE_FLAG_DIM	task_0	Informational		
Microsoft-Windows-WwanProtDim_63b898b4cb6f373be0297c41cb660be6	550	0	task_0550(HexInt32 A10_len, HexInt32 A11_rlen)		WWAN_TRACE_FLAG_DIM	task_0	Informational		
Microsoft-Windows-WwanProtDim_63b898b4cb6f373be0297c41cb660be6	551	0	task_0551(HexInt32 A10_pRegParamsuStatus, UInt32 A11_pRegParamsRegisterParamsInfoMicoMode, UInt32 A12_pRegParamsRegisterParamsInfoDRXParam, UInt32 A13_pRegParamsRegisterParamsInfoLADNInfo)		WWAN_TRACE_FLAG_DIM	task_0	Informational		
Microsoft-Windows-WwanProtDim_63b898b4cb6f373be0297c41cb660be6	552	0	task_0552(Int32 A10_len, Int32 A11_rlen)		WWAN_TRACE_FLAG_DIM	task_0	Informational		
Microsoft-Windows-WwanProtDim_63b898b4cb6f373be0297c41cb660be6	553	0	task_0553(Int32 A10_len, Int32 A11_rlen, Int32 A12_pNwParamsNetworkParamsInfoTaiListSize, Int32 A13_pNwParamsNetworkParamsInfoAllowedNssaiListSize, Int32 A14_pNwParamsNetworkParamsInfoConfiguredNssaiListSize, Int32 A15_pNwParamsNetworkParamsInfoRejectedNssaiListSize, Int32 A16_pNwParamsNetworkParamsInfoDefaultConfiguredNssaiListSize, Int32 A17_pNwParamsNetworkParamsInfoLadnListSize)		WWAN_TRACE_FLAG_DIM	task_0	Informational		
Microsoft-Windows-WwanProtDim_63b898b4cb6f373be0297c41cb660be6	554	0	task_0554(HexInt32 A10_pNwParamsuStatus, UInt32 A11_pNwParamsNetworkParamsInfoCurrentMicoIndication, UInt32 A12_pNwParamsNetworkParamsInfoCurrentDRXParams, UInt32 A13_pNwParamsNetworkParamsInfoTaiListSize, UInt32 A14_pNwParamsNetworkParamsInfoAllowedNssaiListSize, UInt32 A15_pNwParamsNetworkParamsInfoConfiguredNssaiListSize, UInt32 A16_pNwParamsNetworkParamsInfoRejectedNssaiListSize, UInt32 A17_pNwParamsNetworkParamsInfoDefaultConfiguredNssaiListSize, UInt32 A18_pNwParamsNetworkParamsInfoLadnListSize)		WWAN_TRACE_FLAG_DIM	task_0	Informational		
Microsoft-Windows-WwanProtDim_63b898b4cb6f373be0297c41cb660be6	555	0	task_0555(HexInt32 A10_len, HexInt32 A11_rlen)		WWAN_TRACE_FLAG_DIM	task_0	Informational		
Microsoft-Windows-WwanProtDim_63b898b4cb6f373be0297c41cb660be6	556	0	task_0556(HexInt32 A10_pUePolicyuStatus, UInt32 A11_pUePolicyUePolicyInfoRawTdOnlyDataOffset, UInt32 A12_pUePolicyUePolicyInfoRawTdOnlyDataSize)		WWAN_TRACE_FLAG_DIM	task_0	Informational		
Microsoft-Windows-WwanProtDim_63b898b4cb6f373be0297c41cb660be6	557	0	task_0557(HexInt32 A10_len, HexInt32 A11_rlenpUePolicyUePolicyInfoRawTdOnlyDataSize)		WWAN_TRACE_FLAG_DIM	task_0	Informational		
Microsoft-Windows-WwanProtDim_63b898b4cb6f373be0297c41cb660be6	558	0	task_0558()		WWAN_TRACE_FLAG_DIM	task_0	Error		
Microsoft-Windows-WwanProtDim_63b898b4cb6f373be0297c41cb660be6	559	0	task_0559(UnicodeString A10_InterfaceName)		WWAN_TRACE_FLAG_DIM	task_0	Informational		
Microsoft-Windows-WwanProtDim_63b898b4cb6f373be0297c41cb660be6	560	0	task_0560(UnicodeString A10_OidToStringOid, HexInt32 A11_Oid, HexInt32 A12_ULONGULONG_PTRRequestId, HexInt32 A13_Error)		WWAN_TRACE_FLAG_DIM	task_0	Informational		
Microsoft-Windows-WwanProtDim_63b898b4cb6f373be0297c41cb660be6	561	0	task_0561(UnicodeString A10_InterfaceName)		WWAN_TRACE_FLAG_DIM	task_0	Informational		
Microsoft-Windows-WwanProtDim_63b898b4cb6f373be0297c41cb660be6	562	0	task_0562(UnicodeString A10_OidToStringOid, HexInt32 A11_Oid, HexInt32 A12_ULONGULONG_PTRRequestId, HexInt32 A13_len, HexInt32 A14_Error)		WWAN_TRACE_FLAG_DIM	task_0	Informational		
Microsoft-Windows-WwanProtDim_63b898b4cb6f373be0297c41cb660be6	563	0	task_0563()		WWAN_TRACE_FLAG_DIM	task_0	Informational		
Microsoft-Windows-WwanProtDim_63b898b4cb6f373be0297c41cb660be6	564	0	task_0564(UnicodeString A10_NdisStatusToStringdataStatus, HexInt32 A11_dataStatus)		WWAN_TRACE_FLAG_DIM	task_0	Informational		
Microsoft-Windows-WwanProtDim_63b898b4cb6f373be0297c41cb660be6	565	0	task_0565(HexInt32 A10_ULONGdataRequestId)		WWAN_TRACE_FLAG_DIM	task_0	Informational		
Microsoft-Windows-WwanProtDim_63b898b4cb6f373be0297c41cb660be6	566	0	task_0566(HexInt32 A10_dataDataLength)		WWAN_TRACE_FLAG_DIM	task_0	Informational		
Microsoft-Windows-WwanProtDim_63b898b4cb6f373be0297c41cb660be6	567	0	task_0567()		WWAN_TRACE_FLAG_DIM	task_0	Verbose		
Microsoft-Windows-WwanProtDim_63b898b4cb6f373be0297c41cb660be6	568	0	task_0568(HexInt32 A10_errCode)		WWAN_TRACE_FLAG_DIM	task_0	Error		
Microsoft-Windows-WwanProtDim_63b898b4cb6f373be0297c41cb660be6	569	0	task_0569()		WWAN_TRACE_FLAG_DIM	task_0	Error		
Microsoft-Windows-WwanProtDim_63b898b4cb6f373be0297c41cb660be6	570	0	task_0570(HexInt32 A10_errCode)		WWAN_TRACE_FLAG_DIM	task_0	Error		
Microsoft-Windows-WwanProtDim_63b898b4cb6f373be0297c41cb660be6	571	0	task_0571(HexInt32 A10_Status)		WWAN_TRACE_FLAG_DIM	task_0	Error		
Microsoft-Windows-WwanProtDim_63b898b4cb6f373be0297c41cb660be6	572	0	task_0572(HexInt32 A10_Error)		WWAN_TRACE_FLAG_DIM	task_0	Error		
Microsoft-Windows-WwanProtDim_63b898b4cb6f373be0297c41cb660be6	573	0	task_0573(HexInt32 A10_Error)		WWAN_TRACE_FLAG_DIM	task_0	Error		
Microsoft-Windows-WwanProtDim_63b898b4cb6f373be0297c41cb660be6	574	0	task_0574(GUID A10__pDimContextselfGuid, GUID A11__pDimContextparentGuid)		WWAN_TRACE_FLAG_DIM	task_0	Verbose		
Microsoft-Windows-WwanProtDim_63b898b4cb6f373be0297c41cb660be6	575	0	task_0575(GUID A10__pDimContextselfGuid)		WWAN_TRACE_FLAG_DIM	task_0	Error		
Microsoft-Windows-WwanProtDim_63b898b4cb6f373be0297c41cb660be6	576	0	task_0576(HexInt32 A10_ndisPhysicalMedium, HexInt32 A11_PhysicalMedium)		WWAN_TRACE_FLAG_DIM	task_0	Error		
Microsoft-Windows-WwanProtDim_63b898b4cb6f373be0297c41cb660be6	577	0	task_0577(Int32 A10_PhysicalMedium)		WWAN_TRACE_FLAG_DIM	task_0	Informational		
Microsoft-Windows-WwanProtDim_63b898b4cb6f373be0297c41cb660be6	578	0	task_0578(HexInt32 A10_dataSize)		WWAN_TRACE_FLAG_DIM	task_0	Error		
Microsoft-Windows-WwanProtDim_63b898b4cb6f373be0297c41cb660be6	579	0	task_0579(HexInt32 A10_result)		WWAN_TRACE_FLAG_DIM	task_0	Error		
Microsoft-Windows-WwanProtDim_63b898b4cb6f373be0297c41cb660be6	580	0	task_0580(HexInt32 A10_result)		WWAN_TRACE_FLAG_DIM	task_0	Error		
Microsoft-Windows-WwanProtDim_63b898b4cb6f373be0297c41cb660be6	581	0	task_0581(UnicodeString A10_pDimContextname, Int32 A11_media, Int32 A12_result)		WWAN_TRACE_FLAG_DIM	task_0	Informational		
Microsoft-Windows-WwanProtDim_63b898b4cb6f373be0297c41cb660be6	582	0	task_0582(GUID A10__pDimContextselfGuid, UInt32 A11_result)		WWAN_TRACE_FLAG_DIM	task_0	Error		
Microsoft-Windows-WwanProtDim_63b898b4cb6f373be0297c41cb660be6	583	0	task_0583(HexInt32 A10_dataSize)		WWAN_TRACE_FLAG_DIM	task_0	Error		
Microsoft-Windows-WwanProtDim_63b898b4cb6f373be0297c41cb660be6	584	0	task_0584(HexInt32 A10_result)		WWAN_TRACE_FLAG_DIM	task_0	Error		
Microsoft-Windows-WwanProtDim_63b898b4cb6f373be0297c41cb660be6	585	0	task_0585()		WWAN_TRACE_FLAG_DIM	task_0	Warning		
Microsoft-Windows-WwanProtDim_63b898b4cb6f373be0297c41cb660be6	586	0	task_0586(Int32 A10_g_supportedOidsioid)		WWAN_TRACE_FLAG_DIM	task_0	Error		
Microsoft-Windows-WwanProtDim_63b898b4cb6f373be0297c41cb660be6	587	0	task_0587()		WWAN_TRACE_FLAG_DIM	task_0	Error		
Microsoft-Windows-WwanProtDim_63b898b4cb6f373be0297c41cb660be6	588	0	task_0588()		WWAN_TRACE_FLAG_DIM	task_0	Error		
Microsoft-Windows-WwanProtDim_63b898b4cb6f373be0297c41cb660be6	589	0	task_0589()		WWAN_TRACE_FLAG_DIM	task_0	Informational		
Microsoft-Windows-WwanProtDim_63b898b4cb6f373be0297c41cb660be6	590	0	task_0590(UnicodeString A10_pDimContextname, Int32 A11_result)		WWAN_TRACE_FLAG_DIM	task_0	Informational		
Microsoft-Windows-WwanProtDim_63b898b4cb6f373be0297c41cb660be6	591	0	task_0591(GUID A10__pDimContextselfGuid, UInt32 A11_result)		WWAN_TRACE_FLAG_DIM	task_0	Error		
Microsoft-Windows-WwanProtDim_63b898b4cb6f373be0297c41cb660be6	592	0	task_0592(Int32 A10_result)		WWAN_TRACE_FLAG_DIM	task_0	Informational		
Microsoft-Windows-WwanProtDim_63b898b4cb6f373be0297c41cb660be6	593	0	task_0593(HexInt32 A10_version, HexInt32 A11_WWAN_CURRENT_VERSION)		WWAN_TRACE_FLAG_DIM	task_0	Informational		
Microsoft-Windows-WwanProtDim_63b898b4cb6f373be0297c41cb660be6	594	0	task_0594(HexInt32 A10_version)		WWAN_TRACE_FLAG_DIM	task_0	Error		
Microsoft-Windows-WwanProtDim_63b898b4cb6f373be0297c41cb660be6	595	0	task_0595(HexInt32 A10_result)		WWAN_TRACE_FLAG_DIM	task_0	Error		
Microsoft-Windows-WwanProtDim_63b898b4cb6f373be0297c41cb660be6	596	0	task_0596(HexInt32 A10_pDimContextndisVersion)		WWAN_TRACE_FLAG_DIM	task_0	Informational		
Microsoft-Windows-WwanProtDim_63b898b4cb6f373be0297c41cb660be6	597	0	task_0597(UnicodeString A10_pDimContextname)		WWAN_TRACE_FLAG_DIM	task_0	Warning		
Microsoft-Windows-WwanProtDim_63b898b4cb6f373be0297c41cb660be6	598	0	task_0598(Int32 A10_result)		WWAN_TRACE_FLAG_DIM	task_0	Warning		
Microsoft-Windows-WwanProtDim_63b898b4cb6f373be0297c41cb660be6	599	0	task_0599(UnicodeString A10_pDimContextname, Int32 A11_result)		WWAN_TRACE_FLAG_DIM	task_0	Informational		
Microsoft-Windows-WwanProtDim_63b898b4cb6f373be0297c41cb660be6	600	0	task_0600(GUID A10__pDimContextselfGuid, UInt32 A11_result)		WWAN_TRACE_FLAG_DIM	task_0	Error		
Microsoft-Windows-WwanProtDim_63b898b4cb6f373be0297c41cb660be6	601	0	task_0601(GUID A10__pDimContextselfGuid, UInt32 A11_result)		WWAN_TRACE_FLAG_DIM	task_0	Error		
Microsoft-Windows-WwanProtDim_63b898b4cb6f373be0297c41cb660be6	602	0	task_0602(GUID A10__pDimContextselfGuid, UInt32 A11_result)		WWAN_TRACE_FLAG_DIM	task_0	Warning		
Microsoft-Windows-WwanProtDim_63b898b4cb6f373be0297c41cb660be6	603	0	task_0603(UInt32 A10_result)		WWAN_TRACE_FLAG_DIM	task_0	Warning		
Microsoft-Windows-WwanProtDim_63b898b4cb6f373be0297c41cb660be6	604	0	task_0604(Int32 A10_returnDataSize, Int32 A11_SIZEOF_NDIS_WWAN_MBIM_VERSION_1)		WWAN_TRACE_FLAG_DIM	task_0	Warning		
Microsoft-Windows-WwanProtDim_63b898b4cb6f373be0297c41cb660be6	605	0	task_0605(Int32 A10_ndisWwanMbimVersionHeaderRevision)		WWAN_TRACE_FLAG_DIM	task_0	Warning		
Microsoft-Windows-WwanProtDim_63b898b4cb6f373be0297c41cb660be6	606	0	task_0606(HexInt32 A10_pDimContextHeaderMbimVersionInfoMbimVersion, HexInt32 A11_pDimContextHeaderMbimVersionInfoMbimExtendedVersion)		WWAN_TRACE_FLAG_DIM	task_0	Informational		
Microsoft-Windows-WwanProtDim_63b898b4cb6f373be0297c41cb660be6	607	0	task_0607(HexInt32 A10_pDimContextHeaderMbimVersionInfoMbimVersion)		WWAN_TRACE_FLAG_DIM	task_0	Informational		
Microsoft-Windows-WwanProtDim_63b898b4cb6f373be0297c41cb660be6	608	0	task_0608(HexInt32 A10_ulResult)		WWAN_TRACE_FLAG_DIM	task_0	Error		
Microsoft-Windows-WwanProtDim_63b898b4cb6f373be0297c41cb660be6	609	0	task_0609(HexInt32 A10_ulResult)		WWAN_TRACE_FLAG_DIM	task_0	Error		
Microsoft-Windows-WwanProtDim_63b898b4cb6f373be0297c41cb660be6	610	0	task_0610(HexInt32 A10_ulResult)		WWAN_TRACE_FLAG_DIM	task_0	Informational		
Microsoft-Windows-WwanProtDim_63b898b4cb6f373be0297c41cb660be6	611	0	task_0611(Pointer A10_pContext)		WWAN_TRACE_FLAG_DIM	task_0	Informational		
Microsoft-Windows-WwanProtDim_63b898b4cb6f373be0297c41cb660be6	612	0	task_0612()		WWAN_TRACE_FLAG_DIM	task_0	Informational		
Microsoft-Windows-WwanProtDim_63b898b4cb6f373be0297c41cb660be6	613	0	task_0613()		WWAN_TRACE_FLAG_DIM	task_0	Error		
Microsoft-Windows-WwanProtDim_63b898b4cb6f373be0297c41cb660be6	614	0	task_0614()		WWAN_TRACE_FLAG_DIM	task_0	Error		
Microsoft-Windows-WwanProtDim_63b898b4cb6f373be0297c41cb660be6	615	0	task_0615(Int32 A10_TotalLen)		WWAN_TRACE_FLAG_DIM	task_0	Error		
Microsoft-Windows-WwanProtDim_63b898b4cb6f373be0297c41cb660be6	616	0	task_0616(Int32 A10_TotalLen)		WWAN_TRACE_FLAG_DIM	task_0	Error		
Microsoft-Windows-WwanProtDim_63b898b4cb6f373be0297c41cb660be6	617	0	task_0617(UInt32 A10_Status)		WWAN_TRACE_FLAG_DIM	task_0	Error		
Microsoft-Windows-WwanProtDim_63b898b4cb6f373be0297c41cb660be6	618	0	task_0618(UInt32 A10_Status)		WWAN_TRACE_FLAG_DIM	task_0	Error		
Microsoft-Windows-WwanProtDim_63b898b4cb6f373be0297c41cb660be6	619	0	task_0619()		WWAN_TRACE_FLAG_DIM	task_0	Error		
Microsoft-Windows-WwanProtDim_63b898b4cb6f373be0297c41cb660be6	620	0	task_0620(Int32 A10_GetSetType, HexInt32 A11_dimStatus)		WWAN_TRACE_FLAG_DIM	task_0	Error		
Microsoft-Windows-WwanProtDim_63b898b4cb6f373be0297c41cb660be6	621	0	task_0621()		WWAN_TRACE_FLAG_DIM	task_0	Error		
Microsoft-Windows-WwanProtDim_63b898b4cb6f373be0297c41cb660be6	622	0	task_0622()		WWAN_TRACE_FLAG_DIM	task_0	Error		
Microsoft-Windows-WwanProtDim_63b898b4cb6f373be0297c41cb660be6	623	0	task_0623(Int32 A10_TotalLen)		WWAN_TRACE_FLAG_DIM	task_0	Error		
Microsoft-Windows-WwanProtDim_63b898b4cb6f373be0297c41cb660be6	624	0	task_0624(HexInt32 A10_Error)		WWAN_TRACE_FLAG_DIM	task_0	Error		
Microsoft-Windows-WwanProtDim_63b898b4cb6f373be0297c41cb660be6	625	0	task_0625(HexInt32 A10_Statuscode, HexInt32 A11_DataLen)		WWAN_TRACE_FLAG_DIM	task_0	Error		
Microsoft-Windows-WwanProtDim_63b898b4cb6f373be0297c41cb660be6	626	0	task_0626(HexInt32 A10_Statuscode, HexInt32 A11_DataLen)		WWAN_TRACE_FLAG_DIM	task_0	Error		
Microsoft-Windows-WwanProtDim_63b898b4cb6f373be0297c41cb660be6	627	0	task_0627(HexInt32 A10_Statuscode, HexInt32 A11_DataLen)		WWAN_TRACE_FLAG_DIM	task_0	Error		
Microsoft-Windows-WwanProtDim_63b898b4cb6f373be0297c41cb660be6	628	0	task_0628(HexInt32 A10_Statuscode, HexInt32 A11_DataLen)		WWAN_TRACE_FLAG_DIM	task_0	Error		
Microsoft-Windows-WwanProtDim_63b898b4cb6f373be0297c41cb660be6	629	0	task_0629(HexInt32 A10_Statuscode, HexInt32 A11_DataLen)		WWAN_TRACE_FLAG_DIM	task_0	Error		
Microsoft-Windows-WwanProtDim_63b898b4cb6f373be0297c41cb660be6	630	0	task_0630()		WWAN_TRACE_FLAG_DIM	task_0	Error		
Microsoft-Windows-WwanProtDim_63b898b4cb6f373be0297c41cb660be6	631	0	task_0631(HexInt32 A10_dimStatus)		WWAN_TRACE_FLAG_DIM	task_0	Error		
Microsoft-Windows-WwanProtDim_63b898b4cb6f373be0297c41cb660be6	632	0	task_0632(HexInt32 A10_Statuscode, HexInt32 A11_DataLen)		WWAN_TRACE_FLAG_DIM	task_0	Error		
Microsoft-Windows-WwanProtDim_63b898b4cb6f373be0297c41cb660be6	633	0	task_0633(HexInt32 A10_Statuscode, HexInt32 A11_DataLen)		WWAN_TRACE_FLAG_DIM	task_0	Error		
Microsoft-Windows-WwanProtDim_63b898b4cb6f373be0297c41cb660be6	634	0	task_0634(HexInt32 A10_Statuscode, HexInt32 A11_DataLen)		WWAN_TRACE_FLAG_DIM	task_0	Error		
Microsoft-Windows-WwanProtDim_63b898b4cb6f373be0297c41cb660be6	635	0	task_0635(HexInt32 A10_Statuscode, HexInt32 A11_DataLen)		WWAN_TRACE_FLAG_DIM	task_0	Error		
Microsoft-Windows-WwanProtDim_63b898b4cb6f373be0297c41cb660be6	636	0	task_0636(AnsiString A10_DevName, HexInt32 A11_Statuscode)		WWAN_TRACE_FLAG_DIM	task_0	Error		
Microsoft-Windows-WwanProtDim_63b898b4cb6f373be0297c41cb660be6	637	0	task_0637()		WWAN_TRACE_FLAG_DIM	task_0	Verbose		
Microsoft-Windows-WwanProtDim_63b898b4cb6f373be0297c41cb660be6	638	0	task_0638(Int32 A10_DimOpenCount)		WWAN_TRACE_FLAG_DIM	task_0	Verbose		
Microsoft-Windows-WwanProtDim_63b898b4cb6f373be0297c41cb660be6	639	0	task_0639(HexInt32 A10_Error)		WWAN_TRACE_FLAG_DIM	task_0	Critical		
Microsoft-Windows-WwanProtDim_63b898b4cb6f373be0297c41cb660be6	640	0	task_0640(HexInt32 A10_Error)		WWAN_TRACE_FLAG_DIM	task_0	Critical		
Microsoft-Windows-WwanProtDim_63b898b4cb6f373be0297c41cb660be6	641	0	task_0641(HexInt32 A10_DimOpenCount)		WWAN_TRACE_FLAG_DIM	task_0	Verbose		
Microsoft-Windows-WwanProtDim_63b898b4cb6f373be0297c41cb660be6	642	0	task_0642()		WWAN_TRACE_FLAG_DIM	task_0	Verbose		
Microsoft-Windows-WwanProtDim_63b898b4cb6f373be0297c41cb660be6	643	0	task_0643()		WWAN_TRACE_FLAG_DIM	task_0	Informational		
Microsoft-Windows-WwanProtDim_63b898b4cb6f373be0297c41cb660be6	644	0	task_0644(HexInt32 A10_DimOpenCount)		WWAN_TRACE_FLAG_DIM	task_0	Verbose		
Microsoft-Windows-WwanProtDim_63b898b4cb6f373be0297c41cb660be6	645	0	task_0645(HexInt32 A10_Error)		WWAN_TRACE_FLAG_DIM	task_0	Error		
Microsoft-Windows-WwanProtDim_63b898b4cb6f373be0297c41cb660be6	646	0	task_0646()		WWAN_TRACE_FLAG_DIM	task_0	Verbose		
Microsoft-Windows-WwanProtDim_63b898b4cb6f373be0297c41cb660be6	647	0	task_0647()		WWAN_TRACE_FLAG_DIM	task_0	Verbose		
Microsoft-Windows-WwanProtDim_63b898b4cb6f373be0297c41cb660be6	648	0	task_0648()		WWAN_TRACE_FLAG_DIM	task_0	Verbose		
Microsoft-Windows-WwanProtDim_63b898b4cb6f373be0297c41cb660be6	649	0	task_0649(Int32 A10_Error)		WWAN_TRACE_FLAG_DIM	task_0	Critical		
Microsoft-Windows-WwanProtDim_63b898b4cb6f373be0297c41cb660be6	650	0	task_0650(Int32 A10_bufferSize)		WWAN_TRACE_FLAG_DIM	task_0	Warning		
Microsoft-Windows-WwanProtDim_63b898b4cb6f373be0297c41cb660be6	651	0	task_0651(HexInt32 A10_Error)		WWAN_TRACE_FLAG_DIM	task_0	Warning		
Microsoft-Windows-WwanProtDim_63b898b4cb6f373be0297c41cb660be6	652	0	task_0652(Int32 A10_bufferSize)		WWAN_TRACE_FLAG_DIM	task_0	Warning		
Microsoft-Windows-WwanProtDim_63b898b4cb6f373be0297c41cb660be6	653	0	task_0653(HexInt32 A10_bufferSize)		WWAN_TRACE_FLAG_DIM	task_0	Informational		
Microsoft-Windows-WwanProtDim_63b898b4cb6f373be0297c41cb660be6	654	0	task_0654(HexInt32 A10_IndicationDropCount)		WWAN_TRACE_FLAG_DIM	task_0	Warning		
Microsoft-Windows-WwanProtDim_63b898b4cb6f373be0297c41cb660be6	655	0	task_0655()		WWAN_TRACE_FLAG_DIM	task_0	Informational		
Microsoft-Windows-WwanProtDim_63b898b4cb6f373be0297c41cb660be6	656	0	task_0656(HexInt32 A10_GetLastError)		WWAN_TRACE_FLAG_DIM	task_0	Critical		
Microsoft-Windows-WwanProtDim_63b898b4cb6f373be0297c41cb660be6	657	0	task_0657()		WWAN_TRACE_FLAG_DIM	task_0	Informational		
Microsoft-Windows-WwanProtDim_63b898b4cb6f373be0297c41cb660be6	658	0	task_0658(Int32 A10_ulSourceDataSizesizeofULONGsizeofULONG, HexInt32 A11_ndisStatus)		WWAN_TRACE_FLAG_DIM	task_0	Error		
Microsoft-Windows-WwanProtDim_63b898b4cb6f373be0297c41cb660be6	659	0	task_0659(Int32 A10_ulSourceDataSize, Int32 A11_pulTargetDataSize, Int32 A12_FIELD_OFFSETWWAN_READY_INFO_REV1TNListHeader, Int32 A13_FIELD_OFFSETWWAN_READY_INFOTNListHeader)		WWAN_TRACE_FLAG_DIM	task_0	Verbose		
Microsoft-Windows-WwanProtDim_63b898b4cb6f373be0297c41cb660be6	660	0	task_0660(Int32 A10_ulSourceDataSizesizeofULONG, HexInt32 A11_ndisStatus)		WWAN_TRACE_FLAG_DIM	task_0	Error		
Microsoft-Windows-WwanProtDim_63b898b4cb6f373be0297c41cb660be6	661	0	task_0661(Int32 A10_ulSourceDataSize, Int32 A11_pulTargetDataSize, Int32 A12_FIELD_OFFSETWWAN_READY_INFO_REV2_PRE2170TNListHeader, Int32 A13_FIELD_OFFSETWWAN_READY_INFOTNListHeader)		WWAN_TRACE_FLAG_DIM	task_0	Verbose		
Microsoft-Windows-WwanProtDim_63b898b4cb6f373be0297c41cb660be6	662	0	task_0662(Int32 A10_ulSourceDataSizesizeofULONG, HexInt32 A11_ndisStatus)		WWAN_TRACE_FLAG_DIM	task_0	Error		
Microsoft-Windows-WwanProtDim_63b898b4cb6f373be0297c41cb660be6	663	0	task_0663(HexInt32 A10_ndisStatus, Int32 A11_sourceVersion, Int32 A12_sourceRevision, Int32 A13_wwanDataSizeSource)		WWAN_TRACE_FLAG_DIM	task_0	Informational		
Microsoft-Windows-WwanProtDim_63b898b4cb6f373be0297c41cb660be6	664	0	task_0664(HexInt32 A10_ndisStatus, Int32 A11_sourceDynamicDataSize, Int32 A12_targetSizeInBytestargetFixedDataSize)		WWAN_TRACE_FLAG_DIM	task_0	Error		
Microsoft-Windows-WwanProtDim_63b898b4cb6f373be0297c41cb660be6	665	0	task_0665(Int32 A10_pulTargetDataSize, HexInt32 A11_ndisStatus)		WWAN_TRACE_FLAG_DIM	task_0	Error		
Microsoft-Windows-WwanProtDim_63b898b4cb6f373be0297c41cb660be6	666	0	task_0666()		WWAN_TRACE_FLAG_DIM	task_0	Informational		
Microsoft-Windows-WwanProtDim_63b898b4cb6f373be0297c41cb660be6	667	0	task_0667(Int32 A10_pulTargetDataSize, HexInt32 A11_ndisStatus)		WWAN_TRACE_FLAG_DIM	task_0	Error		
Microsoft-Windows-WwanProtDim_63b898b4cb6f373be0297c41cb660be6	668	0	task_0668(HexInt32 A10_ulSourceDataSize, HexInt32 A11_sizeofWWAN_SET_SMS_CONFIGURATION)		WWAN_TRACE_FLAG_DIM	task_0	Error		
Microsoft-Windows-WwanProtDim_63b898b4cb6f373be0297c41cb660be6	669	0	task_0669(HexInt32 A10_targetRevision)		WWAN_TRACE_FLAG_DIM	task_0	Informational		
Microsoft-Windows-WwanProtDim_63b898b4cb6f373be0297c41cb660be6	670	0	task_0670(HexInt32 A10_ulTargetWwanDataSize)		WWAN_TRACE_FLAG_DIM	task_0	Error		
Microsoft-Windows-WwanProtDim_63b898b4cb6f373be0297c41cb660be6	671	0	task_0671(Int32 A10_pulTargetDataSize)		WWAN_TRACE_FLAG_DIM	task_0	Error		
Microsoft-Windows-WwanProtDim_63b898b4cb6f373be0297c41cb660be6	672	0	task_0672(HexInt32 A10_ulSourceDataSize, HexInt32 A11_sizeofWWAN_SET_UICC_TERMINAL_CAPABILITY)		WWAN_TRACE_FLAG_DIM	task_0	Error		
Microsoft-Windows-WwanProtDim_63b898b4cb6f373be0297c41cb660be6	673	0	task_0673(HexInt32 A10_ulTargetWwanDataSize)		WWAN_TRACE_FLAG_DIM	task_0	Error		
Microsoft-Windows-WwanProtDim_63b898b4cb6f373be0297c41cb660be6	674	0	task_0674(Int32 A10_pulTargetDataSize)		WWAN_TRACE_FLAG_DIM	task_0	Error		
Microsoft-Windows-WwanProtDim_63b898b4cb6f373be0297c41cb660be6	675	0	task_0675(HexInt32 A10_ulTargetWwanDataSize)		WWAN_TRACE_FLAG_DIM	task_0	Error		
Microsoft-Windows-WwanProtDim_63b898b4cb6f373be0297c41cb660be6	676	0	task_0676(Int32 A10_pulTargetDataSize)		WWAN_TRACE_FLAG_DIM	task_0	Error		
Microsoft-Windows-WwanProtDim_63b898b4cb6f373be0297c41cb660be6	677	0	task_0677(HexInt32 A10_ndisStatus, Int32 A11_pDataNormalizationEntryulSourceDataSize, Int32 A12_ulWwanDataSize)		WWAN_TRACE_FLAG_DIM	task_0	Error		
Microsoft-Windows-WwanProtDim_63b898b4cb6f373be0297c41cb660be6	678	0	task_0678(HexInt32 A10_ndisStatus, HexInt32 A11_pDataNormalizationEntrysourceVersion, Int32 A12_pNdisHeaderRevision, Int32 A13_pDataNormalizationEntryulSourceDataSize, Int32 A14_ulWwanDataSize, Int32 A15_pDataNormalizationEntryulTargetDataSize)		WWAN_TRACE_FLAG_DIM	task_0	Informational		
Microsoft-Windows-WwanProtDim_63b898b4cb6f373be0297c41cb660be6	679	0	task_0679(HexInt32 A10_ndisStatus, HexInt32 A11_dimStatus)		WWAN_TRACE_FLAG_DIM	task_0	Error		
Microsoft-Windows-WwanProtDim_63b898b4cb6f373be0297c41cb660be6	680	0	task_0680(Int32 A10_pDataNormalizationEntryulTargetDataSize, HexInt32 A11_ndisStatus)		WWAN_TRACE_FLAG_DIM	task_0	Error		
Microsoft-Windows-WwanProtDim_63b898b4cb6f373be0297c41cb660be6	681	0	task_0681(HexInt32 A10_ndisOid, Int32 A11_pDataSpecializationEntryulSourceDataSize, Int32 A12_ulWwanDataSize, HexInt32 A13_pDataSpecializationEntrytargetVersion, HexInt32 A14_pDimContextVersion)		WWAN_TRACE_FLAG_DIM	task_0	Error		
Microsoft-Windows-WwanProtDim_63b898b4cb6f373be0297c41cb660be6	682	0	task_0682(HexInt32 A10_ndisOid, Int32 A11_ulWwanDataSize, Int32 A12_pDataSpecializationEntryulTargetDataSize, HexInt32 A13_pDataSpecializationEntrytargetVersion, HexInt32 A14_pDimContextVersion)		WWAN_TRACE_FLAG_DIM	task_0	Error		
Microsoft-Windows-WwanProtDim_63b898b4cb6f373be0297c41cb660be6	683	0	task_0683(HexInt32 A10_ndisOid, Int32 A11_isSet, HexInt32 A12_pDataSpecializationEntrytargetVersion, Int32 A13_pDataSpecializationEntryulSourceDataSize, Int32 A14_ulWwanDataSize, Int32 A15_pDataSpecializationEntryulTargetDataSize)		WWAN_TRACE_FLAG_DIM	task_0	Informational		
Microsoft-Windows-WwanProtDim_63b898b4cb6f373be0297c41cb660be6	684	0	task_0684(HexInt32 A10_ndisOid, HexInt32 A11_dimStatus)		WWAN_TRACE_FLAG_DIM	task_0	Error		
Microsoft-Windows-WwanProtDim_63b898b4cb6f373be0297c41cb660be6	685	0	task_0685(HexInt32 A10_ndisOid, HexInt32 A11_ulTargetWwanDataSize)		WWAN_TRACE_FLAG_DIM	task_0	Error		
Microsoft-Windows-WwanProtDim_63b898b4cb6f373be0297c41cb660be6	686	0	task_0686(Int32 A10_ulTargetOidDataSize, HexInt32 A11_ndisOid)		WWAN_TRACE_FLAG_DIM	task_0	Error		
Microsoft-Windows-WwanProtDim_63b898b4cb6f373be0297c41cb660be6	687	0	task_0687(Int32 A10_pDimContextMbimVersionInfoMbimExtendedVersion)		WWAN_TRACE_FLAG_DIM	task_0	Warning		
Microsoft-Windows-WwanProtDim_63b898b4cb6f373be0297c41cb660be6	688	0	task_0688(Int32 A10_pDimContextMbimVersionInfoMbimExtendedVersion)		WWAN_TRACE_FLAG_DIM	task_0	Warning		
Microsoft-Windows-WwanProtDim_63b898b4cb6f373be0297c41cb660be6	689	0	task_0689(Int32 A10_pDimContextMbimVersionInfoMbimExtendedVersion)		WWAN_TRACE_FLAG_DIM	task_0	Warning		
Microsoft-Windows-WwanProtDim_63b898b4cb6f373be0297c41cb660be6	690	0	task_0690(HexInt32 A10_DWORDpDevCapWwanDataSubClass, Int32 A11_pDimContextMbimVersionInfoMbimExtendedVersion)		WWAN_TRACE_FLAG_DIM	task_0	Warning		
Microsoft-Windows-WwanProtDim_63b898b4cb6f373be0297c41cb660be6	691	0	task_0691(HexInt32 A10_DWORDpDevCapWwanDataClass, Int32 A11_pDimContextMbimVersionInfoMbimExtendedVersion)		WWAN_TRACE_FLAG_DIM	task_0	Warning		
Microsoft-Windows-WwanProtDim_63b898b4cb6f373be0297c41cb660be6	692	0	task_0692(UInt32 A10_result, Int32 A11_returnDataSize, Int32 A12_returnDataSizesizeofNDIS_OBJECT_HEADERpNdisWwanMbimVersionHeaderRevision0)		WWAN_TRACE_FLAG_DIM	task_0	Warning		
Microsoft-Windows-WwanProtDim_63b898b4cb6f373be0297c41cb660be6	693	0	task_0693()		WWAN_TRACE_FLAG_DIM	task_0	Warning		
Microsoft-Windows-WwanProtDim_63b898b4cb6f373be0297c41cb660be6	694	0	task_0694(HexInt32 A10_version, UInt32 A11_result, Int32 A12_returnDataSize, Int32 A13_returnDataSizesizeofNDIS_OBJECT_HEADERpNdisWwanMbimVersionHeaderRevision0)		WWAN_TRACE_FLAG_DIM	task_0	Warning		
