provider	event_id	version	event(fields)	opcode	keywords	task	level	evtlog_channel	evtlog_message
Microsoft-Windows-StorPort	1	1	LogicalUnitresetOpCodeLUReset_V1(UInt32 PortNumber, UInt8 PathID, UInt8 TargetID, UInt8 LUN)	OpCodeLUReset	Reset	LogicalUnitreset	Error		
Microsoft-Windows-StorPort	2	1	TargetresetOpCodeTargetReset_V1(UInt32 PortNumber, UInt8 PathID, UInt8 TargetID)	OpCodeTargetReset	Reset	Targetreset	Error		
Microsoft-Windows-StorPort	4	1	ResetdetectednotificationOpCodeResetDetected_V1(Pointer MiniportExtension, UInt32 PortNumber, UInt32 PauseTime)	OpCodeResetDetected	PortNotification	Resetdetectednotification	Informational		
Microsoft-Windows-StorPort	5	1	LinkdownnotificationOpCodeLinkDown_V1(Pointer MiniportExtension, UInt32 PortNumber, UInt32 LinkDownTime)	OpCodeLinkDown	PortNotification	Linkdownnotification	Informational		
Microsoft-Windows-StorPort	6	1	LinkUpnotificationOpCodeLinkUp_V1(Pointer MiniportExtension, UInt32 PortNumber)	OpCodeLinkUp	PortNotification	LinkUpnotification	Informational		
Microsoft-Windows-StorPort	7	1	RequestTimernotificationOpCodeRequestTimerCall_V1(Pointer MiniportExtension, UInt32 PortNumber, UInt32 Timeout)	OpCodeRequestTimerCall	PortNotification	RequestTimernotification	Informational		
Microsoft-Windows-StorPort	8	1	PortpauseOpCodePortPause_V1(Pointer MiniportExtension, UInt32 PortNumber, UInt32 PauseTime)	OpCodePortPause	PauseResume	Portpause	Informational		
Microsoft-Windows-StorPort	9	1	PortresumeOpCodePortResume_V1(Pointer MiniportExtension, UInt32 PortNumber)	OpCodePortResume	PauseResume	Portresume	Informational		
Microsoft-Windows-StorPort	10	1	PortpausedeviceOpCodePortPauseDevice_V1(Pointer MiniportExtension, UInt32 PauseTime, UInt32 PortNumber, UInt8 PathID, UInt8 TargetID, UInt8 LUN)	OpCodePortPauseDevice	PauseResume	Portpausedevice	Informational		
Microsoft-Windows-StorPort	11	1	PortresumedeviceOpCodePortResumeDevice_V1(Pointer MiniportExtension, UInt32 PortNumber, UInt8 PathID, UInt8 TargetID, UInt8 LUN)	OpCodePortResumeDevice	PauseResume	Portresumedevice	Informational		
Microsoft-Windows-StorPort	12	1	BuschangedetectnotificationOpCodeBusChangeDetected_V1(Pointer MiniportExtension, UInt32 PortNumber)	OpCodeBusChangeDetected	PortNotification	Buschangedetectnotification	Informational		
Microsoft-Windows-StorPort	13	1	MiniportIORequestServiceTimeOpCodeMiniportIORequestServiceTime_V1(Pointer MiniportExtension, UInt32 PortNumber, UInt8 PathID, UInt8 TargetID, UInt8 LUN, UInt32 RequestDuration, UInt8 Command, UInt8 ScsiStatus, UInt8 SrbStatus)	OpCodeMiniportIORequestServiceTime	IoPerfNotification	MiniportIORequestServiceTime	Informational		
Microsoft-Windows-StorPort	14	1	None_V1(UnicodeString Field, UnicodeString PivotField, HexInt32 PivotValue, UInt32 OriginalValue, UInt32 NewValue)		Config	None	Informational		
Microsoft-Windows-StorPort	15	1	None15_V1(UnicodeString AdapterName, UInt32 PortNumber, UInt8 PathID, UInt8 TargetID, UInt8 LUN, UInt32 CurrentDepth, UInt32 NewDepth, UInt32 MaxDepth, Boolean StorportApi)		Config	None	Informational		
Microsoft-Windows-StorPort	16	1	None16_V1(UnicodeString AdapterName, UInt32 PortNumber, UInt32 InitialCount, UInt32 MaxCount, UInt32 ResourceSize, HexInt64 MemorySize)		Config	None	Informational		
Microsoft-Windows-StorPort	17	1	None17_V1(UnicodeString AdapterName, UInt32 PortNumber, UInt32 CurrentOutstanding, UInt32 OldHighWaterMark, UInt32 NewHighWaterMark, UInt32 MaxCount)		Config	None	Informational		
Microsoft-Windows-StorPort	18	1	None18_V1(UnicodeString AdapterName, UInt32 PortNumber, UInt32 CurrentOutstanding, UInt32 HighWaterMark, UInt32 MaxCount, UInt32 MemAllocFailures, UInt32 ConsecutiveFailures, UInt32 SuspendCount)		Config	None	Warning		
Microsoft-Windows-StorPort	19	1	None19_V1(UInt32 Version, UInt32 Size, HexInt32 Flags, UInt32 ConcurrentChannels, UInt32 FirstRedirectionMessageNumber, UInt32 LastRedirectionMessageNumber, UInt32 DeviceNode)		Config	None	Informational		
Microsoft-Windows-StorPort	20	1	None20_V1(UInt32 Version, UInt32 Size, HexInt32 Flags, UInt32 ConcurrentChannels, UInt32 FirstRedirectionMessageNumber, UInt32 LastRedirectionMessageNumber, UInt32 DeviceNode)		Config	None	Informational		
Microsoft-Windows-StorPort	21	1	None21_V1(HexInt32 HwInitializationDataSize, UInt32 AdapterInterfaceType, HexInt32 DeviceExtensionSize, HexInt32 SpecificLuExtensionSize, HexInt32 SrbExtensionSize, HexInt32 FeatureSupport, HexInt32 SrbTypeFlags, HexInt32 AddressTypeFlags, HexInt64 HwFreeAdapterResources, HexInt64 HwProcessServiceRequest, HexInt64 HwCompleteServiceIrp, HexInt64 HwInitializeTracing, HexInt64 HwCleanupTracing)		Config	None	Informational		
Microsoft-Windows-StorPort	22	1	None22_V1(HexInt32 Length, HexInt32 MaxTransferLength, UInt32 NumberOfBuses, UInt32 MaxNumberOfTargets, UInt32 MaxNumberOfLogicalUnits, UInt32 MaxNumberOfIO, UInt32 MaxIOsPerLun, UInt32 InitialLunQueueDepth, HexInt32 RequestedDumpBufferSize, HexInt32 FeatureSupport, UInt8 SrbType, UInt8 AddressType, UInt8 Dma64BitAddress, UInt32 BusResetHoldTime, UInt32 InterruptSynchronizationMode, Boolean CachesData, Boolean VirtualDevice)		Config	None	Informational		
Microsoft-Windows-StorPort	23	1	None23_V1(HexInt32 Length, HexInt32 MaxTransferLength, UInt32 NumberOfBuses, UInt32 MaxNumberOfTargets, UInt32 MaxNumberOfLogicalUnits, UInt32 MaxNumberOfIO, UInt32 MaxIOsPerLun, UInt32 InitialLunQueueDepth, HexInt32 RequestedDumpBufferSize, HexInt32 FeatureSupport, UInt8 SrbType, UInt8 AddressType, UInt8 Dma64BitAddress, UInt32 BusResetHoldTime, UInt32 InterruptSynchronizationMode, Boolean CachesData, Boolean VirtualDevice)		Config	None	Informational		
Microsoft-Windows-StorPort	24	1	None24_V1(UnicodeString Operation, UInt64 Duration_100ns)		Perf	None	Informational		
Microsoft-Windows-StorPort	25	1	StatechangedetectnotificationOpCodeStateChangeDetected_V1(Pointer MiniportExtension, UInt32 PortNumber, UInt32 ChangedEntity, UInt8 PathID, UInt8 TargetID, UInt8 LUN, UInt32 Attributes, Pointer HwStateChange, Pointer HwStateChangeContext)	OpCodeStateChangeDetected	PortNotification	Statechangedetectnotification	Informational		
Microsoft-Windows-StorPort	26	1	TargetedreenumerationOpCodeTargetedReenumeration_V1(UnicodeString AdapterName, UInt32 PortNumber, UInt32 ChangedEntity, UInt8 PathID, UInt8 TargetID, UInt8 LUN, UInt32 Attributes, Pointer HwStateChange, Pointer HwStateChangeContext)	OpCodeTargetedReenumeration	Enum	Targetedreenumeration	Informational		
Microsoft-Windows-StorPort	200	2	Port200_V2(UInt64 RequestDuration_100ns, Pointer Irp, UInt8 Command, UInt8 SrbStatus, Pointer OriginalIrp, UInt8 Port, UInt8 Bus, UInt8 Target, UInt8 LUN, UInt8 ScsiStatus, UInt32 ByteLengthOfTransfer, UInt64 BuildIoDuration_100ns, UInt64 StartIoDuration_100ns)		IO_Performance	Port	Informational		
Microsoft-Windows-StorPort	201	2	Port201_V2(UInt64 RequestDuration_100ns, Pointer Irp, UInt8 Command, UInt8 SrbStatus, Pointer OriginalIrp, UInt8 Port, UInt8 Bus, UInt8 Target, UInt8 LUN, UInt8 ScsiStatus, UInt32 ByteLengthOfTransfer, UInt64 BuildIoDuration_100ns, UInt64 StartIoDuration_100ns)		IO_Performance	Port	Informational		
Microsoft-Windows-StorPort	202	2	PortDispatchingofrequest.202_V2(Pointer Irp, UInt8 Command, UInt64 LengthOfTransferinblocks, HexInt64 LBA, Pointer OriginalIrp, UInt8 NvCachePriority)	Dispatchingofrequest.	Read	Port	Informational		
Microsoft-Windows-StorPort	203	2	PortDispatchingofrequest.203_V2(Pointer Irp, UInt8 Command, UInt64 LengthOfTransferinblocks, HexInt64 LBA, Pointer OriginalIrp, UInt8 NvCachePriority)	Dispatchingofrequest.	Write	Port	Informational		
Microsoft-Windows-StorPort	204	2	PortDispatchingofrequest.204_V2(Pointer Irp, UInt8 Command, UInt64 LengthOfTransferinblocks, HexInt64 LBA, Pointer OriginalIrp, UInt8 NvCachePriority)	Dispatchingofrequest.	Read PagingRead	Port	Informational		
Microsoft-Windows-StorPort	205	2	PortDispatchingofrequest.205_V2(Pointer Irp, UInt8 Command, UInt64 LengthOfTransferinblocks, HexInt64 LBA, Pointer OriginalIrp, UInt8 NvCachePriority)	Dispatchingofrequest.	Write PagingWrite	Port	Informational		
Microsoft-Windows-StorPort	206	2	PortDispatchingofrequest.206_V2(Pointer Irp, UInt8 Command, UInt64 LengthOfTransferinblocks, HexInt64 LBA, Pointer OriginalIrp, UInt8 NvCachePriority)	Dispatchingofrequest.	Read LowMemoryRead	Port	Informational		
Microsoft-Windows-StorPort	207	2	PortDispatchingofrequest.207_V2(Pointer Irp, UInt8 Command, UInt64 LengthOfTransferinblocks, HexInt64 LBA, Pointer OriginalIrp, UInt8 NvCachePriority)	Dispatchingofrequest.	Write LowMemoryWrite	Port	Informational		
Microsoft-Windows-StorPort	208	1	PortCompletionofrequest._V1(Pointer Irp, HexInt32 NTStatus, UInt8 SrbStatus, UInt8 ScsiStatus, UInt8 SenseKey, UInt8 AddSense, UInt8 AddSenseQ, Pointer OriginalIrp)	Completionofrequest.	Read Write PagingRead PagingWrite LowMemoryRead LowMemoryWrite	Port	Informational		
Microsoft-Windows-StorPort	209	1	PortRetryhandling._V1(Pointer Irp, UInt32 CurrentRetryCount)	Retryhandling.	Read Write PagingRead PagingWrite LowMemoryRead LowMemoryWrite	Port	Informational		
Microsoft-Windows-StorPort	210	1	Port_V1(Pointer Irp, UInt8 Bus, UInt8 Target, UInt8 LUN)		Flush	Port	Informational		
Microsoft-Windows-StorPort	211	1	PortCompletionofrequest.211_V1(Pointer Irp, HexInt32 NTStatus, UInt8 SrbStatus, UInt8 ScsiStatus, UInt8 SenseKey, UInt8 AddSense, UInt8 AddSenseQ, Pointer OriginalIrp)	Completionofrequest.	Flush	Port	Informational		
Microsoft-Windows-StorPort	212	1	PortDispatchingofrequest._V1(Pointer Irp, HexInt32 MajorFunction, HexInt32 MinorFunction, HexInt32 Parameter)	Dispatchingofrequest.	IOCTL	Port	Informational		
Microsoft-Windows-StorPort	213	1	PortDispatchingofrequest.213_V1(Pointer Irp, HexInt32 MajorFunction, HexInt32 MinorFunction, HexInt32 Parameter)	Dispatchingofrequest.	WMI	Port	Informational		
Microsoft-Windows-StorPort	214	1	PortCompletionofrequest.214_V1(Pointer Irp, HexInt32 Status)	Completionofrequest.	IOCTL WMI	Port	Informational		
Microsoft-Windows-StorPort	215	2	PortDispatchingofrequest.215_V2(UInt32 PortNumber, Pointer Irp, HexInt32 MinorFunction, UInt8 Type, HexInt32 OldState, HexInt32 NewState, HexInt32 Action, HexInt32 PowerStateContext)	Dispatchingofrequest.	Power	Port	Informational		
Microsoft-Windows-StorPort	216	2	PortCompletionofrequest.216_V2(UInt32 PortNumber, UInt8 Bus, UInt8 Target, UInt8 LUN, Pointer Irp, HexInt32 Status)	Completionofrequest.	Power	Port	Informational		
Microsoft-Windows-StorPort	217	1	PortDispatchingofrequest.217_V1(Pointer Irp, HexInt32 MinorFunction, HexInt32 Type, Pointer DeviceObject)	Dispatchingofrequest.	PnP	Port	Informational		
Microsoft-Windows-StorPort	218	1	PortCompletionofrequest.218_V1(Pointer Irp, HexInt32 Status)	Completionofrequest.	PnP	Port	Informational		
Microsoft-Windows-StorPort	219	1	PortCompletionofrequest.219_V1(Pointer Irp, UInt32 NumberOfChildren, HexInt32 Status)	Completionofrequest.	PnP Enum	Port	Informational		
Microsoft-Windows-StorPort	220	1	PortEventQueuerelatedoperation._V1(HexInt32 QueueTag, UInt8 Operation, HexInt32 Status)	EventQueuerelatedoperation.	Queue	Port	Informational		
Microsoft-Windows-StorPort	221	1	PortDispatchingofrequest.221_V1(Pointer Irp, HexInt32 MajorFunction, HexInt32 MinorFunction, HexInt32 Parameter)	Dispatchingofrequest.	PassThrough IOCTL	Port	Informational		
Microsoft-Windows-StorPort	222	1	Port222_V1(UInt8 Port, UInt8 Bus, UInt8 Target, UInt8 LUN, UInt64 RequestDuration, UInt32 CDBLength, Binary CDB, UInt8 SrbStatus, Pointer Irp, Pointer OriginalIrp, UInt64 BuildIoDuration, UInt64 StartIoDuration, UInt64 MiniportDuration)		Logo_Performance	Port	Informational		
Microsoft-Windows-StorPort	223	1	Port223_V1(UInt8 Port, UInt8 Bus, UInt8 Target, UInt8 LUN, UInt64 RequestDuration, UInt32 CDBLength, Binary CDB, UInt8 SrbStatus, Pointer Irp, Pointer OriginalIrp, UInt64 BuildIoDuration, UInt64 StartIoDuration, UInt64 MiniportDuration)		Logo_Performance	Port	Informational		
Microsoft-Windows-StorPort	224	1	DpcCompletionofrequest._V1(Pointer DpcRoutine, UnicodeString DpcRoutineName, UInt32 PortNumber, UInt32 CompletionCount, UInt64 QpcTicks, UInt64 Duration_100ns, Boolean SwitchDpcProc, Boolean RevertDpcProc)	Completionofrequest.	DPC	Dpc	Informational		
Microsoft-Windows-StorPort	225	1	PortStart_V1(Pointer PoHandle, UInt32 PortNumber, UInt8 Bus, UInt8 Target, UInt8 LUN, Boolean DIrpRequested, UInt64 DPNRDurationMsec)	Start	Power	Port	Informational		
Microsoft-Windows-StorPort	226	1	PortStop_V1(Pointer PoHandle, UInt32 PortNumber, UInt8 Bus, UInt8 Target, UInt8 LUN, Boolean DIrpRequested)	Stop	Power	Port	Informational		
Microsoft-Windows-StorPort	227	1	PortStart227_V1(Pointer PoHandle, UInt32 PortNumber, UInt8 Bus, UInt8 Target, UInt8 LUN, Boolean DIrpRequested, UInt32 IdleTimeoutMsec)	Start	Power	Port	Informational		
Microsoft-Windows-StorPort	228	1	PortStop228_V1(Pointer PoHandle, UInt32 PortNumber, UInt8 Bus, UInt8 Target, UInt8 LUN, Boolean DIrpRequested)	Stop	Power	Port	Informational		
Microsoft-Windows-StorPort	229	2	Port229_V2(Pointer PoHandle, UInt32 PortNumber, UInt8 Bus, UInt8 Target, UInt8 LUN, HexInt32 RegistrationStatus, Boolean Requested_D3ColdSupported, Boolean Requested_WakeCapable, UInt32 Requested_IdleTimeoutInMS, UInt32 NumberOfFStates, Boolean Actual_D3ColdSupported, Boolean Actual_WakeCapable, UInt32 Actual_IdleTimeoutInMS)		Power	Port	Informational		
Microsoft-Windows-StorPort	230	1	PortStart230_V1(Pointer PoHandle, UInt32 PortNumber, UInt8 Bus, UInt8 Target, UInt8 LUN, UInt32 Component, UInt32 FState)	Start	Power	Port	Informational		
Microsoft-Windows-StorPort	231	1	PortStop231_V1(Pointer PoHandle, UInt32 PortNumber, UInt8 Bus, UInt8 Target, UInt8 LUN, UInt32 Component, UInt32 FState)	Stop	Power	Port	Informational		
Microsoft-Windows-StorPort	232	1	PortStart232_V1(Pointer PoHandle, UInt32 PortNumber, UInt8 Bus, UInt8 Target, UInt8 LUN, UInt32 Component)	Start	Power	Port	Informational		
Microsoft-Windows-StorPort	233	1	PortStop233_V1(Pointer PoHandle, UInt32 PortNumber, UInt8 Bus, UInt8 Target, UInt8 LUN, UInt32 Component)	Stop	Power	Port	Informational		
Microsoft-Windows-StorPort	234	1	PortStart234_V1(Pointer PoHandle, UInt32 PortNumber, UInt8 Bus, UInt8 Target, UInt8 LUN, UInt32 Component)	Start	Power	Port	Informational		
Microsoft-Windows-StorPort	235	1	PortStop235_V1(Pointer PoHandle, UInt32 PortNumber, UInt8 Bus, UInt8 Target, UInt8 LUN, UInt32 Component)	Stop	Power	Port	Informational		
Microsoft-Windows-StorPort	236	1	PortStart236_V1(Pointer PoHandle, UInt32 PortNumber, Boolean DIrpRequested, UInt64 DPNRDurationMsec)	Start	Power	Port	Informational		
Microsoft-Windows-StorPort	237	1	PortStop237_V1(Pointer PoHandle, UInt32 PortNumber, Boolean DIrpRequested)	Stop	Power	Port	Informational		
Microsoft-Windows-StorPort	238	1	PortStart238_V1(Pointer PoHandle, UInt32 PortNumber, Boolean DIrpRequested, UInt32 IdleTimeoutMsec)	Start	Power	Port	Informational		
Microsoft-Windows-StorPort	239	1	PortStop239_V1(Pointer PoHandle, UInt32 PortNumber, Boolean DIrpRequested)	Stop	Power	Port	Informational		
Microsoft-Windows-StorPort	240	2	Port240_V2(Pointer PoHandle, UInt32 PortNumber, Boolean D3ColdEnabled, UInt32 IdleTimeoutInMS, UInt32 NumberOfFStates, Boolean PlaceHolderModeEnable)		Power	Port	Informational		
Microsoft-Windows-StorPort	241	1	PortStart241_V1(Pointer PoHandle, UInt32 PortNumber, UInt32 Component, UInt32 FState)	Start	Power	Port	Informational		
Microsoft-Windows-StorPort	242	1	PortStop242_V1(Pointer PoHandle, UInt32 PortNumber, UInt32 Component, UInt32 FState)	Stop	Power	Port	Informational		
Microsoft-Windows-StorPort	243	1	PortStart243_V1(Pointer PoHandle, UInt32 PortNumber, UInt32 Component)	Start	Power	Port	Informational		
Microsoft-Windows-StorPort	244	1	PortStop244_V1(Pointer PoHandle, UInt32 PortNumber, UInt32 Component)	Stop	Power	Port	Informational		
Microsoft-Windows-StorPort	245	1	PortStart245_V1(Pointer PoHandle, UInt32 PortNumber, UInt32 Component)	Start	Power	Port	Informational		
Microsoft-Windows-StorPort	246	1	PortStop246_V1(Pointer PoHandle, UInt32 PortNumber, UInt32 Component)	Stop	Power	Port	Informational		
Microsoft-Windows-StorPort	247	1	PortEventQueuerelatedoperation.247_V1(Pointer QueueID, UInt32 QueueTag, UInt8 Operation, UInt8 EnqueueReason, UInt32 QueuedIoCount, UInt32 OutstandingIoCount, HexInt32 NTStatus)	EventQueuerelatedoperation.	Queue	Port	Informational		
Microsoft-Windows-StorPort	248	1	IsrCompletionofrequest._V1(Pointer IsrRoutine, UInt32 PortNumber, UInt32 Processor, UInt64 Duration_100ns)	Completionofrequest.	ISR	Isr	Informational		
Microsoft-Windows-StorPort	250	3	Port250_V3(UnicodeString MiniportName, UInt32 MiniportEventId, UnicodeString MiniportEventDescription, UInt32 PortNumber, GUID AdapterGuid, Boolean BootDevice, UnicodeString Parameter1Name, UInt64 Parameter1Value, UnicodeString Parameter2Name, UInt64 Parameter2Value)		keyword_200000000000	Port	Informational		
Microsoft-Windows-StorPort	251	3	Port251_V3(UnicodeString MiniportName, UInt32 MiniportEventId, UnicodeString MiniportEventDescription, UInt32 PortNumber, GUID AdapterGuid, Boolean BootDevice, UnicodeString Parameter1Name, UInt64 Parameter1Value, UnicodeString Parameter2Name, UInt64 Parameter2Value, UnicodeString Parameter3Name, UInt64 Parameter3Value, UnicodeString Parameter4Name, UInt64 Parameter4Value)		keyword_200000000000	Port	Informational		
Microsoft-Windows-StorPort	252	3	Port252_V3(UnicodeString MiniportName, UInt32 MiniportEventId, UnicodeString MiniportEventDescription, UInt32 PortNumber, GUID AdapterGuid, Boolean BootDevice, UnicodeString Parameter1Name, UInt64 Parameter1Value, UnicodeString Parameter2Name, UInt64 Parameter2Value, UnicodeString Parameter3Name, UInt64 Parameter3Value, UnicodeString Parameter4Name, UInt64 Parameter4Value, UnicodeString Parameter5Name, UInt64 Parameter5Value, UnicodeString Parameter6Name, UInt64 Parameter6Value, UnicodeString Parameter7Name, UInt64 Parameter7Value, UnicodeString Parameter8Name, UInt64 Parameter8Value)		keyword_200000000000	Port	Informational		
Microsoft-Windows-StorPort	253	3	Port253_V3(UnicodeString MiniportName, UInt32 MiniportEventId, UnicodeString MiniportEventDescription, UInt32 PortNumber, GUID AdapterGuid, UInt8 PathID, UInt8 TargetID, UInt8 LUN, GUID ClassDeviceGuid, AnsiString VendorId, AnsiString ProductId, AnsiString SerialNumber, Boolean BootDevice, UnicodeString Parameter1Name, UInt64 Parameter1Value, UnicodeString Parameter2Name, UInt64 Parameter2Value)		keyword_200000000000	Port	Informational		
Microsoft-Windows-StorPort	254	3	Port254_V3(UnicodeString MiniportName, UInt32 MiniportEventId, UnicodeString MiniportEventDescription, UInt32 PortNumber, GUID AdapterGuid, UInt8 PathID, UInt8 TargetID, UInt8 LUN, GUID ClassDeviceGuid, AnsiString VendorId, AnsiString ProductId, AnsiString SerialNumber, Boolean BootDevice, UnicodeString Parameter1Name, UInt64 Parameter1Value, UnicodeString Parameter2Name, UInt64 Parameter2Value, UnicodeString Parameter3Name, UInt64 Parameter3Value, UnicodeString Parameter4Name, UInt64 Parameter4Value)		keyword_200000000000	Port	Informational		
Microsoft-Windows-StorPort	255	3	Port255_V3(UnicodeString MiniportName, UInt32 MiniportEventId, UnicodeString MiniportEventDescription, UInt32 PortNumber, GUID AdapterGuid, UInt8 PathID, UInt8 TargetID, UInt8 LUN, GUID ClassDeviceGuid, AnsiString VendorId, AnsiString ProductId, AnsiString SerialNumber, Boolean BootDevice, UnicodeString Parameter1Name, UInt64 Parameter1Value, UnicodeString Parameter2Name, UInt64 Parameter2Value, UnicodeString Parameter3Name, UInt64 Parameter3Value, UnicodeString Parameter4Name, UInt64 Parameter4Value, UnicodeString Parameter5Name, UInt64 Parameter5Value, UnicodeString Parameter6Name, UInt64 Parameter6Value, UnicodeString Parameter7Name, UInt64 Parameter7Value, UnicodeString Parameter8Name, UInt64 Parameter8Value)		keyword_200000000000	Port	Informational		
Microsoft-Windows-StorPort	256	3	Port256_V3(UnicodeString MiniportName, UInt32 MiniportEventId, UnicodeString MiniportEventDescription, UInt32 PortNumber, GUID AdapterGuid, UInt8 PathID, UInt8 TargetID, UInt8 LUN, GUID ClassDeviceGuid, AnsiString VendorId, AnsiString ProductId, AnsiString SerialNumber, Boolean BootDevice, Pointer Irp, Pointer Srb, UnicodeString Parameter1Name, UInt64 Parameter1Value, UnicodeString Parameter2Name, UInt64 Parameter2Value)		keyword_200000000000	Port	Informational		
Microsoft-Windows-StorPort	257	3	Port257_V3(UnicodeString MiniportName, UInt32 MiniportEventId, UnicodeString MiniportEventDescription, UInt32 PortNumber, GUID AdapterGuid, UInt8 PathID, UInt8 TargetID, UInt8 LUN, GUID ClassDeviceGuid, AnsiString VendorId, AnsiString ProductId, AnsiString SerialNumber, Boolean BootDevice, Pointer Irp, Pointer Srb, UnicodeString Parameter1Name, UInt64 Parameter1Value, UnicodeString Parameter2Name, UInt64 Parameter2Value, UnicodeString Parameter3Name, UInt64 Parameter3Value, UnicodeString Parameter4Name, UInt64 Parameter4Value)		keyword_200000000000	Port	Informational		
Microsoft-Windows-StorPort	258	3	Port258_V3(UnicodeString MiniportName, UInt32 MiniportEventId, UnicodeString MiniportEventDescription, UInt32 PortNumber, GUID AdapterGuid, UInt8 PathID, UInt8 TargetID, UInt8 LUN, GUID ClassDeviceGuid, AnsiString VendorId, AnsiString ProductId, AnsiString SerialNumber, Boolean BootDevice, Pointer Irp, Pointer Srb, UnicodeString Parameter1Name, UInt64 Parameter1Value, UnicodeString Parameter2Name, UInt64 Parameter2Value, UnicodeString Parameter3Name, UInt64 Parameter3Value, UnicodeString Parameter4Name, UInt64 Parameter4Value, UnicodeString Parameter5Name, UInt64 Parameter5Value, UnicodeString Parameter6Name, UInt64 Parameter6Value, UnicodeString Parameter7Name, UInt64 Parameter7Value, UnicodeString Parameter8Name, UInt64 Parameter8Value)		keyword_200000000000	Port	Informational		
Microsoft-Windows-StorPort	259	1	PortStop259_V1(Pointer PoHandle, UInt32 PortNumber, UInt8 Bus, UInt8 Target, UInt8 LUN, UInt32 Component, UInt32 FState)	Stop	Power	Port	Informational		
Microsoft-Windows-StorPort	260	1	PortCompletionofrequest.260_V1(UInt32 PortNumber, Pointer Irp, HexInt32 Status)	Completionofrequest.	Power	Port	Informational		
Microsoft-Windows-StorPort	261	1	Port261_V1(Pointer PoHandle, UInt32 PortNumber, UInt32 Requested_AdapterIdleTimeout_ms, UInt32 Actual_AdapterIdleTimeout_ms)		Power	Port	Informational		
Microsoft-Windows-StorPort	262	1	PortDispatchingofrequest.262_V1(UInt32 PortNumber, UInt8 Bus, UInt8 Target, UInt8 LUN, Pointer Irp, HexInt32 MinorFunction, UInt8 Type, HexInt32 OldState, HexInt32 NewState, HexInt32 Action, HexInt32 PowerStateContext)	Dispatchingofrequest.	Power	Port	Informational		
Microsoft-Windows-StorPort	263	1	Port263_V1(UInt32 PortNumber, UInt8 Bus, UInt8 Target, UInt8 LUN, UInt32 CurrentPowerCycleCount, UInt32 PotentialPowerCycleCount, UInt32 MinPowerCyclePeriodInMS)		Power	Port	Informational		
Microsoft-Windows-StorPort	264	1	Port264_V1(UInt32 PortNumber, UInt8 Bus, UInt8 Target, UInt8 LUN, UInt32 CurrentD3IdleTimeout, UInt32 NewD3IdleTimeout, Boolean IoCoalescingOn, Boolean OnBatteryPower)		Power	Port	Informational		
Microsoft-Windows-StorPort	265	1	Port265_V1(UInt32 PortNumber, UInt32 PreviousPowerHint, UInt32 PreviousResumeLatency_ms, UInt32 NewPowerHint, UInt32 NewResumeLatency_ms)		Power	Port	Informational		
Microsoft-Windows-StorPort	267	1	PortStart267_V1(UInt32 PortNumber, UInt8 Bus, UInt8 Target, UInt8 LUN)	Start	Power	Port	Informational		
Microsoft-Windows-StorPort	268	1	PortStop268_V1(UInt32 PortNumber, UInt8 Bus, UInt8 Target, UInt8 LUN, Boolean Success, UInt32 ActiveRefsDuringMaintenanceTime)	Stop	Power	Port	Informational		
Microsoft-Windows-StorPort	269	1	PortCompletionofrequest.269_V1(Pointer Irp, HexInt32 IOCTLCode, Boolean AdapterRequest, UInt32 PortNumber, UInt8 Bus, UInt8 Target, UInt8 LUN, HexInt32 ProtocolType, HexInt32 CommandCode, HexInt32 ReturnStatus, HexInt32 ErrorCode, Boolean UntaggedRequest)	Completionofrequest.	PassThrough IOCTL	Port	Informational		
Microsoft-Windows-StorPort	270	1	PortStart270_V1(Pointer PoHandle, UInt32 PortNumber, UInt8 Bus, UInt8 Target, UInt8 LUN, Boolean DIrpRequested, UInt64 DPNRDurationMsec)	Start	Power	Port	Informational		
Microsoft-Windows-StorPort	271	1	PortStop271_V1(Pointer PoHandle, UInt32 PortNumber, UInt8 Bus, UInt8 Target, UInt8 LUN, Boolean DIrpRequested)	Stop	Power	Port	Informational		
Microsoft-Windows-StorPort	272	1	PortStart272_V1(Pointer PoHandle, UInt32 PortNumber, UInt8 Bus, UInt8 Target, UInt8 LUN, Boolean DIrpRequested, UInt64 DPNRDurationMsec)	Start	Power	Port	Informational		
Microsoft-Windows-StorPort	273	1	PortStop273_V1(Pointer PoHandle, UInt32 PortNumber, UInt8 Bus, UInt8 Target, UInt8 LUN, Boolean DIrpRequested)	Stop	Power	Port	Informational		
Microsoft-Windows-StorPort	274	1	PortStart274_V1(Pointer PoHandle, UInt32 PortNumber, Boolean DIrpRequested, UInt64 DPNRDurationMsec)	Start	Power	Port	Informational		
Microsoft-Windows-StorPort	275	1	PortStop275_V1(Pointer PoHandle, UInt32 PortNumber, Boolean DIrpRequested)	Stop	Power	Port	Informational		
Microsoft-Windows-StorPort	276	1	PortStart276_V1(Pointer PoHandle, UInt32 PortNumber, Boolean DIrpRequested, UInt32 IdleTimeoutMsec)	Start	Power	Port	Informational		
Microsoft-Windows-StorPort	277	1	PortStop277_V1(Pointer PoHandle, UInt32 PortNumber, Boolean DIrpRequested)	Stop	Power	Port	Informational		
Microsoft-Windows-StorPort	278	1	None278_V1(UInt32 PortNumber, UInt8 PathID, UInt8 TargetID, UInt8 LUN, GUID ClassDeviceGuid, GUID AdapterGuid, UnicodeString MiniportName, AnsiString VendorId, AnsiString ProductId, AnsiString SerialNumber, UnicodeString AdapterSerialNumber, AnsiString Description, UInt64 Param1, UInt64 Param2, UInt64 Param3, UInt64 Param4)		keyword_400000000000	None	Informational		
Microsoft-Windows-StorPort	279	1	None279_V1(UInt32 PortNumber, UInt8 PathID, UInt8 TargetID, UInt8 LUN, GUID ClassDeviceGuid, GUID AdapterGuid, UnicodeString MiniportName, AnsiString VendorId, AnsiString ProductId, AnsiString SerialNumber, UnicodeString AdapterSerialNumber, UInt32 TcgStatus)		keyword_400000000000	None	Informational		
Microsoft-Windows-StorPort	300	1	PortNVMeOperation._V1(Pointer Irp, HexInt32 Status)	NVMeOperation.	NVMe	Port	Informational		
Microsoft-Windows-StorPort	301	1	PortNVMeOperation.301_V1(UInt32 PortNumber, GUID AdapterGuid, AnsiString AdapterSerialNumber, UInt16 VendorID, UInt16 SubsystemVendorID, AnsiString ProductID, AnsiString FirmwareRevision, UInt32 NamespaceID, HexInt32 Status, UInt8 Reason)	NVMeOperation.	NVMe	Port	Informational		
Microsoft-Windows-StorPort	302	1	NoneNVMeOperation._V1(UInt32 PortNumber, UInt8 PathID, UInt8 TargetID, UInt8 LUN, GUID ClassDeviceGuid, GUID AdapterGuid, UnicodeString MiniportName, AnsiString VendorId, AnsiString ProductId, AnsiString SerialNumber, UnicodeString AdapterSerialNumber, Pointer VirtualAddress, UInt64 PhysicalAddress, UInt32 AddressLength, UInt32 Status)	NVMeOperation.	NVMe	None	Informational		
Microsoft-Windows-StorPort	303	1	NoneNVMeOperation.303_V1(UInt32 PortNumber, UInt8 PathID, UInt8 TargetID, UInt8 LUN, GUID ClassDeviceGuid, GUID AdapterGuid, UnicodeString MiniportName, AnsiString VendorId, AnsiString ProductId, AnsiString SerialNumber, UnicodeString AdapterSerialNumber, Pointer VirtualAddress, UInt32 AddressLength)	NVMeOperation.	NVMe	None	Informational		
Microsoft-Windows-StorPort	500	5	None500_V5(UnicodeString MiniportName, UInt32 PortNumber, GUID AdapterGuid, UInt8 PathID, UInt8 TargetID, UInt8 LUN, GUID ClassDeviceGuid, AnsiString VendorId, AnsiString ProductId, AnsiString SerialNumber, Boolean BootDevice, UInt32 SrbFunction, UInt32 CdbLength, Binary Cdb, UInt32 SrbTimeout, Boolean AbortSupported, Pointer Srb, HexInt32 IoctlControlCode, HexInt64 IoctlSignature, UInt32 TimeoutsInMiniport, Boolean QosEnabled, HexInt32 Flags, UInt32 SrbDataBufferLength, Binary SrbDataBuffer)		keyword_80000000000	None	Warning		
Microsoft-Windows-StorPort	501	3	BusresetOpCodeBusReset_V3(UnicodeString MiniportName, UInt32 PortNumber, GUID AdapterGuid, UInt8 PathID, GUID ClassDeviceGuid, AnsiString VendorId, AnsiString ProductId, AnsiString SerialNumber, Boolean BootDevice, UInt32 BusResetReason)	OpCodeBusReset	Reset	Busreset	Error		
Microsoft-Windows-StorPort	502	2	None502_V2(UnicodeString MiniportName, UInt32 PortNumber, GUID AdapterGuid, UInt8 PathID, UInt8 TargetID, UInt8 LUN, GUID ClassDeviceGuid, AnsiString VendorId, AnsiString ProductId, AnsiString SerialNumber, UInt32 Reason)		DeviceState	None	Error		
Microsoft-Windows-StorPort	503	2	None503_V2(UnicodeString MiniportName, UInt32 PortNumber, GUID AdapterGuid, UInt8 PathID, UInt8 TargetID, UInt8 LUN, GUID ClassDeviceGuid, AnsiString VendorId, AnsiString ProductId, AnsiString SerialNumber, UInt32 Reason)		DeviceState	None	Informational		
Microsoft-Windows-StorPort	504	4	Port504_V4(UInt32 PortNumber, UInt8 PathID, UInt8 TargetID, UInt8 LUN, GUID ClassDeviceGuid, GUID AdapterGuid, UInt32 BusType, UnicodeString MiniportName, AnsiString VendorId, AnsiString ProductId, AnsiString SerialNumber, UnicodeString AdapterSerialNumber, UInt64 SystemUptime_s, UInt8 Version, UInt32 TotalErrors, UInt32 TotalReadWriteErrors, UInt32 TotalImpendingDeviceFailureErrors, UInt32 TotalDeviceFailureErrors, UInt32 TimeoutsInMiniport, UInt32 HierarchicalResetSuccessCount, UInt32 LastError_RequestDuration_ms, UInt32 LastError_WaitDuration_ms, UInt8 LastError_Command, UInt8 LastError_SrbStatus, UInt8 LastError_ScsiStatus, UInt8 LastError_SenseKey, UInt8 LastError_AddSense, UInt8 LastError_AddSenseQ, UInt32 LastError_IoSize, UInt32 LastError_QueueDepth, HexInt64 LastError_LBA, UInt32 SampledErrorLogArrayLength, Binary SampledErrorLogArray, UInt32 UniqueErrorLogArrayLength, Binary UniqueErrorLogArray)		Read Write	Port	Informational		
Microsoft-Windows-StorPort	505	6	Port505_V6(UInt32 PortNumber, UInt8 PathID, UInt8 TargetID, UInt8 LUN, GUID ClassDeviceGuid, GUID AdapterGuid, UInt32 BusType, UnicodeString MiniportName, UInt32 IoTimeout_s, AnsiString VendorId, AnsiString ProductId, AnsiString SerialNumber, UnicodeString AdapterSerialNumber, AnsiString FirmwareRevision, Boolean BootDevice, UInt64 SystemUptime_s, UInt8 Version, UInt64 TotalIoCount, UInt64 TotalDeviceQueueIoCount, UInt32 MaxDeviceQueueCount, UInt32 MaxOutstandingCount, UInt64 TotalDeviceQueueIoWaitDuration_100ns, UInt64 MaxDeviceQueueIoWaitDuration_100ns, UInt64 DeviceQueueIoWaitExceededTimeoutCount, UInt64 DeviceQueueIoBusyCount, UInt64 DeviceQueueIoPausedCount, UInt64 DeviceQueueIoUntaggedCommandOutstandingCount, UInt64 DeviceQueueIoPausedForUntaggedCount, UInt32 MaxReadWriteLatency_100ns, UInt32 MaxFlushLatency_100ns, UInt32 MaxUnmapLatency_100ns, UnicodeString IoLatencyBuckets, UInt64 BucketIoSuccess1, UInt64 BucketIoSuccess2, UInt64 BucketIoSuccess3, UInt64 BucketIoSuccess4, UInt64 BucketIoSuccess5, UInt64 BucketIoSuccess6, UInt64 BucketIoSuccess7, UInt64 BucketIoSuccess8, UInt64 BucketIoSuccess9, UInt64 BucketIoSuccess10, UInt64 BucketIoSuccess11, UInt64 BucketIoSuccess12, UInt64 BucketIoSuccess13, UInt64 BucketIoSuccess14, UInt64 BucketIoFailed1, UInt64 BucketIoFailed2, UInt64 BucketIoFailed3, UInt64 BucketIoFailed4, UInt64 BucketIoFailed5, UInt64 BucketIoFailed6, UInt64 BucketIoFailed7, UInt64 BucketIoFailed8, UInt64 BucketIoFailed9, UInt64 BucketIoFailed10, UInt64 BucketIoFailed11, UInt64 BucketIoFailed12, UInt64 BucketIoFailed13, UInt64 BucketIoFailed14, UInt64 BucketIoLatency1_100ns, UInt64 BucketIoLatency2_100ns, UInt64 BucketIoLatency3_100ns, UInt64 BucketIoLatency4_100ns, UInt64 BucketIoLatency5_100ns, UInt64 BucketIoLatency6_100ns, UInt64 BucketIoLatency7_100ns, UInt64 BucketIoLatency8_100ns, UInt64 BucketIoLatency9_100ns, UInt64 BucketIoLatency10_100ns, UInt64 BucketIoLatency11_100ns, UInt64 BucketIoLatency12_100ns, UInt64 BucketIoLatency13_100ns, UInt64 BucketIoLatency14_100ns, UInt64 TotalReadBytes, UInt64 TotalWriteBytes, UInt64 HighLatencyIoCount)		Read Write	Port	Informational		
Microsoft-Windows-StorPort	506	3	Port506_V3(UnicodeString MiniportName, UInt32 PortNumber, GUID AdapterGuid, UInt8 PathID, UInt8 TargetID, UInt8 LUN, GUID ClassDeviceGuid, AnsiString VendorId, AnsiString ProductId, AnsiString SerialNumber, UInt64 UnresponsiveRequests, UInt64 QosGuaranteeFailures, UInt8 QosGuaranteeThreshold_s, UInt64 UnitQueueTimeoutCount, UInt64 AdapterQueueTimeoutCount, UInt32 HwQueueTimeoutCount, UInt32 MaxUnitQueueDepth, UInt32 MaxAdapterQueueDepth)		DeviceState	Port	Informational		
Microsoft-Windows-StorPort	507	2	None507_V2(UnicodeString MiniportName, UInt32 PortNumber, GUID AdapterGuid, UInt8 PathID, UInt8 TargetID, UInt8 LUN, GUID ClassDeviceGuid, AnsiString VendorId, AnsiString ProductId, AnsiString SerialNumber, UInt32 SrbFunction, UInt32 CdbLength, Binary Cdb, UInt64 IoDispatchToResetTime_100ns)		keyword_200000000000	None	Error		
Microsoft-Windows-StorPort	508	1	None508_V1(UnicodeString MiniportName, UInt32 PortNumber, UInt8 Bus, UInt8 Target, UInt8 LUN, GUID ClassDeviceGuid, UInt32 AbortedReq_SrbFunction, UInt32 AbortedReq_CdbLength, Binary AbortedReq_Cdb)		keyword_200000000000	None	Error		
Microsoft-Windows-StorPort	509	1	None509_V1(UInt32 PortNumber, UInt8 Bus, UInt8 Target, UInt8 LUN, GUID ClassDeviceGuid, UInt32 AbortSrbTimeout, UInt32 AbortedReq_SrbFunction, UInt32 AbortedReq_CdbLength, Binary AbortedReq_Cdb)		keyword_80000000000	None	Error		
Microsoft-Windows-StorPort	510	4	Port510_V4(UInt32 PortNumber, UInt8 PathID, UInt8 TargetID, UInt8 LUN, GUID ClassDeviceGuid, GUID AdapterGuid, UnicodeString MiniportName, AnsiString VendorId, AnsiString ProductId, AnsiString SerialNumber, AnsiString FirmwareRevision, UInt64 SystemUptime_s, UInt32 Revision, Boolean SmartReturnStatus, UInt32 SmartAttributesLength, Binary SmartAttributes)		DeviceState	Port	Informational		
Microsoft-Windows-StorPort	511	5	Port511_V5(UInt32 PortNumber, UInt8 PathID, UInt8 TargetID, UInt8 LUN, GUID ClassDeviceGuid, GUID AdapterGuid, UnicodeString MiniportName, AnsiString VendorId, AnsiString ProductId, AnsiString SerialNumber, AnsiString FirmwareRevision, Boolean BootDevice, UInt64 SystemUptime_s, UInt32 Revision, UInt32 GeneralLength, Binary General, UInt32 FreeFallLength, Binary Freefall, UInt32 RotatingMediaLength, Binary RotatingMedia, UInt32 GeneralErrorsLength, Binary GeneralErrors, UInt32 TemperatureLength, Binary Temperature, UInt32 TransportLength, Binary Transport, UInt32 SolidStateDeviceLength, Binary SolidStateDevice)		DeviceState	Port	Informational		
Microsoft-Windows-StorPort	512	6	Port512_V6(UInt32 PortNumber, UInt8 PathID, UInt8 TargetID, UInt8 LUN, GUID ClassDeviceGuid, GUID AdapterGuid, UnicodeString MiniportName, AnsiString VendorId, AnsiString ProductId, UnicodeString SerialNumber, AnsiString FirmwareRevision, Boolean BootDevice, UInt64 SystemUptime_s, UInt32 CriticalWarning, UInt32 NvmeHealthLogLength, Binary NvmeHealthLog, UInt8 VendorSpecificLogPageCode, UInt16 VendorSpecificLogPageVersion, UInt32 VendorSpecificLogLength, Binary VendorSpecificLog)		DeviceState	Port	Informational		
Microsoft-Windows-StorPort	513	1	Port513_V1(UnicodeString AdapterName, Int32 PortNumber, UInt32 AllocationPolicy, UInt32 DeviceMinSizeInBytes, UInt32 DevicePreferredSizeInBytes, UInt32 PolicyMaxInBytes, UInt32 TargetAllocationSizeInBytes, UInt32 ActualAllocationSizeInBytes, UInt32 RangesAllocated, UInt32 Success, UInt32 FailReason)		keyword_200000000000	Port	Informational		
Microsoft-Windows-StorPort	514	3	Port514_V3(UInt32 PortNumber, UInt8 PathID, UInt8 TargetID, UInt8 LUN, GUID ClassDeviceGuid, AnsiString VendorId, AnsiString ProductId, AnsiString SerialNumber, Pointer Irp, Pointer OriginalIrp, UInt64 LengthOfTransferinblocks, HexInt64 RequestLBA, HexInt64 CurrentLBA)		SMR	Port	Error		
Microsoft-Windows-StorPort	515	3	Port515_V3(UInt32 PortNumber, UInt8 PathID, UInt8 TargetID, UInt8 LUN, GUID ClassDeviceGuid, AnsiString VendorId, AnsiString ProductId, AnsiString SerialNumber, Pointer Irp, Pointer OriginalIrp, HexInt64 LBA, UInt32 PendingIoCount, Boolean ResetWritePointerAll)		SMR	Port	Informational		
Microsoft-Windows-StorPort	516	3	Port516_V3(UnicodeString MiniportName, UInt32 MiniportEventId, UnicodeString MiniportEventDescription, UInt32 PortNumber, GUID AdapterGuid, Boolean BootDevice, UnicodeString Parameter1Name, UInt64 Parameter1Value, UnicodeString Parameter2Name, UInt64 Parameter2Value)		keyword_200000000000	Port	Error		
Microsoft-Windows-StorPort	517	3	Port517_V3(UnicodeString MiniportName, UInt32 MiniportEventId, UnicodeString MiniportEventDescription, UInt32 PortNumber, GUID AdapterGuid, Boolean BootDevice, UnicodeString Parameter1Name, UInt64 Parameter1Value, UnicodeString Parameter2Name, UInt64 Parameter2Value, UnicodeString Parameter3Name, UInt64 Parameter3Value, UnicodeString Parameter4Name, UInt64 Parameter4Value)		keyword_200000000000	Port	Error		
Microsoft-Windows-StorPort	518	3	Port518_V3(UnicodeString MiniportName, UInt32 MiniportEventId, UnicodeString MiniportEventDescription, UInt32 PortNumber, GUID AdapterGuid, Boolean BootDevice, UnicodeString Parameter1Name, UInt64 Parameter1Value, UnicodeString Parameter2Name, UInt64 Parameter2Value, UnicodeString Parameter3Name, UInt64 Parameter3Value, UnicodeString Parameter4Name, UInt64 Parameter4Value, UnicodeString Parameter5Name, UInt64 Parameter5Value, UnicodeString Parameter6Name, UInt64 Parameter6Value, UnicodeString Parameter7Name, UInt64 Parameter7Value, UnicodeString Parameter8Name, UInt64 Parameter8Value)		keyword_200000000000	Port	Error		
Microsoft-Windows-StorPort	519	3	Port519_V3(UnicodeString MiniportName, UInt32 MiniportEventId, UnicodeString MiniportEventDescription, UInt32 PortNumber, GUID AdapterGuid, UInt8 PathID, UInt8 TargetID, UInt8 LUN, GUID ClassDeviceGuid, AnsiString VendorId, AnsiString ProductId, AnsiString SerialNumber, Boolean BootDevice, UnicodeString Parameter1Name, UInt64 Parameter1Value, UnicodeString Parameter2Name, UInt64 Parameter2Value)		keyword_200000000000	Port	Error		
Microsoft-Windows-StorPort	520	3	Port520_V3(UnicodeString MiniportName, UInt32 MiniportEventId, UnicodeString MiniportEventDescription, UInt32 PortNumber, GUID AdapterGuid, UInt8 PathID, UInt8 TargetID, UInt8 LUN, GUID ClassDeviceGuid, AnsiString VendorId, AnsiString ProductId, AnsiString SerialNumber, Boolean BootDevice, UnicodeString Parameter1Name, UInt64 Parameter1Value, UnicodeString Parameter2Name, UInt64 Parameter2Value, UnicodeString Parameter3Name, UInt64 Parameter3Value, UnicodeString Parameter4Name, UInt64 Parameter4Value)		keyword_200000000000	Port	Error		
Microsoft-Windows-StorPort	521	3	Port521_V3(UnicodeString MiniportName, UInt32 MiniportEventId, UnicodeString MiniportEventDescription, UInt32 PortNumber, GUID AdapterGuid, UInt8 PathID, UInt8 TargetID, UInt8 LUN, GUID ClassDeviceGuid, AnsiString VendorId, AnsiString ProductId, AnsiString SerialNumber, Boolean BootDevice, UnicodeString Parameter1Name, UInt64 Parameter1Value, UnicodeString Parameter2Name, UInt64 Parameter2Value, UnicodeString Parameter3Name, UInt64 Parameter3Value, UnicodeString Parameter4Name, UInt64 Parameter4Value, UnicodeString Parameter5Name, UInt64 Parameter5Value, UnicodeString Parameter6Name, UInt64 Parameter6Value, UnicodeString Parameter7Name, UInt64 Parameter7Value, UnicodeString Parameter8Name, UInt64 Parameter8Value)		keyword_200000000000	Port	Error		
Microsoft-Windows-StorPort	522	3	Port522_V3(UnicodeString MiniportName, UInt32 MiniportEventId, UnicodeString MiniportEventDescription, UInt32 PortNumber, GUID AdapterGuid, UInt8 PathID, UInt8 TargetID, UInt8 LUN, GUID ClassDeviceGuid, AnsiString VendorId, AnsiString ProductId, AnsiString SerialNumber, Boolean BootDevice, Pointer Irp, Pointer Srb, UnicodeString Parameter1Name, UInt64 Parameter1Value, UnicodeString Parameter2Name, UInt64 Parameter2Value)		keyword_200000000000	Port	Error		
Microsoft-Windows-StorPort	523	3	Port523_V3(UnicodeString MiniportName, UInt32 MiniportEventId, UnicodeString MiniportEventDescription, UInt32 PortNumber, GUID AdapterGuid, UInt8 PathID, UInt8 TargetID, UInt8 LUN, GUID ClassDeviceGuid, AnsiString VendorId, AnsiString ProductId, AnsiString SerialNumber, Boolean BootDevice, Pointer Irp, Pointer Srb, UnicodeString Parameter1Name, UInt64 Parameter1Value, UnicodeString Parameter2Name, UInt64 Parameter2Value, UnicodeString Parameter3Name, UInt64 Parameter3Value, UnicodeString Parameter4Name, UInt64 Parameter4Value)		keyword_200000000000	Port	Error		
Microsoft-Windows-StorPort	524	3	Port524_V3(UnicodeString MiniportName, UInt32 MiniportEventId, UnicodeString MiniportEventDescription, UInt32 PortNumber, GUID AdapterGuid, UInt8 PathID, UInt8 TargetID, UInt8 LUN, GUID ClassDeviceGuid, AnsiString VendorId, AnsiString ProductId, AnsiString SerialNumber, Boolean BootDevice, Pointer Irp, Pointer Srb, UnicodeString Parameter1Name, UInt64 Parameter1Value, UnicodeString Parameter2Name, UInt64 Parameter2Value, UnicodeString Parameter3Name, UInt64 Parameter3Value, UnicodeString Parameter4Name, UInt64 Parameter4Value, UnicodeString Parameter5Name, UInt64 Parameter5Value, UnicodeString Parameter6Name, UInt64 Parameter6Value, UnicodeString Parameter7Name, UInt64 Parameter7Value, UnicodeString Parameter8Name, UInt64 Parameter8Value)		keyword_200000000000	Port	Error		
Microsoft-Windows-StorPort	525	3	Port525_V3(UnicodeString MiniportName, UInt32 MiniportEventId, UnicodeString MiniportEventDescription, UInt32 PortNumber, GUID AdapterGuid, Boolean BootDevice, UnicodeString Parameter1Name, UInt64 Parameter1Value, UnicodeString Parameter2Name, UInt64 Parameter2Value)		keyword_200000000000	Port	Warning		
Microsoft-Windows-StorPort	526	3	Port526_V3(UnicodeString MiniportName, UInt32 MiniportEventId, UnicodeString MiniportEventDescription, UInt32 PortNumber, GUID AdapterGuid, Boolean BootDevice, UnicodeString Parameter1Name, UInt64 Parameter1Value, UnicodeString Parameter2Name, UInt64 Parameter2Value, UnicodeString Parameter3Name, UInt64 Parameter3Value, UnicodeString Parameter4Name, UInt64 Parameter4Value)		keyword_200000000000	Port	Warning		
Microsoft-Windows-StorPort	527	3	Port527_V3(UnicodeString MiniportName, UInt32 MiniportEventId, UnicodeString MiniportEventDescription, UInt32 PortNumber, GUID AdapterGuid, Boolean BootDevice, UnicodeString Parameter1Name, UInt64 Parameter1Value, UnicodeString Parameter2Name, UInt64 Parameter2Value, UnicodeString Parameter3Name, UInt64 Parameter3Value, UnicodeString Parameter4Name, UInt64 Parameter4Value, UnicodeString Parameter5Name, UInt64 Parameter5Value, UnicodeString Parameter6Name, UInt64 Parameter6Value, UnicodeString Parameter7Name, UInt64 Parameter7Value, UnicodeString Parameter8Name, UInt64 Parameter8Value)		keyword_200000000000	Port	Warning		
Microsoft-Windows-StorPort	528	3	Port528_V3(UnicodeString MiniportName, UInt32 MiniportEventId, UnicodeString MiniportEventDescription, UInt32 PortNumber, GUID AdapterGuid, UInt8 PathID, UInt8 TargetID, UInt8 LUN, GUID ClassDeviceGuid, AnsiString VendorId, AnsiString ProductId, AnsiString SerialNumber, Boolean BootDevice, UnicodeString Parameter1Name, UInt64 Parameter1Value, UnicodeString Parameter2Name, UInt64 Parameter2Value)		keyword_200000000000	Port	Warning		
Microsoft-Windows-StorPort	529	3	Port529_V3(UnicodeString MiniportName, UInt32 MiniportEventId, UnicodeString MiniportEventDescription, UInt32 PortNumber, GUID AdapterGuid, UInt8 PathID, UInt8 TargetID, UInt8 LUN, GUID ClassDeviceGuid, AnsiString VendorId, AnsiString ProductId, AnsiString SerialNumber, Boolean BootDevice, UnicodeString Parameter1Name, UInt64 Parameter1Value, UnicodeString Parameter2Name, UInt64 Parameter2Value, UnicodeString Parameter3Name, UInt64 Parameter3Value, UnicodeString Parameter4Name, UInt64 Parameter4Value)		keyword_200000000000	Port	Warning		
Microsoft-Windows-StorPort	530	3	Port530_V3(UnicodeString MiniportName, UInt32 MiniportEventId, UnicodeString MiniportEventDescription, UInt32 PortNumber, GUID AdapterGuid, UInt8 PathID, UInt8 TargetID, UInt8 LUN, GUID ClassDeviceGuid, AnsiString VendorId, AnsiString ProductId, AnsiString SerialNumber, Boolean BootDevice, UnicodeString Parameter1Name, UInt64 Parameter1Value, UnicodeString Parameter2Name, UInt64 Parameter2Value, UnicodeString Parameter3Name, UInt64 Parameter3Value, UnicodeString Parameter4Name, UInt64 Parameter4Value, UnicodeString Parameter5Name, UInt64 Parameter5Value, UnicodeString Parameter6Name, UInt64 Parameter6Value, UnicodeString Parameter7Name, UInt64 Parameter7Value, UnicodeString Parameter8Name, UInt64 Parameter8Value)		keyword_200000000000	Port	Warning		
Microsoft-Windows-StorPort	531	3	Port531_V3(UnicodeString MiniportName, UInt32 MiniportEventId, UnicodeString MiniportEventDescription, UInt32 PortNumber, GUID AdapterGuid, UInt8 PathID, UInt8 TargetID, UInt8 LUN, GUID ClassDeviceGuid, AnsiString VendorId, AnsiString ProductId, AnsiString SerialNumber, Boolean BootDevice, Pointer Irp, Pointer Srb, UnicodeString Parameter1Name, UInt64 Parameter1Value, UnicodeString Parameter2Name, UInt64 Parameter2Value)		keyword_200000000000	Port	Warning		
Microsoft-Windows-StorPort	532	3	Port532_V3(UnicodeString MiniportName, UInt32 MiniportEventId, UnicodeString MiniportEventDescription, UInt32 PortNumber, GUID AdapterGuid, UInt8 PathID, UInt8 TargetID, UInt8 LUN, GUID ClassDeviceGuid, AnsiString VendorId, AnsiString ProductId, AnsiString SerialNumber, Boolean BootDevice, Pointer Irp, Pointer Srb, UnicodeString Parameter1Name, UInt64 Parameter1Value, UnicodeString Parameter2Name, UInt64 Parameter2Value, UnicodeString Parameter3Name, UInt64 Parameter3Value, UnicodeString Parameter4Name, UInt64 Parameter4Value)		keyword_200000000000	Port	Warning		
Microsoft-Windows-StorPort	533	3	Port533_V3(UnicodeString MiniportName, UInt32 MiniportEventId, UnicodeString MiniportEventDescription, UInt32 PortNumber, GUID AdapterGuid, UInt8 PathID, UInt8 TargetID, UInt8 LUN, GUID ClassDeviceGuid, AnsiString VendorId, AnsiString ProductId, AnsiString SerialNumber, Boolean BootDevice, Pointer Irp, Pointer Srb, UnicodeString Parameter1Name, UInt64 Parameter1Value, UnicodeString Parameter2Name, UInt64 Parameter2Value, UnicodeString Parameter3Name, UInt64 Parameter3Value, UnicodeString Parameter4Name, UInt64 Parameter4Value, UnicodeString Parameter5Name, UInt64 Parameter5Value, UnicodeString Parameter6Name, UInt64 Parameter6Value, UnicodeString Parameter7Name, UInt64 Parameter7Value, UnicodeString Parameter8Name, UInt64 Parameter8Value)		keyword_200000000000	Port	Warning		
Microsoft-Windows-StorPort	534	4	Port534_V4(UInt32 PortNumber, UInt8 PathID, UInt8 TargetID, UInt8 LUN, GUID ClassDeviceGuid, GUID AdapterGuid, UnicodeString MiniportName, AnsiString VendorId, AnsiString ProductId, AnsiString SerialNumber, Boolean BootDevice, UInt32 DataLength, Binary Data, UInt32 MiniportEventId, UnicodeString MiniportEventDescription)		keyword_200000000000	Port	Error		
Microsoft-Windows-StorPort	535	3	Devicepotentiallyfailed._V3(UInt32 AdapterInterfaceType, UInt32 Bus, UInt32 Device, UInt32 Function, UInt32 PortNumber, UInt8 PathID, UInt8 TargetID, UInt8 LUN, GUID ClassDeviceGuid, GUID AdapterGuid, UnicodeString MiniportName, AnsiString VendorId, AnsiString ProductId, AnsiString SerialNumber, UnicodeString AdapterSerialNumber, AnsiString FirmwareRevision, UInt16 FaultCode, UnicodeString FaultDescription, UInt16 AdditionalDataSize, Binary AdditionalData, UInt16 CriticalDataSize, Binary CriticalData, UInt32 Flags)	Devicepotentiallyfailed.	PortNotification	Devicepotentiallyfailed.	Error		
Microsoft-Windows-StorPort	536	3	Devicefailedandwillberemoved._V3(UInt32 AdapterInterfaceType, UInt32 Bus, UInt32 Device, UInt32 Function, UInt32 PortNumber, UInt8 PathID, UInt8 TargetID, UInt8 LUN, GUID ClassDeviceGuid, GUID AdapterGuid, UnicodeString MiniportName, AnsiString VendorId, AnsiString ProductId, AnsiString SerialNumber, UnicodeString AdapterSerialNumber, AnsiString FirmwareRevision, UInt16 FaultCode, UnicodeString FaultDescription, UInt16 AdditionalDataSize, Binary AdditionalData, UInt16 CriticalDataSize, Binary CriticalData, UInt32 Flags)	Devicefailedandwillberemoved.	PortNotification	Devicefailedandwillberemoved.	Error		
Microsoft-Windows-StorPort	537	3	Port537_V3(UnicodeString MiniportName, UInt32 MiniportEventId, UnicodeString MiniportEventDescription, UInt32 PortNumber, GUID AdapterGuid, Boolean BootDevice, UnicodeString Parameter1Name, UInt64 Parameter1Value, UnicodeString Parameter2Name, UInt64 Parameter2Value)		keyword_200000000000	Port	Error		
Microsoft-Windows-StorPort	538	3	Port538_V3(UnicodeString MiniportName, UInt32 MiniportEventId, UnicodeString MiniportEventDescription, UInt32 PortNumber, GUID AdapterGuid, Boolean BootDevice, UnicodeString Parameter1Name, UInt64 Parameter1Value, UnicodeString Parameter2Name, UInt64 Parameter2Value, UnicodeString Parameter3Name, UInt64 Parameter3Value, UnicodeString Parameter4Name, UInt64 Parameter4Value)		keyword_200000000000	Port	Error		
Microsoft-Windows-StorPort	539	3	Port539_V3(UnicodeString MiniportName, UInt32 MiniportEventId, UnicodeString MiniportEventDescription, UInt32 PortNumber, GUID AdapterGuid, Boolean BootDevice, UnicodeString Parameter1Name, UInt64 Parameter1Value, UnicodeString Parameter2Name, UInt64 Parameter2Value, UnicodeString Parameter3Name, UInt64 Parameter3Value, UnicodeString Parameter4Name, UInt64 Parameter4Value, UnicodeString Parameter5Name, UInt64 Parameter5Value, UnicodeString Parameter6Name, UInt64 Parameter6Value, UnicodeString Parameter7Name, UInt64 Parameter7Value, UnicodeString Parameter8Name, UInt64 Parameter8Value)		keyword_200000000000	Port	Error		
Microsoft-Windows-StorPort	540	3	Port540_V3(UnicodeString MiniportName, UInt32 MiniportEventId, UnicodeString MiniportEventDescription, UInt32 PortNumber, GUID AdapterGuid, UInt8 PathID, UInt8 TargetID, UInt8 LUN, GUID ClassDeviceGuid, AnsiString VendorId, AnsiString ProductId, AnsiString SerialNumber, Boolean BootDevice, UnicodeString Parameter1Name, UInt64 Parameter1Value, UnicodeString Parameter2Name, UInt64 Parameter2Value)		keyword_200000000000	Port	Error		
Microsoft-Windows-StorPort	541	3	Port541_V3(UnicodeString MiniportName, UInt32 MiniportEventId, UnicodeString MiniportEventDescription, UInt32 PortNumber, GUID AdapterGuid, UInt8 PathID, UInt8 TargetID, UInt8 LUN, GUID ClassDeviceGuid, AnsiString VendorId, AnsiString ProductId, AnsiString SerialNumber, Boolean BootDevice, UnicodeString Parameter1Name, UInt64 Parameter1Value, UnicodeString Parameter2Name, UInt64 Parameter2Value, UnicodeString Parameter3Name, UInt64 Parameter3Value, UnicodeString Parameter4Name, UInt64 Parameter4Value)		keyword_200000000000	Port	Error		
Microsoft-Windows-StorPort	542	3	Port542_V3(UnicodeString MiniportName, UInt32 MiniportEventId, UnicodeString MiniportEventDescription, UInt32 PortNumber, GUID AdapterGuid, UInt8 PathID, UInt8 TargetID, UInt8 LUN, GUID ClassDeviceGuid, AnsiString VendorId, AnsiString ProductId, AnsiString SerialNumber, Boolean BootDevice, UnicodeString Parameter1Name, UInt64 Parameter1Value, UnicodeString Parameter2Name, UInt64 Parameter2Value, UnicodeString Parameter3Name, UInt64 Parameter3Value, UnicodeString Parameter4Name, UInt64 Parameter4Value, UnicodeString Parameter5Name, UInt64 Parameter5Value, UnicodeString Parameter6Name, UInt64 Parameter6Value, UnicodeString Parameter7Name, UInt64 Parameter7Value, UnicodeString Parameter8Name, UInt64 Parameter8Value)		keyword_200000000000	Port	Error		
Microsoft-Windows-StorPort	543	3	Port543_V3(UnicodeString MiniportName, UInt32 MiniportEventId, UnicodeString MiniportEventDescription, UInt32 PortNumber, GUID AdapterGuid, Boolean BootDevice, UnicodeString Parameter1Name, UInt64 Parameter1Value, UnicodeString Parameter2Name, UInt64 Parameter2Value)		keyword_200000000000	Port	Warning		
Microsoft-Windows-StorPort	544	3	Port544_V3(UnicodeString MiniportName, UInt32 MiniportEventId, UnicodeString MiniportEventDescription, UInt32 PortNumber, GUID AdapterGuid, Boolean BootDevice, UnicodeString Parameter1Name, UInt64 Parameter1Value, UnicodeString Parameter2Name, UInt64 Parameter2Value, UnicodeString Parameter3Name, UInt64 Parameter3Value, UnicodeString Parameter4Name, UInt64 Parameter4Value)		keyword_200000000000	Port	Warning		
Microsoft-Windows-StorPort	545	3	Port545_V3(UnicodeString MiniportName, UInt32 MiniportEventId, UnicodeString MiniportEventDescription, UInt32 PortNumber, GUID AdapterGuid, Boolean BootDevice, UnicodeString Parameter1Name, UInt64 Parameter1Value, UnicodeString Parameter2Name, UInt64 Parameter2Value, UnicodeString Parameter3Name, UInt64 Parameter3Value, UnicodeString Parameter4Name, UInt64 Parameter4Value, UnicodeString Parameter5Name, UInt64 Parameter5Value, UnicodeString Parameter6Name, UInt64 Parameter6Value, UnicodeString Parameter7Name, UInt64 Parameter7Value, UnicodeString Parameter8Name, UInt64 Parameter8Value)		keyword_200000000000	Port	Warning		
Microsoft-Windows-StorPort	546	3	Port546_V3(UnicodeString MiniportName, UInt32 MiniportEventId, UnicodeString MiniportEventDescription, UInt32 PortNumber, GUID AdapterGuid, UInt8 PathID, UInt8 TargetID, UInt8 LUN, GUID ClassDeviceGuid, AnsiString VendorId, AnsiString ProductId, AnsiString SerialNumber, Boolean BootDevice, UnicodeString Parameter1Name, UInt64 Parameter1Value, UnicodeString Parameter2Name, UInt64 Parameter2Value)		keyword_200000000000	Port	Warning		
Microsoft-Windows-StorPort	547	3	Port547_V3(UnicodeString MiniportName, UInt32 MiniportEventId, UnicodeString MiniportEventDescription, UInt32 PortNumber, GUID AdapterGuid, UInt8 PathID, UInt8 TargetID, UInt8 LUN, GUID ClassDeviceGuid, AnsiString VendorId, AnsiString ProductId, AnsiString SerialNumber, Boolean BootDevice, UnicodeString Parameter1Name, UInt64 Parameter1Value, UnicodeString Parameter2Name, UInt64 Parameter2Value, UnicodeString Parameter3Name, UInt64 Parameter3Value, UnicodeString Parameter4Name, UInt64 Parameter4Value)		keyword_200000000000	Port	Warning		
Microsoft-Windows-StorPort	548	3	Port548_V3(UnicodeString MiniportName, UInt32 MiniportEventId, UnicodeString MiniportEventDescription, UInt32 PortNumber, GUID AdapterGuid, UInt8 PathID, UInt8 TargetID, UInt8 LUN, GUID ClassDeviceGuid, AnsiString VendorId, AnsiString ProductId, AnsiString SerialNumber, Boolean BootDevice, UnicodeString Parameter1Name, UInt64 Parameter1Value, UnicodeString Parameter2Name, UInt64 Parameter2Value, UnicodeString Parameter3Name, UInt64 Parameter3Value, UnicodeString Parameter4Name, UInt64 Parameter4Value, UnicodeString Parameter5Name, UInt64 Parameter5Value, UnicodeString Parameter6Name, UInt64 Parameter6Value, UnicodeString Parameter7Name, UInt64 Parameter7Value, UnicodeString Parameter8Name, UInt64 Parameter8Value)		keyword_200000000000	Port	Warning		
Microsoft-Windows-StorPort	549	2	Port549_V2(UInt32 PortNumber, UInt8 PathID, UInt8 TargetID, UInt8 LUN, GUID ClassDeviceGuid, GUID AdapterGuid, UInt32 BusType, UnicodeString MiniportName, AnsiString VendorId, AnsiString ProductId, AnsiString SerialNumber, UnicodeString AdapterSerialNumber, Boolean BootDevice, UInt8 Version, UInt32 RequestDuration_ms, UInt32 WaitDuration_ms, UInt8 Command, UInt8 SrbStatus, UInt8 ScsiStatus, UInt8 SenseKey, UInt8 AddSense, UInt8 AddSenseQ, UInt32 IoSize, UInt32 QueueDepth, HexInt64 LBA)		Read Write	Port	Error		
Microsoft-Windows-StorPort	550	1	Port550_V1(UnicodeString MiniportName, UInt32 PortNumber, GUID AdapterGuid, UInt8 PathID, UInt8 TargetID, UInt8 LUN, GUID ClassDeviceGuid, AnsiString VendorId, AnsiString ProductId, AnsiString SerialNumber, UInt8 ResetType, HexInt32 ResetStatus, UInt64 SuccessIoCount, UInt64 FailedIoCount)		Reset	Port	Warning		
Microsoft-Windows-StorPort	551	1	Port551_V1(UnicodeString MiniportName, UInt32 PortNumber, GUID AdapterGuid, UInt8 PathID, UInt8 TargetID, UInt8 LUN, GUID ClassDeviceGuid, AnsiString VendorId, AnsiString ProductId, AnsiString SerialNumber, UnicodeString AdapterSerialNumber, Boolean Removable, Boolean SurpriseRemovalOK)		PortNotification	Port	Error		
Microsoft-Windows-StorPort	552	1	Port552_V1(UnicodeString MiniportName, UInt32 PortNumber, GUID AdapterGuid, UInt8 PathID, UInt8 TargetID, UInt8 LUN, AnsiString VendorId, AnsiString ProductId, AnsiString SerialNumber, UnicodeString AdapterSerialNumber)		PortNotification	Port	Informational		
Microsoft-Windows-StorPort	553	1	Port553_V1(UnicodeString MiniportName, UInt32 PortNumber, GUID AdapterGuid, UInt32 NewUnitCount, UInt32 DeleteUnitCount)		PortNotification	Port	Informational		
Microsoft-Windows-StorPort	554	2	Port554_V2(UnicodeString MiniportName, UInt32 PortNumber, GUID AdapterGuid, UInt8 PathID, UInt8 TargetID, UInt8 LUN, GUID ClassDeviceGuid, AnsiString VendorId, AnsiString ProductId, AnsiString SerialNumber, Boolean BootDevice, AnsiString Phase, UInt64 Threshold_100ns, UInt64 Count)		PortNotification	Port	Warning		
Microsoft-Windows-StorPort	555	1	PortStart555_V1(UnicodeString MiniportName, GUID AdapterGuid, UInt32 PortNumber, UInt8 Bus, UInt8 Target, UInt8 LUN, GUID ClassDeviceGuid, AnsiString VendorId, AnsiString ProductId, AnsiString SerialNumber)	Start	Power	Port	Informational		
Microsoft-Windows-StorPort	556	1	PortStop556_V1(UnicodeString MiniportName, GUID AdapterGuid, UInt32 PortNumber, UInt8 Bus, UInt8 Target, UInt8 LUN, GUID ClassDeviceGuid, AnsiString VendorId, AnsiString ProductId, AnsiString SerialNumber, Boolean Success, UInt32 ActiveRefsDuringMaintenanceTime)	Stop	Power	Port	Informational		
Microsoft-Windows-StorPort	557	2	Port557_V2(UnicodeString MiniportName, UInt32 PortNumber, GUID AdapterGuid, UInt8 PathID, UInt8 TargetID, UInt8 LUN, GUID ClassDeviceGuid, AnsiString VendorId, AnsiString ProductId, AnsiString SerialNumber, Boolean BootDevice, UInt64 Threshold_ms, UInt32 RequestDuration_ms, UInt32 WaitDuration_ms, UInt8 Command, UInt32 IoSize, HexInt64 LBA, UInt32 QueueDepth)		PortNotification	Port	Warning		
Microsoft-Windows-StorPort	558	3	Markdevicefailed._V3(UInt32 AdapterInterfaceType, UInt32 Bus, UInt32 Device, UInt32 Function, UInt32 PortNumber, UInt8 PathID, UInt8 TargetID, UInt8 LUN, GUID ClassDeviceGuid, GUID AdapterGuid, UnicodeString MiniportName, AnsiString VendorId, AnsiString ProductId, AnsiString SerialNumber, UnicodeString AdapterSerialNumber, AnsiString FirmwareRevision, UInt16 FaultCode, UnicodeString FaultDescription, UInt16 AdditionalDataSize, Binary AdditionalData, UInt16 CriticalDataSize, Binary CriticalData, UInt32 Flags)	Devicefailed.	PortNotification	Markdevicefailed.	Error		
Microsoft-Windows-StorPort	559	2	None559_V2(UnicodeString MiniportName, UInt32 PortNumber, GUID AdapterGuid, UInt8 PathID, UInt8 TargetID, UInt8 LUN, AnsiString VendorId, AnsiString ProductId, AnsiString SerialNumber, AnsiString FirmwareRevision, UInt32 ConcurrentChannel)		DeviceState	None	Error		
Microsoft-Windows-StorPort	560	1	LiveDump_V1(UInt32 PortNumber, UInt8 PathID, UInt8 TargetID, UInt8 LUN, GUID ClassDeviceGuid, GUID AdapterGuid, UnicodeString MiniportName, AnsiString VendorId, AnsiString ProductId, AnsiString SerialNumber, UnicodeString AdapterSerialNumber, UInt32 AdapterVendorId, UInt32 IssueType, HexInt32 NTStatus)		DeviceState	LiveDump	Warning		
Microsoft-Windows-StorPort	561	2	None561_V2(UInt32 PortNumber, GUID AdapterGuid, UnicodeString MiniportName, UnicodeString AdapterSerialNumber, Boolean BootAdapter, UInt32 DeviceResetType, HexInt32 NtStatus, UInt32 PciDeviceType, UInt64 ResetDuration_100ns)		DeviceState	None	Warning		
Microsoft-Windows-StorPort	562	1	Port562_V1(UInt32 PortNumber, UInt8 PathID, UInt8 TargetID, UInt8 LUN, GUID ClassDeviceGuid, GUID AdapterGuid, UnicodeString MiniportName, AnsiString VendorId, AnsiString ProductId, AnsiString SerialNumber, Boolean BootDevice, UnicodeString Description, UnicodeString Parameter1Name, UInt64 Parameter1Value, UnicodeString Parameter2Name, UInt64 Parameter2Value, UnicodeString Parameter3Name, UInt64 Parameter3Value, UnicodeString Parameter4Name, UInt64 Parameter4Value)		PortNotification	Port	Warning		
Microsoft-Windows-StorPort	563	1	Port563_V1(UInt32 PortNumber, UInt8 PathID, UInt8 TargetID, UInt8 LUN, GUID ClassDeviceGuid, GUID AdapterGuid, UInt32 BusType, UnicodeString MiniportName, AnsiString VendorId, AnsiString ProductId, AnsiString SerialNumber, UnicodeString AdapterSerialNumber, AnsiString FirmwareRevision, Boolean BootDevice, UInt8 Version, UnicodeString IoSizeBuckets, UnicodeString IoLatencyBuckets, UInt64 TotalSuccessIoCount, AnsiString ReadIoSizeBucket1IoSuccess, AnsiString ReadIoSizeBucket1IoLatency, AnsiString ReadIoSizeBucket2IoSuccess, AnsiString ReadIoSizeBucket2IoLatency, AnsiString ReadIoSizeBucket3IoSuccess, AnsiString ReadIoSizeBucket3IoLatency, AnsiString ReadIoSizeBucket4IoSuccess, AnsiString ReadIoSizeBucket4IoLatency, AnsiString ReadIoSizeBucket5IoSuccess, AnsiString ReadIoSizeBucket5IoLatency, AnsiString ReadIoSizeBucket6IoSuccess, AnsiString ReadIoSizeBucket6IoLatency, AnsiString ReadIoSizeBucket7IoSuccess, AnsiString ReadIoSizeBucket7IoLatency, AnsiString ReadIoSizeBucket8IoSuccess, AnsiString ReadIoSizeBucket8IoLatency, AnsiString ReadIoSizeBucket9IoSuccess, AnsiString ReadIoSizeBucket9IoLatency, AnsiString WriteIoSizeBucket1IoSuccess, AnsiString WriteIoSizeBucket1IoLatency, AnsiString WriteIoSizeBucket2IoSuccess, AnsiString WriteIoSizeBucket2IoLatency, AnsiString WriteIoSizeBucket3IoSuccess, AnsiString WriteIoSizeBucket3IoLatency, AnsiString WriteIoSizeBucket4IoSuccess, AnsiString WriteIoSizeBucket4IoLatency, AnsiString WriteIoSizeBucket5IoSuccess, AnsiString WriteIoSizeBucket5IoLatency, AnsiString WriteIoSizeBucket6IoSuccess, AnsiString WriteIoSizeBucket6IoLatency, AnsiString WriteIoSizeBucket7IoSuccess, AnsiString WriteIoSizeBucket7IoLatency, AnsiString WriteIoSizeBucket8IoSuccess, AnsiString WriteIoSizeBucket8IoLatency, AnsiString WriteIoSizeBucket9IoSuccess, AnsiString WriteIoSizeBucket9IoLatency)		Read Write	Port	Informational		
Microsoft-Windows-StorPort	564	1	Port564_V1(UInt32 PortNumber, UInt8 PathID, UInt8 TargetID, UInt8 LUN, GUID ClassDeviceGuid, GUID AdapterGuid, UnicodeString MiniportName, AnsiString VendorId, AnsiString ProductId, AnsiString SerialNumber, UnicodeString AdapterSerialNumber, AnsiString FirmwareRevision, Boolean BootDevice, UInt8 LogPageCode, UInt32 LogPageLength, Binary LogPageData)		DeviceState	Port	Informational		
Microsoft-Windows-StorPort	565	1	Port565_V1(UInt32 PortNumber, UInt8 PathID, UInt8 TargetID, UInt8 LUN, GUID ClassDeviceGuid, GUID AdapterGuid, UnicodeString MiniportName, AnsiString VendorId, AnsiString ProductId, AnsiString SerialNumber, Boolean BootDevice, UInt64 SystemUptime_s, UInt8 Temperature, UInt8 TemperatureMax, UnicodeString ManufactureDate, UInt32 StartStopCycleCount, UInt32 StartStopCycleCountMax, UInt32 LoadUnloadCycleCount, UInt32 LoadUnloadCycleCountMax, UInt64 WriteErrorsTotal, UInt64 WriteErrorsCorrected, UInt64 WriteErrorsUncorrected, UInt64 ReadErrorsTotal, UInt64 ReadErrorsCorrected, UInt64 ReadErrorsUncorrected, UInt16 WorkloadUtilization, UInt8 PercentageUsed, UInt8 BackgroundScanStatus, UInt32 PowerOnMinutes, UInt32 WriteErrorCountersLogLength, Binary WriteErrorCountersLog, UInt32 ReadErrorCountersLogLength, Binary ReadErrorCountersLog, UInt32 TemperatureLogLength, Binary TemperatureLog, UInt32 EnvironmentalReportingLogLength, Binary EnvironmentalReportingLog, UInt32 StartStopCycleCountersLogLength, Binary StartStopCycleCountersLog, UInt32 UtilizationLogLength, Binary UtilizationLog, UInt32 SolidStateMediaLogLength, Binary SolidStateMediaLog, UInt32 BackgroundScanResultsLogLength, Binary BackgroundScanResultsLog)		DeviceState	Port	Informational		
Microsoft-Windows-StorPort	566	1	Port566_V1(UInt32 PortNumber, UInt8 PathID, UInt8 TargetID, UInt8 LUN, GUID ClassDeviceGuid, GUID AdapterGuid, UnicodeString MiniportName, AnsiString VendorId, AnsiString ProductId, AnsiString SerialNumber, Boolean BootDevice, UInt32 DataLength, Binary Data, UInt32 MiniportEventId, UnicodeString MiniportEventDescription)		keyword_200000000000	Port	Informational		
Microsoft-Windows-StorPort	567	1	Port567_V1(UInt32 PortNumber, UInt8 PathID, UInt8 TargetID, UInt8 LUN, GUID ClassDeviceGuid, GUID AdapterGuid, UnicodeString MiniportName, AnsiString VendorId, AnsiString ProductId, AnsiString SerialNumber, Boolean BootDevice, UInt32 DataLength, Binary Data, UInt32 MiniportEventId, UnicodeString MiniportEventDescription)		keyword_200000000000	Port	Informational		
Microsoft-Windows-StorPort	568	1	Port568_V1(UInt32 PortNumber, UInt8 PathID, UInt8 TargetID, UInt8 LUN, GUID ClassDeviceGuid, GUID AdapterGuid, UnicodeString MiniportName, AnsiString VendorId, AnsiString ProductId, AnsiString SerialNumber, Boolean BootDevice, UInt32 DataLength, Binary Data, UInt32 MiniportEventId, UnicodeString MiniportEventDescription)		keyword_200000000000	Port	Warning		
Microsoft-Windows-StorPort	569	1	Port569_V1(UInt32 PortNumber, UInt8 PathID, UInt8 TargetID, UInt8 LUN, GUID ClassDeviceGuid, GUID AdapterGuid, UnicodeString MiniportName, AnsiString VendorId, AnsiString ProductId, AnsiString SerialNumber, Boolean BootDevice, UInt32 DataLength, Binary Data, UInt32 MiniportEventId, UnicodeString MiniportEventDescription)		keyword_200000000000	Port	Informational		
Microsoft-Windows-StorPort	570	1	Port570_V1(UInt32 PortNumber, UInt8 PathID, UInt8 TargetID, UInt8 LUN, GUID ClassDeviceGuid, GUID AdapterGuid, UnicodeString MiniportName, AnsiString VendorId, AnsiString ProductId, AnsiString SerialNumber, Boolean BootDevice, UInt32 DataLength, Binary Data, UInt32 MiniportEventId, UnicodeString MiniportEventDescription)		keyword_200000000000	Port	Warning		
Microsoft-Windows-StorPort	571	1	Port571_V1(UInt32 PortNumber, UInt8 PathID, UInt8 TargetID, UInt8 LUN, GUID ClassDeviceGuid, GUID AdapterGuid, UnicodeString MiniportName, AnsiString VendorId, AnsiString ProductId, AnsiString SerialNumber, Boolean BootDevice, UInt32 DataLength, Binary Data, UInt32 MiniportEventId, UnicodeString MiniportEventDescription)		keyword_200000000000	Port	Error		
Microsoft-Windows-StorPort	572	2	None572_V2(UnicodeString MiniportName, UInt32 PortNumber, GUID AdapterGuid, UInt8 PathID, UInt8 TargetID, UInt8 LUN, AnsiString VendorId, AnsiString ProductId, AnsiString SerialNumber, AnsiString FirmwareRevision, UInt64 ZoneSize, UInt64 ZoneLengthInLogicalSectors)		DeviceState	None	Error		
Microsoft-Windows-StorPort	573	1	Port573_V1(UInt32 PortNumber, UnicodeString AdapterHardwareId, UnicodeString MiniportName, UInt8 PerformanceOptimizationFlags, UInt32 MaximumProcessorCount, UInt32 ActiveProcessorCount, UInt32 ProcessorCountPerGateway, UInt32 AllocatedGatewayCount, UInt32 ActiveGatewayCountRequired, UInt32 InUseGatewayCount, HexInt32 NtStatus)		Config	Port	Informational		
Microsoft-Windows-StorPort	574	1	Port574_V1(UInt32 PortNumber, UnicodeString AdapterHardwareId, UnicodeString MiniportName, UInt8 PerformanceOptimizationFlags, UInt32 MaximumProcessorCount, UInt32 ActiveProcessorCount, UInt32 ProcessorCountPerGateway, UInt32 AllocatedGatewayCount, UInt32 ActiveGatewayCountRequired, UInt32 InUseGatewayCount, HexInt32 NtStatus)		Config	Port	Informational		
Microsoft-Windows-StorPort	575	1	Port575_V1(UnicodeString MiniportName, UInt32 PortNumber, GUID AdapterGuid, HexInt32 Status, UnicodeString Operation)		Power	Port	Warning		
Microsoft-Windows-StorPort	576	2	NoneStorportinitializesstorageD3._V2(GUID AdapterGuid, UInt32 PortNumber, UnicodeString AdapterHardwareId, UnicodeString MiniportName, UInt32 AdapterInterfaceType, UInt64 Flags, Boolean AllowStorageD3, UInt32 AcpiDsdProperty, UInt32 StorageD3RegistryState, Boolean StorageD3Enable, Boolean DirectedFxEnable, Boolean TunneledDevice)	StorportinitializesstorageD3.	Power	None	Informational		
Microsoft-Windows-StorPort	577	1	NoneMiniportdoesnotterminatesystemthreadsitcreated._V1(UInt32 PortNumber, GUID AdapterGuid, UnicodeString MiniportName, UnicodeString AdapterSerialNumber, UInt32 SystemThreadMaximumCount, UInt32 SystemThreadCurrentCount)	Miniportdoesnotterminatesystemthreadsitcreated.	PnP	None	Error		
Microsoft-Windows-StorPort	578	1	None578_V1(HexInt32 NtStatus)		Config	None	Warning		
Microsoft-Windows-StorPort	579	1	None579_V1(HexInt32 NtStatus)		Config	None	Informational		
Microsoft-Windows-StorPort	580	1	None580_V1(HexInt32 NtStatus, UInt32 ReferenceCount)		Config	None	Informational		
Microsoft-Windows-StorPort	581	1	None581_V1(UInt32 PortNumber, UInt8 PathID, UInt8 TargetID, UInt8 LUN, GUID ClassDeviceGuid, GUID AdapterGuid, UnicodeString MiniportName, AnsiString VendorId, AnsiString ProductId, AnsiString SerialNumber, UnicodeString AdapterSerialNumber, AnsiString Description, UInt64 Param1, UInt64 Param2, UInt64 Param3, UInt64 Param4)		keyword_400000000000	None	Warning		
Microsoft-Windows-StorPort	582	1	None582_V1(UInt32 PortNumber, UInt8 PathID, UInt8 TargetID, UInt8 LUN, GUID ClassDeviceGuid, GUID AdapterGuid, UnicodeString MiniportName, AnsiString VendorId, AnsiString ProductId, AnsiString SerialNumber, UnicodeString AdapterSerialNumber, UInt16 TcgSSC, Boolean LockingSupported, Boolean LockingSpPresent, Boolean SingleUserModeSupported, UInt32 NumberOfLockingObjectsSupported, UInt32 MaxRangesSupported, Boolean BlockSIDSupported, UInt8 InitialSIDPin, UInt8 SIDPinBehaviorOnRevert, UInt32 MaxDatastoreTablesSize, UInt32 DatastoreTableSizeAlignment, UInt16 MaxNumberOfDatastoreTables)		keyword_400000000000	None	Warning		
Microsoft-Windows-StorPort	583	2	None583_V2(UInt32 PortNumber, UInt8 PathID, UInt8 TargetID, UInt8 LUN, GUID ClassDeviceGuid, GUID AdapterGuid, UnicodeString MiniportName, AnsiString VendorId, AnsiString ProductId, AnsiString SerialNumber, UnicodeString AdapterSerialNumber, AnsiString Operation, AnsiString SubOperation, HexInt32 NTStatus, UInt64 Param1, UInt64 Param2, UInt64 Param3, UInt64 Param4, UInt64 Param5, UInt64 Param6, UInt64 Param7, UInt64 Param8)		keyword_400000000000	None	Warning		
Microsoft-Windows-StorPort	584	2	NoneMFNDnamespaceread._V2(UInt32 PortNumber, GUID AdapterGuid, UnicodeString MiniportName, AnsiString AdapterSerialNumber, UnicodeString MFNDInterfaceName, UInt16 PCIVendorID, UInt16 PCISubsystemVendorID, AnsiString ProductID, AnsiString FirmwareRevision, UInt32 OperationMode, UInt32 OperationPrivilege, UInt32 NSID, UInt64 StartingLBA, UInt32 LBACount, UInt32 Flags, UInt8 SC, UInt8 SCT, UInt32 NtStatus)	MFNDnamespaceread.	MFND	None	Informational		
Microsoft-Windows-StorPort	585	2	NoneMFNDnamespacewrite._V2(UInt32 PortNumber, GUID AdapterGuid, UnicodeString MiniportName, AnsiString AdapterSerialNumber, UnicodeString MFNDInterfaceName, UInt16 PCIVendorID, UInt16 PCISubsystemVendorID, AnsiString ProductID, AnsiString FirmwareRevision, UInt32 OperationMode, UInt32 OperationPrivilege, UInt32 NSID, UInt64 StartingLBA, UInt32 LBACount, UInt32 Flags, UInt32 DataSizeToWrite, UInt8 SC, UInt8 SCT, UInt32 NtStatus)	MFNDnamespacewrite.	MFND	None	Informational		
Microsoft-Windows-StorPort	586	2	NoneMFNDnamespacepagemapcontrol._V2(UInt32 PortNumber, GUID AdapterGuid, UnicodeString MiniportName, AnsiString AdapterSerialNumber, UnicodeString MFNDInterfaceName, UInt16 PCIVendorID, UInt16 PCISubsystemVendorID, AnsiString ProductID, AnsiString FirmwareRevision, UInt32 OperationMode, UInt32 OperationPrivilege, UInt32 NSID, UInt32 ControlAction, UInt8 SC, UInt8 SCT, UInt32 NtStatus)	MFNDnamespacepagemapcontrol.	MFND	None	Informational		
Microsoft-Windows-StorPort	587	1	NoneNVMeerrorinformationlog._V1(UInt32 PortNumber, GUID AdapterGuid, UnicodeString MiniportName, AnsiString AdapterSerialNumber, UnicodeString MFNDInterfaceName, UInt16 PCIVendorID, UInt16 PCISubsystemVendorID, AnsiString ProductID, AnsiString FirmwareRevision, UInt64 ErrorCount, UInt16 SubmissionQueueId, UInt16 CommandId, UInt16 CommandStatus, UInt64 LBA, UInt32 NameSpace, UInt8 VendorInfoAvailable, UInt64 CommandSpecificInfo, UInt32 LogLength, Binary ErrorInfoLog)	NVMeerrorinformationlog.	NVMe	None	Informational		
Microsoft-Windows-StorPort	588	1	NoneNVMeerrorrecoverylog._V1(UInt32 PortNumber, GUID AdapterGuid, UnicodeString MiniportName, AnsiString AdapterSerialNumber, UnicodeString MFNDInterfaceName, UInt16 PCIVendorID, UInt16 PCISubsystemVendorID, AnsiString ProductID, AnsiString FirmwareRevision, UInt64 PanicId, UInt32 LogLength, Binary ErrorRecoveryLog)	NVMeerrorrecoverylog.	NVMe	None	Informational		
Microsoft-Windows-StorPort	589	1	NonePLDRrequestpowerIRPfailed._V1(UInt32 PortNumber, GUID AdapterGuid, UnicodeString MiniportName, AnsiString AdapterSerialNumber, UnicodeString MFNDInterfaceName, UInt16 PCIVendorID, UInt16 PCISubsystemVendorID, AnsiString ProductID, AnsiString FirmwareRevision, Boolean PowerDown, UInt32 ResetFlags, UInt32 TotalUnitCount, UInt32 UnitCountRequestedD3ForPLDR, UInt32 UnitCountRequestedD0ForPLDR, UInt32 PoweredDownUnitCountForPLDR, UInt32 PoweredUpUnitCountForPLDR, UInt32 PLDRCountInitiatedFromIoctl, UInt32 PLDRCountInitiatedFromMiniport, UInt32 NtStatus)	PLDRrequestpowerIRPfailed.	Reset	None	Error		
Microsoft-Windows-StorPort	590	1	NoneFirmwareactivate._V1(UInt32 PortNumber, GUID AdapterGuid, UnicodeString MiniportName, AnsiString AdapterSerialNumber, AnsiString ProductID, AnsiString FirmwareRevision, UInt16 PCIVendorID, UInt16 PCISubsystemVendorID, UInt32 TimeoutInSeconds, UInt32 NtStatus)	Firmwareactivate.	Firmware	None	Informational		
Microsoft-Windows-StorPort	591	1	NonePnPrequestfailed._V1(UInt32 PortNumber, GUID AdapterGuid, UnicodeString MiniportName, UnicodeString AdapterSerialNumber, UInt8 PathID, UInt8 TargetID, UInt8 LUN, GUID ClassDeviceGuid, AnsiString VendorId, AnsiString ProductId, AnsiString DeviceSerialNumber, UInt32 Flags, Pointer Srb, UInt32 PnPAction, UInt8 PnpSubFunction, UInt32 TimeoutInSeconds, UInt32 PnPRequestTimeoutCount, UInt32 NtStatus)	PnPrequestfailed.	PnP	None	Error		
Microsoft-Windows-StorPort	592	1	NoneStartadapterfailed._V1(UInt32 PortNumber, GUID AdapterGuid, UnicodeString MiniportName, UnicodeString AdapterSerialNumber, UInt32 AdapterInterfaceType, UInt64 Flags, UInt64 Flags2, UInt32 StartFailureCode, UInt32 NtStatus)	Startadapterfailed.	PnP	None	Error		
Microsoft-Windows-StorPort	593	1	NoneNVMeICEInterfaceevent_V1(UInt32 PortNumber, GUID AdapterGuid, UnicodeString MiniportName, UnicodeString AdapterSerialNumber, UnicodeString InterfaceDriverName, UInt64 StorStatus, UnicodeString Description)	NVMeICEInterfaceevent	NVMeICE	None	Informational		
Microsoft-Windows-StorPort	594	1	NoneNVMeICEInterfaceevent594_V1(UInt32 PortNumber, GUID AdapterGuid, UnicodeString MiniportName, UnicodeString AdapterSerialNumber, UnicodeString InterfaceDriverName, UInt64 StorStatus, UnicodeString Description)	NVMeICEInterfaceevent	NVMeICE	None	Warning		
Microsoft-Windows-StorPort	595	1	NoneNVMeICEInterfaceevent595_V1(UInt32 PortNumber, GUID AdapterGuid, UnicodeString MiniportName, UnicodeString AdapterSerialNumber, UnicodeString InterfaceDriverName, UInt64 StorStatus, UnicodeString Description)	NVMeICEInterfaceevent	NVMeICE	None	Error		
Microsoft-Windows-StorPort	596	1	None596_V1(UInt32 PortNumber, UInt8 PathID, UInt8 TargetID, UInt8 LUN, GUID ClassDeviceGuid, GUID AdapterGuid, UnicodeString MiniportName, AnsiString VendorId, AnsiString ProductId, AnsiString SerialNumber, UnicodeString AdapterSerialNumber, AnsiString Description, UInt64 Param1, UInt64 Param2, UInt64 Param3, UInt64 Param4)		keyword_400000000000	None	Informational		
Microsoft-Windows-StorPort	597	1	None597_V1(AnsiString VendorId, AnsiString ProductId, AnsiString SerialNumber, Int64 LastLogicalBlockAddress, UInt32 LogicalSectorSize, UInt64 ZoneSize, UInt64 ErrorZoneCount, UInt32 ZoneCount)		DeviceState	None	Error		
Microsoft-Windows-StorPort	598	1	None598_V1(AnsiString VendorId, AnsiString ProductId, AnsiString SerialNumber, UInt64 CurrentLogicalBlockAddress, Int64 LastLogicalBlockAddress, UInt32 LogicalSectorSize, UInt64 ZoneSize, UInt32 ZoneCount, UInt32 ZoneIndex)		DeviceState	None	Error		
Microsoft-Windows-StorPort	599	1	None599_V1(UInt32 PortNumber, UInt32 BusNumber, UInt32 Device, UInt32 Function, UnicodeString AdapterHardwareId, GUID AdapterGuid, UnicodeString MiniportName, UInt32 BusType, UInt8 PerformanceOptimizationFlags, UInt32 MaxIOCount, UInt64 Flags, UInt64 Flags2, UInt32 StartFailureCode, HexInt32 NtStatus)		Config	None	Informational		
Microsoft-Windows-StorPort	600	2	NoneDLRMInitialization_V2(UInt32 PortNumber, GUID AdapterGuid, UnicodeString MiniportName, AnsiString AdapterSerialNumber, UInt32 BusType, UInt16 PCIVendorID, UInt16 PCISubsystemVendorID, AnsiString ProductID, AnsiString FirmwareRevision, Boolean TunneledDevice, Boolean DLRMDsmSupport, Boolean DLRMSystemThreadCreated, Boolean PciLinkConfigInterfaceAllocated, Boolean EffectivePowerModeCallbackRegistered, UInt32 NtStatus, UInt32 ScaleUpThreshold, UInt32 ScaleDownThreshold, UInt64 ScaleUpTimeWindow100ns, UInt64 ScaleDownTimeWindow100ns)	DLRMInitialization	DLRM	None	Informational		
Microsoft-Windows-StorPort	601	2	NoneDLRMInitialization601_V2(UInt32 PortNumber, GUID AdapterGuid, UnicodeString MiniportName, AnsiString AdapterSerialNumber, UInt32 BusType, UInt16 PCIVendorID, UInt16 PCISubsystemVendorID, AnsiString ProductID, AnsiString FirmwareRevision, Boolean TunneledDevice, Boolean DLRMDsmSupport, Boolean DLRMSystemThreadCreated, Boolean PciLinkConfigInterfaceAllocated, Boolean EffectivePowerModeCallbackRegistered, UInt32 NtStatus, UInt32 ScaleUpThreshold, UInt32 ScaleDownThreshold, UInt64 ScaleUpTimeWindow100ns, UInt64 ScaleDownTimeWindow100ns)	DLRMInitialization	DLRM	None	Error		
Microsoft-Windows-StorPort	602	1	NoneDLRMEffectivePowerModeCallback_V1(UInt32 PortNumber, GUID AdapterGuid, UnicodeString MiniportName, AnsiString AdapterSerialNumber, UInt16 PCIVendorID, UInt16 PCISubsystemVendorID, AnsiString ProductID, AnsiString FirmwareRevision, UInt32 EffectivePowerMode, Boolean InDrips, UInt32 CurrentDLRMPowerMode, UInt32 TargetDLRMPowerMode, UInt32 DLRMWorkerAction, UInt32 Status)	DLRMEffectivePowerModeCallback	DLRM	None	Informational		
Microsoft-Windows-StorPort	603	1	NoneDLRMDRIPSCallback_V1(UInt32 PortNumber, GUID AdapterGuid, UnicodeString MiniportName, AnsiString AdapterSerialNumber, UInt16 PCIVendorID, UInt16 PCISubsystemVendorID, AnsiString ProductID, AnsiString FirmwareRevision, UInt32 EffectivePowerMode, Boolean InDrips, UInt32 CurrentDLRMPowerMode, UInt32 TargetDLRMPowerMode, UInt32 DLRMWorkerAction, UInt32 Status)	DLRMDRIPSCallback	DLRM	None	Informational		
Microsoft-Windows-StorPort	604	1	NoneDLRMUpdateLinkInfoSuccess_V1(UInt32 PortNumber, GUID AdapterGuid, UnicodeString MiniportName, AnsiString AdapterSerialNumber, UInt16 PCIVendorID, UInt16 PCISubsystemVendorID, AnsiString ProductID, AnsiString FirmwareRevision, UInt32 AvailableLinkSpeeds, UInt32 CurrentLinkSpeed, UInt16 LinkWidth, UInt32 NtStatus)	DLRMUpdateLinkInfoSuccess	DLRM	None	Informational		
Microsoft-Windows-StorPort	605	1	NoneDLRMUpdateLinkInfoFailed_V1(UInt32 PortNumber, GUID AdapterGuid, UnicodeString MiniportName, AnsiString AdapterSerialNumber, UInt16 PCIVendorID, UInt16 PCISubsystemVendorID, AnsiString ProductID, AnsiString FirmwareRevision, UInt32 AvailableLinkSpeeds, UInt32 CurrentLinkSpeed, UInt16 LinkWidth, UInt32 NtStatus)	DLRMUpdateLinkInfoFailed	DLRM	None	Error		
Microsoft-Windows-StorPort	606	2	NoneDLRMSetLinkToDesiredSpeed_V2(UInt32 PortNumber, GUID AdapterGuid, UnicodeString MiniportName, AnsiString AdapterSerialNumber, UInt16 PCIVendorID, UInt16 PCISubsystemVendorID, AnsiString ProductID, AnsiString FirmwareRevision, UInt32 DesiredSpeed, Boolean WaitForRetrain, UInt32 NewLinkSpeed, Boolean ThermalThrottle, UInt64 LinkSpeedChangeTime, UInt32 DlrmAction, UInt32 NtStatus, UInt32 CurrentFState)	DLRMSetLinkToDesiredSpeed	DLRM	None	Informational		
Microsoft-Windows-StorPort	607	2	NoneDLRMSetLinkToDesiredSpeed607_V2(UInt32 PortNumber, GUID AdapterGuid, UnicodeString MiniportName, AnsiString AdapterSerialNumber, UInt16 PCIVendorID, UInt16 PCISubsystemVendorID, AnsiString ProductID, AnsiString FirmwareRevision, UInt32 DesiredSpeed, Boolean WaitForRetrain, UInt32 NewLinkSpeed, Boolean ThermalThrottle, UInt64 LinkSpeedChangeTime, UInt32 DlrmAction, UInt32 NtStatus, UInt32 CurrentFState)	DLRMSetLinkToDesiredSpeed	DLRM	None	Error		
Microsoft-Windows-StorPort	608	2	NoneDLRMStatistics_V2(UInt32 PortNumber, GUID AdapterGuid, UnicodeString MiniportName, AnsiString AdapterSerialNumber, UInt16 PCIVendorID, UInt16 PCISubsystemVendorID, AnsiString ProductID, AnsiString FirmwareRevision, UInt32 PciGen1TotalTime, UInt32 PciGen2TotalTime, UInt32 PciGen3TotalTime, UInt32 PciGen4TotalTime, UInt32 PciGen5TotalTime, UInt32 PciGen6TotalTime, UInt32 ScaleUpRequestCount, UInt32 ScaleDownRequestCount, UInt32 TotalLinkRateChangeCount, UInt64 AverageLinkRateChangeTime, UInt64 MaxLinkRateChangeTime, UInt64 MinLinkRateChangeTime, UInt32 EffectivePowerModeChangeCount, UInt32 DripsChangeCount, UInt32 LinkConfigInterfaceErrorCount, UInt32 ThermalThrottleCount, UInt32 UnexpectedLinkSpeedCount, UInt32 IdleCount, UInt64 IdleDurationCumulative)	DLRMStatistics	DLRM	None	Informational		
Microsoft-Windows-StorPort	609	1	Port609_V1(UnicodeString MiniportName, UInt32 PortNumber, GUID AdapterGuid, UInt8 PathID, UInt8 TargetID, UInt8 LUN, AnsiString VendorId, AnsiString ProductId, AnsiString SerialNumber, AnsiString FirmwareRevision, UInt64 LogicalBlockAddress, UInt32 BytesPerBlock)		NonReadWrite	Port	Error		
Microsoft-Windows-StorPort	610	1	None610_V1(UnicodeString MiniportName, UInt32 PortNumber, UInt8 Bus, UInt8 Target, UInt8 LUN, GUID ClassDeviceGuid, UInt32 IrpMajorFunction, UInt64 SrbInXrb)		keyword_200000000000	None	Error		
Microsoft-Windows-StorPort	611	1	NoneEventNotificationInterfaceprocessingfailure_V1(UInt32 PortNumber, GUID AdapterGuid, UnicodeString MiniportName, UInt32 BusType, UInt64 GenericEventFlags, UInt64 ProtocolSpecificEventFlags, UInt32 EventDataLength, UInt32 TotalSize, UInt32 NtStatus)	EventNotificationInterfaceprocessingfailure	EventNotifyInterface	None	Error		
Microsoft-Windows-StorPort	612	1	Port612_V1(UnicodeString MiniportName, UInt32 PortNumber, GUID AdapterGuid, UInt8 PathID, UInt8 TargetID, UInt8 LUN, AnsiString VendorId, AnsiString ProductId, AnsiString SerialNumber, AnsiString FirmwareRevision)		NonReadWrite	Port	Informational		
Microsoft-Windows-StorPort	613	1	Port613_V1(UnicodeString MiniportName, UInt32 PortNumber, GUID AdapterGuid, UInt8 PathID, UInt8 TargetID, UInt8 LUN, GUID ClassDeviceGuid, AnsiString VendorId, AnsiString ProductId, AnsiString SerialNumber, Boolean BootDevice, UInt32 DeviceAlignmentMask, UInt32 DataBufferOffset)		PortNotification	Port	Warning		
Microsoft-Windows-StorPort	800	2	NoneRegisterMFNDinterface._V2(UInt32 PortNumber, GUID AdapterGuid, UnicodeString MiniportName, AnsiString AdapterSerialNumber, UnicodeString MFNDInterfaceName, UInt16 PCIVendorID, UInt16 PCISubsystemVendorID, AnsiString ProductID, AnsiString FirmwareRevision, UInt32 NtStatus)	RegisterMFNDinterface.	MFND	None	Informational		
Microsoft-Windows-StorPort	801	2	NoneReconfigureMFND._V2(UInt32 PortNumber, GUID AdapterGuid, UnicodeString MiniportName, AnsiString AdapterSerialNumber, UnicodeString MFNDInterfaceName, UInt16 PCIVendorID, UInt16 PCISubsystemVendorID, AnsiString ProductID, AnsiString FirmwareRevision, UInt32 OperationMode, UInt32 OperationPrivilege, UInt32 ReconfigureType, UInt32 ChildPFCountToCreate, UInt16 MaxPFCount, UInt8 SC, UInt8 SCT, UInt32 NtStatus)	ReconfigureMFND.	MFND	None	Informational		
Microsoft-Windows-StorPort	802	2	NoneMFNDchildphysicalfunctioncontrol._V2(UInt32 PortNumber, GUID AdapterGuid, UnicodeString MiniportName, AnsiString AdapterSerialNumber, UnicodeString MFNDInterfaceName, UInt16 PCIVendorID, UInt16 PCISubsystemVendorID, AnsiString ProductID, AnsiString FirmwareRevision, UInt32 OperationMode, UInt32 OperationPrivilege, UInt32 ChildControllerID, UInt32 Flags, UInt32 ControlAction, UInt8 SC, UInt8 SCT, UInt32 NtStatus)	MFNDchildphysicalfunctioncontrol.	MFND	None	Informational		
Microsoft-Windows-StorPort	803	2	NoneSetMFNDoperationinformation._V2(UInt32 PortNumber, GUID AdapterGuid, UnicodeString MiniportName, AnsiString AdapterSerialNumber, UnicodeString MFNDInterfaceName, UInt16 PCIVendorID, UInt16 PCISubsystemVendorID, AnsiString ProductID, AnsiString FirmwareRevision, UInt32 ChildPFCount, Boolean Enable, UInt8 OperationSelect, UInt8 SC, UInt8 SCT, UInt32 NtStatus)	SetMFNDoperationinformation.	MFND	None	Informational		
Microsoft-Windows-StorPort	804	2	NoneSetMFNDchildphysicalfunctionproperty._V2(UInt32 PortNumber, GUID AdapterGuid, UnicodeString MiniportName, AnsiString AdapterSerialNumber, UnicodeString MFNDInterfaceName, UInt16 PCIVendorID, UInt16 PCISubsystemVendorID, AnsiString ProductID, AnsiString FirmwareRevision, UInt16 Flags, UInt16 NamespaceMetadataSize, UInt8 NamespaceLBADataSize, UInt8 NamespaceDPS, UInt8 NamespaceNMIC, UInt8 SC, UInt8 SCT, UInt32 NtStatus)	SetMFNDchildphysicalfunctionproperty.	MFND	None	Informational		
Microsoft-Windows-StorPort	805	2	NoneSetMFNDchildphysicalfunctionsettings._V2(UInt32 PortNumber, GUID AdapterGuid, UnicodeString MiniportName, AnsiString AdapterSerialNumber, UnicodeString MFNDInterfaceName, UInt16 PCIVendorID, UInt16 PCISubsystemVendorID, AnsiString ProductID, AnsiString FirmwareRevision, UInt16 ChildControllerID, UInt16 Flags, UInt16 IoQueuePairCount, UInt16 InterruptCount, UInt16 NamespaceCount, UInt32 NS1StorageProvisionUnitCount, UInt32 NS2StorageProvisionUnitCount, UInt32 NS3StorageProvisionUnitCount, UInt32 NS4StorageProvisionUnitCount, UInt32 QoSPolicy, UInt32 ReserveReadBandwidthInMBps, UInt32 ReserveWriteBandwidthInMBps, UInt32 LimitBandwidthInMBps, UInt32 LimitWriteBandwidthInMBps, UInt32 ReserveReadIops, UInt32 ReserveWriteIops, UInt32 LimitIops, UInt32 LimitWriteIops, UInt8 SC, UInt8 SCT, UInt32 NtStatus)	SetMFNDchildphysicalfunctionsettings.	MFND	None	Informational		
Microsoft-Windows-StorPort	806	2	NoneSetMFNDchildphysicalfunctionQoS._V2(UInt32 PortNumber, GUID AdapterGuid, UnicodeString MiniportName, AnsiString AdapterSerialNumber, UnicodeString MFNDInterfaceName, UInt16 PCIVendorID, UInt16 PCISubsystemVendorID, AnsiString ProductID, AnsiString FirmwareRevision, UInt16 ChildControllerID, UInt32 QoSPolicy, UInt32 ReserveReadBandwidthInMBps, UInt32 ReserveWriteBandwidthInMBps, UInt32 LimitBandwidthInMBps, UInt32 LimitWriteBandwidthInMBps, UInt32 ReserveReadIops, UInt32 ReserveWriteIops, UInt32 LimitIops, UInt32 LimitWriteIops, UInt8 SC, UInt8 SCT, UInt32 NtStatus)	SetMFNDchildphysicalfunctionQoS.	MFND	None	Informational		
Microsoft-Windows-StorPort	807	2	NoneSetMFNDchildphysicalfunctionadmincommandspermission._V2(UInt32 PortNumber, GUID AdapterGuid, UnicodeString MiniportName, AnsiString AdapterSerialNumber, UnicodeString MFNDInterfaceName, UInt16 PCIVendorID, UInt16 PCISubsystemVendorID, AnsiString ProductID, AnsiString FirmwareRevision, UInt32 CommandCount, UInt32 CommandPermissionEntriesLength, Binary CommandPermissionEntries, UInt8 SC, UInt8 SCT, UInt32 NtStatus)	SetMFNDchildphysicalfunctionadmincommandspermission.	MFND	None	Informational		
Microsoft-Windows-StorPort	808	2	NoneSetMFNDmigrationQoS._V2(UInt32 PortNumber, GUID AdapterGuid, UnicodeString MiniportName, AnsiString AdapterSerialNumber, UnicodeString MFNDInterfaceName, UInt16 PCIVendorID, UInt16 PCISubsystemVendorID, AnsiString ProductID, AnsiString FirmwareRevision, UInt32 QoSPolicy, UInt32 LimitBandwidthInMBps, UInt32 LimitWriteBandwidthInMBps, UInt32 LimitRandomIops, UInt32 LimitRandomWriteIops, UInt8 SC, UInt8 SCT, UInt32 NtStatus)	SetMFNDmigrationQoS.	MFND	None	Informational		
Microsoft-Windows-StorPort	809	2	NoneSetMFNDchildcontrollerqueuesstate._V2(UInt32 PortNumber, GUID AdapterGuid, UnicodeString MiniportName, AnsiString AdapterSerialNumber, UnicodeString MFNDInterfaceName, UInt16 PCIVendorID, UInt16 PCISubsystemVendorID, AnsiString ProductID, AnsiString FirmwareRevision, UInt16 ChildControllerId, UInt16 SubmissionQueueCount, UInt16 CompletionQueueCount, UInt16 AdminSubmissionQueueID, UInt16 AdminSubmissionQueueHeadPointer, UInt16 AdminSubmissionQueueTailPointer, UInt16 AdminCompletionQueueID, UInt16 AdminCompletionQueueHeadPointer, UInt16 AdminCompletionQueueTailPointer, UInt8 AdminCompletionQueueFlags, UInt16 AQAER1CommandID, UInt16 AQAER2CommandID, UInt16 AQAER3CommandID, UInt16 AQAER4CommandID, UInt8 ValidAERFlags, UInt32 QueuesStateSize, Binary QueuesState, UInt8 SC, UInt8 SCT, UInt32 NtStatus)	SetMFNDchildcontrollerqueuesstate.	MFND	None	Informational		
Microsoft-Windows-StorPort	810	2	NoneMFNDnamespaceread.810_V2(UInt32 PortNumber, GUID AdapterGuid, UnicodeString MiniportName, AnsiString AdapterSerialNumber, UnicodeString MFNDInterfaceName, UInt16 PCIVendorID, UInt16 PCISubsystemVendorID, AnsiString ProductID, AnsiString FirmwareRevision, UInt32 OperationMode, UInt32 OperationPrivilege, UInt32 NSID, UInt64 StartingLBA, UInt32 LBACount, UInt32 Flags, UInt8 SC, UInt8 SCT, UInt32 NtStatus)	MFNDnamespaceread.	MFND	None	Error		
Microsoft-Windows-StorPort	811	2	NoneMFNDnamespacewrite.811_V2(UInt32 PortNumber, GUID AdapterGuid, UnicodeString MiniportName, AnsiString AdapterSerialNumber, UnicodeString MFNDInterfaceName, UInt16 PCIVendorID, UInt16 PCISubsystemVendorID, AnsiString ProductID, AnsiString FirmwareRevision, UInt32 OperationMode, UInt32 OperationPrivilege, UInt32 NSID, UInt64 StartingLBA, UInt32 LBACount, UInt32 Flags, UInt32 DataSizeToWrite, UInt8 SC, UInt8 SCT, UInt32 NtStatus)	MFNDnamespacewrite.	MFND	None	Error		
Microsoft-Windows-StorPort	812	2	NoneMFNDnamespacepagemapcontrol.812_V2(UInt32 PortNumber, GUID AdapterGuid, UnicodeString MiniportName, AnsiString AdapterSerialNumber, UnicodeString MFNDInterfaceName, UInt16 PCIVendorID, UInt16 PCISubsystemVendorID, AnsiString ProductID, AnsiString FirmwareRevision, UInt32 OperationMode, UInt32 OperationPrivilege, UInt32 NSID, UInt32 ControlAction, UInt8 SC, UInt8 SCT, UInt32 NtStatus)	MFNDnamespacepagemapcontrol.	MFND	None	Error		
Microsoft-Windows-StorPort	813	1	NoneSetMFNDchildcontrollerQoSstatisticsproperty._V1(UInt32 PortNumber, GUID AdapterGuid, UnicodeString MiniportName, AnsiString AdapterSerialNumber, UnicodeString MFNDInterfaceName, UInt16 PCIVendorID, UInt16 PCISubsystemVendorID, AnsiString ProductID, AnsiString FirmwareRevision, Boolean FeatureEnable, UInt16 QoSStatisticsMonitorPeriod, UInt16 SwapBucketPeriod, UInt8 SC, UInt8 SCT, UInt32 NtStatus)	SetMFNDchildcontrollerQoSstatisticsproperty.	MFND	None	Informational		
Microsoft-Windows-StorPort	814	1	NoneMFNDchildcontrollerQoSstatisticsinformation._V1(UInt32 PortNumber, GUID AdapterGuid, UnicodeString MiniportName, AnsiString AdapterSerialNumber, UnicodeString MFNDInterfaceName, UInt16 PCIVendorID, UInt16 PCISubsystemVendorID, AnsiString ProductID, AnsiString FirmwareRevision, UInt16 ChildControllerId, UInt32 Reason, UInt32 Flags, UInt64 NS1NUSE, UInt64 NS2NUSE, UInt64 NS3NUSE, UInt64 NS4NUSE, UInt16 QoSStatisticsMonitorPeriod, UInt16 SwapBucketPeriod, UInt8 LogEntryFormatVersion, UInt8 LogSequenceNumber, UInt64 LogEntry0Timestamp, UInt16 LogEntriesCount, UInt32 LogEntriesSize, Binary LogEntries)	MFNDchildcontrollerQoSstatisticsinformation.	MFND	None	Informational		
Microsoft-Windows-StorPort	815	1	NoneMFNDchildcontrollerasynchronousevent._V1(UInt32 PortNumber, GUID AdapterGuid, UnicodeString MiniportName, AnsiString AdapterSerialNumber, UnicodeString MFNDInterfaceName, UInt16 PCIVendorID, UInt16 PCISubsystemVendorID, AnsiString ProductID, AnsiString FirmwareRevision, UInt16 ChildControllerId, Boolean CFS, Boolean ErrorStatusAsyncEvent, Boolean SmartHealthAsyncEvent, Boolean DevicePanicAsyncEvent, Boolean QoSStatisticsLogUpdated, UInt32 ErrorStatusAERDw0, UInt32 SmartHealthInforAERDw0, UInt32 DevicePanicAERDw0)	MFNDchildcontrollerasynchronousevent.	MFND	None	Informational		
Microsoft-Windows-StorPort	816	1	NoneGetMFNDcapabilities._V1(UInt32 PortNumber, GUID AdapterGuid, UnicodeString MiniportName, AnsiString AdapterSerialNumber, UnicodeString MFNDInterfaceName, UInt16 PCIVendorID, UInt16 PCISubsystemVendorID, AnsiString ProductID, AnsiString FirmwareRevision, Boolean MFNDSupported, Boolean BadIdentifyMFNDData, UInt32 OperationMode, UInt32 OperationPrivilege, UInt32 Signature, UInt8 MajorVersion, UInt8 SubVersion, UInt16 MaxPFCount, UInt16 AvailablePFCount, UInt16 MaxQPairCount, UInt16 AvailableQPairCount, UInt16 MaxMSIXMessageCount, UInt16 AvailableMSIXMessageCount, UInt16 MaxNamespaceCount, UInt16 AvailableNamespaceCount, UInt32 TotalNVMStorageSize, UInt32 AvailableNVMStorageSize, UInt32 StorageProvisionGranularity, UInt32 TotalReadBandwidth, UInt32 AvailableReadBandwidth, UInt32 TotalWriteBandwidth, UInt32 AvailableWriteBandwidth, UInt32 TotalReadIOPS, UInt32 AvailableReadIOPS, UInt32 TotalWriteIOPS, UInt32 AvailableWriteIOPS, UInt32 Features, UInt8 MaxSupportedCCNamespaceCount, UInt8 MappedPageTrackingGranularitySize, UInt8 DirtyPageTrackingGranularitySize, UInt8 ResetOperationStatus, UInt8 SC, UInt8 SCT)	GetMFNDcapabilities.	MFND	None	Informational		
Microsoft-Windows-StorPort	817	1	NoneIdentifyMFNDfailed._V1(UInt32 PortNumber, GUID AdapterGuid, UnicodeString MiniportName, AnsiString AdapterSerialNumber, UnicodeString MFNDInterfaceName, UInt16 PCIVendorID, UInt16 PCISubsystemVendorID, AnsiString ProductID, AnsiString FirmwareRevision, Boolean MFNDSupported, UInt32 OperationMode, UInt32 OperationPrivilege, UInt8 SC, UInt8 SCT, UInt32 NtStatus)	IdentifyMFNDfailed.	MFND	None	Error		
Microsoft-Windows-StorPort	818	1	NoneQueryMFNDchildphysicalfunctionlist._V1(UInt32 PortNumber, GUID AdapterGuid, UnicodeString MiniportName, AnsiString AdapterSerialNumber, UnicodeString MFNDInterfaceName, UInt16 PCIVendorID, UInt16 PCISubsystemVendorID, AnsiString ProductID, AnsiString FirmwareRevision, UInt32 OperationMode, UInt32 OperationPrivilege, UInt32 ChildPFCount, UInt32 ChildPFDataLength, Binary ChildPFData, UInt8 SC, UInt8 SCT, UInt32 NtStatus)	QueryMFNDchildphysicalfunctionlist.	MFND	None	Informational		
Microsoft-Windows-StorPort	819	1	NoneQueryMFNDoperationinformation._V1(UInt32 PortNumber, GUID AdapterGuid, UnicodeString MiniportName, AnsiString AdapterSerialNumber, UnicodeString MFNDInterfaceName, UInt16 PCIVendorID, UInt16 PCISubsystemVendorID, AnsiString ProductID, AnsiString FirmwareRevision, UInt32 OperationMode, UInt32 OperationPrivilege, UInt8 SC, UInt8 SCT, UInt32 NtStatus)	QueryMFNDoperationinformation.	MFND	None	Informational		
Microsoft-Windows-StorPort	820	1	NoneQueryMFNDchildphysicalfunctionproperty._V1(UInt32 PortNumber, GUID AdapterGuid, UnicodeString MiniportName, AnsiString AdapterSerialNumber, UnicodeString MFNDInterfaceName, UInt16 PCIVendorID, UInt16 PCISubsystemVendorID, AnsiString ProductID, AnsiString FirmwareRevision, UInt16 Flags, UInt16 NamespaceMetadataSize, UInt8 NamespaceLBADataSize, UInt8 DataProtectionType, UInt8 NamespaceNMIC, UInt8 SC, UInt8 SCT, UInt32 NtStatus)	QueryMFNDchildphysicalfunctionproperty.	MFND	None	Informational		
Microsoft-Windows-StorPort	821	1	NoneQueryMFNDchildphysicalfunctionsettings._V1(UInt32 PortNumber, GUID AdapterGuid, UnicodeString MiniportName, AnsiString AdapterSerialNumber, UnicodeString MFNDInterfaceName, UInt16 PCIVendorID, UInt16 PCISubsystemVendorID, AnsiString ProductID, AnsiString FirmwareRevision, UInt16 SettingsFlags, UInt16 IoQueuePairCount, UInt16 InterruptCount, UInt16 NamespaceCount, UInt32 NS1StorageProvisionUnitCount, UInt32 NS2StorageProvisionUnitCount, UInt32 NS3StorageProvisionUnitCount, UInt32 NS4StorageProvisionUnitCount, UInt16 QoSVersion, UInt16 QoSSize, UInt32 QoSPolicy, UInt32 ReserveReadBandwidthInMBps, UInt32 ReserveWriteBandwidthInMBps, UInt32 LimitBandwidthInMBps, UInt32 LimitWriteBandwidthInMBps, UInt32 ReserveReadIops, UInt32 ReserveWriteIops, UInt32 LimitIops, UInt32 LimitWriteIops, UInt8 SC, UInt8 SCT, UInt32 NtStatus)	QueryMFNDchildphysicalfunctionsettings.	MFND	None	Informational		
Microsoft-Windows-StorPort	822	1	NoneQueryMFNDchildphysicalfunctionadmincommandspermission._V1(UInt32 PortNumber, GUID AdapterGuid, UnicodeString MiniportName, AnsiString AdapterSerialNumber, UnicodeString MFNDInterfaceName, UInt16 PCIVendorID, UInt16 PCISubsystemVendorID, AnsiString ProductID, AnsiString FirmwareRevision, UInt32 CommandCount, UInt32 CommandPermissionEntriesLength, Binary CommandPermissionEntries, UInt8 SC, UInt8 SCT, UInt32 NtStatus)	QueryMFNDchildphysicalfunctionadmincommandspermission.	MFND	None	Informational		
Microsoft-Windows-StorPort	823	1	NoneQueryMFNDmigrationQoS._V1(UInt32 PortNumber, GUID AdapterGuid, UnicodeString MiniportName, AnsiString AdapterSerialNumber, UnicodeString MFNDInterfaceName, UInt16 PCIVendorID, UInt16 PCISubsystemVendorID, AnsiString ProductID, AnsiString FirmwareRevision, UInt32 QoSPolicy, UInt32 LimitBandwidthInMBps, UInt32 LimitWriteBandwidthInMBps, UInt32 LimitRandomIops, UInt32 LimitRandomWriteIops, UInt8 SC, UInt8 SCT, UInt32 NtStatus)	QueryMFNDmigrationQoS.	MFND	None	Informational		
Microsoft-Windows-StorPort	824	1	NoneQueryMFNDnamespacepagemap._V1(UInt32 PortNumber, GUID AdapterGuid, UnicodeString MiniportName, AnsiString AdapterSerialNumber, UnicodeString MFNDInterfaceName, UInt16 PCIVendorID, UInt16 PCISubsystemVendorID, AnsiString ProductID, AnsiString FirmwareRevision, UInt32 PageMapDataQualifier, UInt32 PageMapDataSizeInBytes, UInt8 SC, UInt8 SCT, UInt32 NtStatus)	QueryMFNDnamespacepagemap.	MFND	None	Informational		
Microsoft-Windows-StorPort	825	1	NoneQueryMFNDchildcontrollerqueuesstate._V1(UInt32 PortNumber, GUID AdapterGuid, UnicodeString MiniportName, AnsiString AdapterSerialNumber, UnicodeString MFNDInterfaceName, UInt16 PCIVendorID, UInt16 PCISubsystemVendorID, AnsiString ProductID, AnsiString FirmwareRevision, UInt16 ChildControllerId, UInt16 SubmissionQueueCount, UInt16 CompletionQueueCount, UInt16 AdminSubmissionQueueID, UInt16 AdminSubmissionQueueHeadPointer, UInt16 AdminSubmissionQueueTailPointer, UInt16 AdminCompletionQueueID, UInt16 AdminCompletionQueueHeadPointer, UInt16 AdminCompletionQueueTailPointer, UInt8 AdminCompletionQueueFlags, UInt16 AQAER1CommandID, UInt16 AQAER2CommandID, UInt16 AQAER3CommandID, UInt16 AQAER4CommandID, UInt8 ValidAERFlags, UInt32 QueuesStateSize, Binary QueuesState, UInt8 SC, UInt8 SCT, UInt32 NtStatus)	QueryMFNDchildcontrollerqueuesstate.	MFND	None	Informational		
Microsoft-Windows-StorPort	826	1	NoneQueryMFNDchildcontrollerQoSstatisticsproperty._V1(UInt32 PortNumber, GUID AdapterGuid, UnicodeString MiniportName, AnsiString AdapterSerialNumber, UnicodeString MFNDInterfaceName, UInt16 PCIVendorID, UInt16 PCISubsystemVendorID, AnsiString ProductID, AnsiString FirmwareRevision, Boolean FeatureEnable, UInt16 QoSStatisticsMonitorPeriod, UInt16 SwapBucketPeriod, UInt8 SC, UInt8 SCT, UInt32 NtStatus)	QueryMFNDchildcontrollerQoSstatisticsproperty.	MFND	None	Informational		
Microsoft-Windows-StorPort	827	1	NoneQueryMFNDchildcontrollerQoSstatisticslog._V1(UInt32 PortNumber, GUID AdapterGuid, UnicodeString MiniportName, AnsiString AdapterSerialNumber, UnicodeString MFNDInterfaceName, UInt16 PCIVendorID, UInt16 PCISubsystemVendorID, AnsiString ProductID, AnsiString FirmwareRevision, UInt16 ChildControllerId, UInt32 Flags, UInt16 QoSStatisticsMonitorPeriod, UInt16 SwapBucketPeriod, UInt8 LogEntryFormatVersion, UInt8 LogSequenceNumber, UInt64 LogEntry0Timestamp, UInt32 LogEntriesCount, UInt32 LogEntriesSize, Binary LogEntries, UInt8 SC, UInt8 SCT, UInt32 NtStatus)	QueryMFNDchildcontrollerQoSstatisticslog.	MFND	None	Informational		
Microsoft-Windows-StorPort	1000	2	NoneNVMeoFconnectcontroller_V2(UInt32 PortNumber, GUID AdapterGuid, UnicodeString MiniportName, AnsiString SubsystemNqn, UInt16 ControllerId)	NVMeoFconnectcontroller	NVMeFabric	None	Informational		
Microsoft-Windows-StorPort	1001	2	NoneNVMecontrollerevent_V2(UInt32 PortNumber, GUID AdapterGuid, UnicodeString MiniportName, AnsiString SubsystemId, UInt16 ControllerId, UInt8 TransportType, AnsiString TransportAddress, AnsiString ProductId, AnsiString FirmwareRevision, UnicodeString Description, UnicodeString Parameter1Name, UInt64 Parameter1Value, UnicodeString Parameter2Name, UInt64 Parameter2Value, UnicodeString Parameter3Name, UInt64 Parameter3Value, UnicodeString Parameter4Name, UInt64 Parameter4Value, UnicodeString Parameter5Name, UInt64 Parameter5Value, UnicodeString Parameter6Name, UInt64 Parameter6Value, UnicodeString Parameter7Name, UInt64 Parameter7Value, UnicodeString Parameter8Name, UInt64 Parameter8Value)	NVMecontrollerevent	NVMe	None	Error		
Microsoft-Windows-StorPort	1002	2	NoneNVMecontrollerevent1002_V2(UInt32 PortNumber, GUID AdapterGuid, UnicodeString MiniportName, AnsiString SubsystemId, UInt16 ControllerId, UInt8 TransportType, AnsiString TransportAddress, AnsiString ProductId, AnsiString FirmwareRevision, UnicodeString Description, UnicodeString Parameter1Name, UInt64 Parameter1Value, UnicodeString Parameter2Name, UInt64 Parameter2Value, UnicodeString Parameter3Name, UInt64 Parameter3Value, UnicodeString Parameter4Name, UInt64 Parameter4Value, UnicodeString Parameter5Name, UInt64 Parameter5Value, UnicodeString Parameter6Name, UInt64 Parameter6Value, UnicodeString Parameter7Name, UInt64 Parameter7Value, UnicodeString Parameter8Name, UInt64 Parameter8Value)	NVMecontrollerevent	NVMe	None	Warning		
Microsoft-Windows-StorPort	1003	2	NoneNVMecontrollerevent1003_V2(UInt32 PortNumber, GUID AdapterGuid, UnicodeString MiniportName, AnsiString SubsystemId, UInt16 ControllerId, UInt8 TransportType, AnsiString TransportAddress, AnsiString ProductId, AnsiString FirmwareRevision, UnicodeString Description, UnicodeString Parameter1Name, UInt64 Parameter1Value, UnicodeString Parameter2Name, UInt64 Parameter2Value, UnicodeString Parameter3Name, UInt64 Parameter3Value, UnicodeString Parameter4Name, UInt64 Parameter4Value, UnicodeString Parameter5Name, UInt64 Parameter5Value, UnicodeString Parameter6Name, UInt64 Parameter6Value, UnicodeString Parameter7Name, UInt64 Parameter7Value, UnicodeString Parameter8Name, UInt64 Parameter8Value)	NVMecontrollerevent	NVMe	None	Informational		
Microsoft-Windows-StorPort	1004	2	NoneNVMenamespaceevent_V2(UInt32 PortNumber, GUID AdapterGuid, UnicodeString MiniportName, AnsiString SubsystemId, UInt16 ControllerId, UInt32 NamespaceId, UInt8 TransportType, AnsiString TransportAddress, AnsiString ProductId, AnsiString FirmwareRevision, UnicodeString Description, UnicodeString Parameter1Name, UInt64 Parameter1Value, UnicodeString Parameter2Name, UInt64 Parameter2Value, UnicodeString Parameter3Name, UInt64 Parameter3Value, UnicodeString Parameter4Name, UInt64 Parameter4Value, UnicodeString Parameter5Name, UInt64 Parameter5Value, UnicodeString Parameter6Name, UInt64 Parameter6Value, UnicodeString Parameter7Name, UInt64 Parameter7Value, UnicodeString Parameter8Name, UInt64 Parameter8Value)	NVMenamespaceevent	NVMe	None	Error		
Microsoft-Windows-StorPort	1005	2	NoneNVMenamespaceevent1005_V2(UInt32 PortNumber, GUID AdapterGuid, UnicodeString MiniportName, AnsiString SubsystemId, UInt16 ControllerId, UInt32 NamespaceId, UInt8 TransportType, AnsiString TransportAddress, AnsiString ProductId, AnsiString FirmwareRevision, UnicodeString Description, UnicodeString Parameter1Name, UInt64 Parameter1Value, UnicodeString Parameter2Name, UInt64 Parameter2Value, UnicodeString Parameter3Name, UInt64 Parameter3Value, UnicodeString Parameter4Name, UInt64 Parameter4Value, UnicodeString Parameter5Name, UInt64 Parameter5Value, UnicodeString Parameter6Name, UInt64 Parameter6Value, UnicodeString Parameter7Name, UInt64 Parameter7Value, UnicodeString Parameter8Name, UInt64 Parameter8Value)	NVMenamespaceevent	NVMe	None	Warning		
Microsoft-Windows-StorPort	1006	2	NoneNVMenamespaceevent1006_V2(UInt32 PortNumber, GUID AdapterGuid, UnicodeString MiniportName, AnsiString SubsystemId, UInt16 ControllerId, UInt32 NamespaceId, UInt8 TransportType, AnsiString TransportAddress, AnsiString ProductId, AnsiString FirmwareRevision, UnicodeString Description, UnicodeString Parameter1Name, UInt64 Parameter1Value, UnicodeString Parameter2Name, UInt64 Parameter2Value, UnicodeString Parameter3Name, UInt64 Parameter3Value, UnicodeString Parameter4Name, UInt64 Parameter4Value, UnicodeString Parameter5Name, UInt64 Parameter5Value, UnicodeString Parameter6Name, UInt64 Parameter6Value, UnicodeString Parameter7Name, UInt64 Parameter7Value, UnicodeString Parameter8Name, UInt64 Parameter8Value)	NVMenamespaceevent	NVMe	None	Informational		
Microsoft-Windows-StorPort	1007	2	NoneNVMeminiportevent_V2(UInt32 PortNumber, GUID AdapterGuid, UnicodeString MiniportName, AnsiString SubsystemId, UInt16 ControllerId, UInt32 NamespaceId, UInt8 TransportType, AnsiString TransportAddress, AnsiString ProductId, AnsiString FirmwareRevision, UInt32 MiniportEventId, UnicodeString MiniportEventDescription, UnicodeString Parameter1Name, UInt64 Parameter1Value, UnicodeString Parameter2Name, UInt64 Parameter2Value, UnicodeString Parameter3Name, UInt64 Parameter3Value, UnicodeString Parameter4Name, UInt64 Parameter4Value, UnicodeString Parameter5Name, UInt64 Parameter5Value, UnicodeString Parameter6Name, UInt64 Parameter6Value, UnicodeString Parameter7Name, UInt64 Parameter7Value, UnicodeString Parameter8Name, UInt64 Parameter8Value)	NVMeminiportevent	NVMe	None	Error		
Microsoft-Windows-StorPort	1008	2	NoneNVMeminiportevent1008_V2(UInt32 PortNumber, GUID AdapterGuid, UnicodeString MiniportName, AnsiString SubsystemId, UInt16 ControllerId, UInt32 NamespaceId, UInt8 TransportType, AnsiString TransportAddress, AnsiString ProductId, AnsiString FirmwareRevision, UInt32 MiniportEventId, UnicodeString MiniportEventDescription, UnicodeString Parameter1Name, UInt64 Parameter1Value, UnicodeString Parameter2Name, UInt64 Parameter2Value, UnicodeString Parameter3Name, UInt64 Parameter3Value, UnicodeString Parameter4Name, UInt64 Parameter4Value, UnicodeString Parameter5Name, UInt64 Parameter5Value, UnicodeString Parameter6Name, UInt64 Parameter6Value, UnicodeString Parameter7Name, UInt64 Parameter7Value, UnicodeString Parameter8Name, UInt64 Parameter8Value)	NVMeminiportevent	NVMe	None	Warning		
Microsoft-Windows-StorPort	1009	2	NoneNVMeminiportevent1009_V2(UInt32 PortNumber, GUID AdapterGuid, UnicodeString MiniportName, AnsiString SubsystemId, UInt16 ControllerId, UInt32 NamespaceId, UInt8 TransportType, AnsiString TransportAddress, AnsiString ProductId, AnsiString FirmwareRevision, UInt32 MiniportEventId, UnicodeString MiniportEventDescription, UnicodeString Parameter1Name, UInt64 Parameter1Value, UnicodeString Parameter2Name, UInt64 Parameter2Value, UnicodeString Parameter3Name, UInt64 Parameter3Value, UnicodeString Parameter4Name, UInt64 Parameter4Value, UnicodeString Parameter5Name, UInt64 Parameter5Value, UnicodeString Parameter6Name, UInt64 Parameter6Value, UnicodeString Parameter7Name, UInt64 Parameter7Value, UnicodeString Parameter8Name, UInt64 Parameter8Value)	NVMeminiportevent	NVMe	None	Informational		
Microsoft-Windows-StorPort	1010	1	NoneNVMeAdapterquerydevicerelations_V1(UInt32 PortNumber, GUID AdapterGuid, UnicodeString MiniportName, HexInt32 NtStatus, UInt32 NVMeNamespaceCount)	NVMeAdapterquerydevicerelations	NVMe	None	Informational		
Microsoft-Windows-StorPort	1011	1	NoneNVMeadapterevent_V1(UInt32 PortNumber, GUID AdapterGuid, UnicodeString MiniportName, UInt8 TransportType, AnsiString TransportAddress, UnicodeString Description, UnicodeString Parameter1Name, UInt64 Parameter1Value, UnicodeString Parameter2Name, UInt64 Parameter2Value, UnicodeString Parameter3Name, UInt64 Parameter3Value, UnicodeString Parameter4Name, UInt64 Parameter4Value, UnicodeString Parameter5Name, UInt64 Parameter5Value, UnicodeString Parameter6Name, UInt64 Parameter6Value, UnicodeString Parameter7Name, UInt64 Parameter7Value, UnicodeString Parameter8Name, UInt64 Parameter8Value)	NVMeadapterevent	NVMe	None	Error		
Microsoft-Windows-StorPort	1012	1	NoneNVMeadapterevent1012_V1(UInt32 PortNumber, GUID AdapterGuid, UnicodeString MiniportName, UInt8 TransportType, AnsiString TransportAddress, UnicodeString Description, UnicodeString Parameter1Name, UInt64 Parameter1Value, UnicodeString Parameter2Name, UInt64 Parameter2Value, UnicodeString Parameter3Name, UInt64 Parameter3Value, UnicodeString Parameter4Name, UInt64 Parameter4Value, UnicodeString Parameter5Name, UInt64 Parameter5Value, UnicodeString Parameter6Name, UInt64 Parameter6Value, UnicodeString Parameter7Name, UInt64 Parameter7Value, UnicodeString Parameter8Name, UInt64 Parameter8Value)	NVMeadapterevent	NVMe	None	Warning		
Microsoft-Windows-StorPort	1013	1	NoneNVMeadapterevent1013_V1(UInt32 PortNumber, GUID AdapterGuid, UnicodeString MiniportName, UInt8 TransportType, AnsiString TransportAddress, UnicodeString Description, UnicodeString Parameter1Name, UInt64 Parameter1Value, UnicodeString Parameter2Name, UInt64 Parameter2Value, UnicodeString Parameter3Name, UInt64 Parameter3Value, UnicodeString Parameter4Name, UInt64 Parameter4Value, UnicodeString Parameter5Name, UInt64 Parameter5Value, UnicodeString Parameter6Name, UInt64 Parameter6Value, UnicodeString Parameter7Name, UInt64 Parameter7Value, UnicodeString Parameter8Name, UInt64 Parameter8Value)	NVMeadapterevent	NVMe	None	Informational		
Microsoft-Windows-StorPort	1200	2	NoneNVMecontrollerevent1200_V2(UInt32 PortNumber, GUID AdapterGuid, UnicodeString MiniportName, AnsiString SubsystemId, UInt16 ControllerId, UInt8 TransportType, AnsiString TransportAddress, AnsiString ProductId, AnsiString FirmwareRevision, UnicodeString Description, UnicodeString Parameter1Name, UInt64 Parameter1Value, UnicodeString Parameter2Name, UInt64 Parameter2Value, UnicodeString Parameter3Name, UInt64 Parameter3Value, UnicodeString Parameter4Name, UInt64 Parameter4Value, UnicodeString Parameter5Name, UInt64 Parameter5Value, UnicodeString Parameter6Name, UInt64 Parameter6Value, UnicodeString Parameter7Name, UInt64 Parameter7Value, UnicodeString Parameter8Name, UInt64 Parameter8Value)	NVMecontrollerevent	NVMe	None	Error		
Microsoft-Windows-StorPort	1201	2	NoneNVMecontrollerevent1201_V2(UInt32 PortNumber, GUID AdapterGuid, UnicodeString MiniportName, AnsiString SubsystemId, UInt16 ControllerId, UInt8 TransportType, AnsiString TransportAddress, AnsiString ProductId, AnsiString FirmwareRevision, UnicodeString Description, UnicodeString Parameter1Name, UInt64 Parameter1Value, UnicodeString Parameter2Name, UInt64 Parameter2Value, UnicodeString Parameter3Name, UInt64 Parameter3Value, UnicodeString Parameter4Name, UInt64 Parameter4Value, UnicodeString Parameter5Name, UInt64 Parameter5Value, UnicodeString Parameter6Name, UInt64 Parameter6Value, UnicodeString Parameter7Name, UInt64 Parameter7Value, UnicodeString Parameter8Name, UInt64 Parameter8Value)	NVMecontrollerevent	NVMe	None	Warning		
Microsoft-Windows-StorPort	1202	2	NoneNVMecontrollerevent1202_V2(UInt32 PortNumber, GUID AdapterGuid, UnicodeString MiniportName, AnsiString SubsystemId, UInt16 ControllerId, UInt8 TransportType, AnsiString TransportAddress, AnsiString ProductId, AnsiString FirmwareRevision, UnicodeString Description, UnicodeString Parameter1Name, UInt64 Parameter1Value, UnicodeString Parameter2Name, UInt64 Parameter2Value, UnicodeString Parameter3Name, UInt64 Parameter3Value, UnicodeString Parameter4Name, UInt64 Parameter4Value, UnicodeString Parameter5Name, UInt64 Parameter5Value, UnicodeString Parameter6Name, UInt64 Parameter6Value, UnicodeString Parameter7Name, UInt64 Parameter7Value, UnicodeString Parameter8Name, UInt64 Parameter8Value)	NVMecontrollerevent	NVMe	None	Informational		
Microsoft-Windows-StorPort	1203	2	NoneNVMenamespaceevent1203_V2(UInt32 PortNumber, GUID AdapterGuid, UnicodeString MiniportName, AnsiString SubsystemId, UInt16 ControllerId, UInt32 NamespaceId, UInt8 TransportType, AnsiString TransportAddress, AnsiString ProductId, AnsiString FirmwareRevision, UnicodeString Description, UnicodeString Parameter1Name, UInt64 Parameter1Value, UnicodeString Parameter2Name, UInt64 Parameter2Value, UnicodeString Parameter3Name, UInt64 Parameter3Value, UnicodeString Parameter4Name, UInt64 Parameter4Value, UnicodeString Parameter5Name, UInt64 Parameter5Value, UnicodeString Parameter6Name, UInt64 Parameter6Value, UnicodeString Parameter7Name, UInt64 Parameter7Value, UnicodeString Parameter8Name, UInt64 Parameter8Value)	NVMenamespaceevent	NVMe	None	Error		
Microsoft-Windows-StorPort	1204	2	NoneNVMenamespaceevent1204_V2(UInt32 PortNumber, GUID AdapterGuid, UnicodeString MiniportName, AnsiString SubsystemId, UInt16 ControllerId, UInt32 NamespaceId, UInt8 TransportType, AnsiString TransportAddress, AnsiString ProductId, AnsiString FirmwareRevision, UnicodeString Description, UnicodeString Parameter1Name, UInt64 Parameter1Value, UnicodeString Parameter2Name, UInt64 Parameter2Value, UnicodeString Parameter3Name, UInt64 Parameter3Value, UnicodeString Parameter4Name, UInt64 Parameter4Value, UnicodeString Parameter5Name, UInt64 Parameter5Value, UnicodeString Parameter6Name, UInt64 Parameter6Value, UnicodeString Parameter7Name, UInt64 Parameter7Value, UnicodeString Parameter8Name, UInt64 Parameter8Value)	NVMenamespaceevent	NVMe	None	Warning		
Microsoft-Windows-StorPort	1205	2	NoneNVMenamespaceevent1205_V2(UInt32 PortNumber, GUID AdapterGuid, UnicodeString MiniportName, AnsiString SubsystemId, UInt16 ControllerId, UInt32 NamespaceId, UInt8 TransportType, AnsiString TransportAddress, AnsiString ProductId, AnsiString FirmwareRevision, UnicodeString Description, UnicodeString Parameter1Name, UInt64 Parameter1Value, UnicodeString Parameter2Name, UInt64 Parameter2Value, UnicodeString Parameter3Name, UInt64 Parameter3Value, UnicodeString Parameter4Name, UInt64 Parameter4Value, UnicodeString Parameter5Name, UInt64 Parameter5Value, UnicodeString Parameter6Name, UInt64 Parameter6Value, UnicodeString Parameter7Name, UInt64 Parameter7Value, UnicodeString Parameter8Name, UInt64 Parameter8Value)	NVMenamespaceevent	NVMe	None	Informational		
Microsoft-Windows-StorPort	1206	2	NoneNVMeminiportevent1206_V2(UInt32 PortNumber, GUID AdapterGuid, UnicodeString MiniportName, AnsiString SubsystemId, UInt16 ControllerId, UInt32 NamespaceId, UInt8 TransportType, AnsiString TransportAddress, AnsiString ProductId, AnsiString FirmwareRevision, UInt32 MiniportEventId, UnicodeString MiniportEventDescription, UnicodeString Parameter1Name, UInt64 Parameter1Value, UnicodeString Parameter2Name, UInt64 Parameter2Value, UnicodeString Parameter3Name, UInt64 Parameter3Value, UnicodeString Parameter4Name, UInt64 Parameter4Value, UnicodeString Parameter5Name, UInt64 Parameter5Value, UnicodeString Parameter6Name, UInt64 Parameter6Value, UnicodeString Parameter7Name, UInt64 Parameter7Value, UnicodeString Parameter8Name, UInt64 Parameter8Value)	NVMeminiportevent	NVMe	None	Error		
Microsoft-Windows-StorPort	1207	2	NoneNVMeminiportevent1207_V2(UInt32 PortNumber, GUID AdapterGuid, UnicodeString MiniportName, AnsiString SubsystemId, UInt16 ControllerId, UInt32 NamespaceId, UInt8 TransportType, AnsiString TransportAddress, AnsiString ProductId, AnsiString FirmwareRevision, UInt32 MiniportEventId, UnicodeString MiniportEventDescription, UnicodeString Parameter1Name, UInt64 Parameter1Value, UnicodeString Parameter2Name, UInt64 Parameter2Value, UnicodeString Parameter3Name, UInt64 Parameter3Value, UnicodeString Parameter4Name, UInt64 Parameter4Value, UnicodeString Parameter5Name, UInt64 Parameter5Value, UnicodeString Parameter6Name, UInt64 Parameter6Value, UnicodeString Parameter7Name, UInt64 Parameter7Value, UnicodeString Parameter8Name, UInt64 Parameter8Value)	NVMeminiportevent	NVMe	None	Warning		
Microsoft-Windows-StorPort	1208	2	NoneNVMeminiportevent1208_V2(UInt32 PortNumber, GUID AdapterGuid, UnicodeString MiniportName, AnsiString SubsystemId, UInt16 ControllerId, UInt32 NamespaceId, UInt8 TransportType, AnsiString TransportAddress, AnsiString ProductId, AnsiString FirmwareRevision, UInt32 MiniportEventId, UnicodeString MiniportEventDescription, UnicodeString Parameter1Name, UInt64 Parameter1Value, UnicodeString Parameter2Name, UInt64 Parameter2Value, UnicodeString Parameter3Name, UInt64 Parameter3Value, UnicodeString Parameter4Name, UInt64 Parameter4Value, UnicodeString Parameter5Name, UInt64 Parameter5Value, UnicodeString Parameter6Name, UInt64 Parameter6Value, UnicodeString Parameter7Name, UInt64 Parameter7Value, UnicodeString Parameter8Name, UInt64 Parameter8Value)	NVMeminiportevent	NVMe	None	Informational		
Microsoft-Windows-StorPort	1209	1	None1209_V1(UInt32 PortNumber, GUID AdapterGuid, UnicodeString MiniportName, AnsiString SubsystemId, UInt16 ControllerId, UInt8 TransportType, AnsiString TransportAddress, AnsiString PCIVendorID, AnsiString ProductId, AnsiString FirmwareRevision, UInt32 BusType, Boolean BootDevice, UInt64 SystemUptime_s, UInt32 CriticalWarning, UInt32 NvmeHealthLogLength, Binary NvmeHealthLog, UInt8 VendorSpecificLogPageCode, UInt16 VendorSpecificLogPageVersion, UInt32 VendorSpecificLogLength, Binary VendorSpecificLog)		DeviceState NVMe	None	Informational		
Microsoft-Windows-StorPort	1400	1	NoneNVMeAdapterstartfailure_V1(UInt32 PortNumber, GUID AdapterGuid, UnicodeString MiniportName, HexInt32 NtStatus, UInt32 FailureCode)	NVMeAdapterstartfailure	NVMe	None	Error		
Microsoft-Windows-StorPort	1401	2	NoneNVMeoFHostGatewayadded_V2(UInt32 PortNumber, GUID AdapterGuid, UnicodeString MiniportName, UInt8 NVMeoFTransportType, UInt8 NVMeAddressFamily, AnsiString TransportAddress, AnsiString TransportServiceId)	NVMeoFHostGatewayadded	NVMeFabric	None	Informational		
Microsoft-Windows-StorPort	1402	2	NoneNVMeoFHostGatewayremoved_V2(UInt32 PortNumber, GUID AdapterGuid, UnicodeString MiniportName, UInt8 NVMeoFTransportType, UInt8 NVMeAddressFamily, AnsiString TransportAddress, AnsiString TransportServiceId)	NVMeoFHostGatewayremoved	NVMeFabric	None	Informational		
Microsoft-Windows-StorPort	1403	3	NoneNVMeoFSubsystemPortadded_V3(UInt32 PortNumber, GUID AdapterGuid, UnicodeString MiniportName, AnsiString HostTransportAddress, UInt16 SubsystemPortId, AnsiString SubsystemNqn, AnsiString SubsystemTransportAddress, AnsiString SubsystemTransportServiceId, AnsiString Functionality, Boolean ManuallyAdded)	NVMeoFSubsystemPortadded	NVMeFabric	None	Informational		
Microsoft-Windows-StorPort	1404	2	NoneNVMeoFSubsystemPortremoved_V2(UInt32 PortNumber, GUID AdapterGuid, UnicodeString MiniportName, AnsiString HostTransportAddress, UInt16 SubsystemPortId, AnsiString SubsystemNqn, AnsiString SubsystemTransportAddress, AnsiString SubsystemTransportServiceId)	NVMeoFSubsystemPortremoved	NVMeFabric	None	Informational		
Microsoft-Windows-StorPort	1405	2	NoneNVMeoFminiportcontrolfailed_V2(UInt32 PortNumber, GUID AdapterGuid, UnicodeString MiniportName, UInt32 ControlCode, AnsiString InstanceId, HexInt32 NtStatus, UInt32 TransportErrorCode, AnsiString TransportErrorDescription)	NVMeoFminiportcontrolfailed	NVMeFabric	None	Error		
Microsoft-Windows-StorPort	1406	2	NoneNVMeoFconnectcontroller1406_V2(UInt32 PortNumber, GUID AdapterGuid, UnicodeString MiniportName, AnsiString SubsystemNqn, UInt16 ControllerId, UInt32 Duration_us)	NVMeoFconnectcontroller	NVMeFabric	None	Informational		
Microsoft-Windows-StorPort	1407	2	NoneNVMeoFconnectcontroller1407_V2(UInt32 PortNumber, GUID AdapterGuid, UnicodeString MiniportName, AnsiString SubsystemNqn, HexInt32 NtStatus, UInt32 FailureCode, UInt32 Duration_us)	NVMeoFconnectcontroller	NVMeFabric	None	Error		
Microsoft-Windows-StorPort	1408	2	NoneNVMeoFdisconnectcontroller_V2(UInt32 PortNumber, GUID AdapterGuid, UnicodeString MiniportName, AnsiString SubsystemNqn, UInt16 ControllerId)	NVMeoFdisconnectcontroller	NVMeFabric	None	Informational		
Microsoft-Windows-StorPort	1409	3	NoneNVMeoFcreatecontrollerqueue_V3(UInt32 PortNumber, GUID AdapterGuid, UnicodeString MiniportName, AnsiString SubsystemNqn, AnsiString TransportAddress, AnsiString TransportServiceId, UInt16 ControllerId, UInt16 QueueId, UInt32 Duration_us)	NVMeoFcreatecontrollerqueue	NVMeFabric	None	Informational		
Microsoft-Windows-StorPort	1410	3	NoneNVMeoFcreatecontrollerqueue1410_V3(UInt32 PortNumber, GUID AdapterGuid, UnicodeString MiniportName, AnsiString SubsystemNqn, AnsiString TransportAddress, AnsiString TransportServiceId, UInt16 ControllerId, UInt16 QueueId, HexInt32 NtStatus, UInt32 TransportErrorCode, AnsiString TransportErrorDescription, UInt32 Duration_us)	NVMeoFcreatecontrollerqueue	NVMeFabric	None	Warning		
Microsoft-Windows-StorPort	1411	3	NoneNVMeoFconnectcontrollerqueue_V3(UInt32 PortNumber, GUID AdapterGuid, UnicodeString MiniportName, AnsiString SubsystemNqn, AnsiString TransportAddress, AnsiString TransportServiceId, UInt16 ControllerId, UInt16 QueueId, UInt32 Duration_us)	NVMeoFconnectcontrollerqueue	NVMeFabric	None	Informational		
Microsoft-Windows-StorPort	1412	3	NoneNVMeoFconnectcontrollerqueue1412_V3(UInt32 PortNumber, GUID AdapterGuid, UnicodeString MiniportName, AnsiString SubsystemNqn, AnsiString TransportAddress, AnsiString TransportServiceId, UInt16 ControllerId, UInt16 QueueId, HexInt32 NtStatus, UInt32 Duration_us)	NVMeoFconnectcontrollerqueue	NVMeFabric	None	Warning		
Microsoft-Windows-StorPort	1413	2	NoneNVMeoFdisconnectcontrollerqueue_V2(UInt32 PortNumber, GUID AdapterGuid, UnicodeString MiniportName, AnsiString SubsystemNqn, UInt16 ControllerId, UInt16 QueueId, UInt32 Duration_us)	NVMeoFdisconnectcontrollerqueue	NVMeFabric	None	Informational		
Microsoft-Windows-StorPort	1414	2	NoneNVMeoFdisconnectcontrollerqueue1414_V2(UInt32 PortNumber, GUID AdapterGuid, UnicodeString MiniportName, AnsiString SubsystemNqn, UInt16 ControllerId, UInt16 QueueId, HexInt32 NtStatus, UInt32 Duration_us)	NVMeoFdisconnectcontrollerqueue	NVMeFabric	None	Warning		
Microsoft-Windows-StorPort	1415	2	NoneNVMeoFcreateconnectioqueue_V2(UInt32 PortNumber, GUID AdapterGuid, UnicodeString MiniportName, AnsiString SubsystemNqn, UInt16 ControllerId, UInt16 QueueId, UInt32 Duration_us)	NVMeoFcreateconnectioqueue	NVMeFabric	None	Informational		
Microsoft-Windows-StorPort	1416	2	NoneNVMeoFcreateconnectioqueue1416_V2(UInt32 PortNumber, GUID AdapterGuid, UnicodeString MiniportName, AnsiString SubsystemNqn, UInt16 ControllerId, UInt16 QueueId, HexInt32 NtStatus, UInt32 FailureCode, UInt32 Duration_us)	NVMeoFcreateconnectioqueue	NVMeFabric	None	Error		
Microsoft-Windows-StorPort	1417	2	NoneNVMeoFdisconnectdeletequeue_V2(UInt32 PortNumber, GUID AdapterGuid, UnicodeString MiniportName, AnsiString SubsystemNqn, UInt16 ControllerId, UInt16 QueueId)	NVMeoFdisconnectdeletequeue	NVMeFabric	None	Informational		
Microsoft-Windows-StorPort	1418	2	NoneNVMeoFdeletecontrollerqueue_V2(UInt32 PortNumber, GUID AdapterGuid, UnicodeString MiniportName, AnsiString SubsystemNqn, UInt16 ControllerId, UInt16 QueueId, UInt32 Duration_us)	NVMeoFdeletecontrollerqueue	NVMeFabric	None	Informational		
Microsoft-Windows-StorPort	1419	2	NoneNVMeoFdeletecontrollerqueue1419_V2(UInt32 PortNumber, GUID AdapterGuid, UnicodeString MiniportName, AnsiString SubsystemNqn, UInt16 ControllerId, UInt16 QueueId, HexInt32 NtStatus, UInt32 TransportErrorCode, AnsiString TransportErrorDescription, UInt32 Duration_us)	NVMeoFdeletecontrollerqueue	NVMeFabric	None	Warning		
Microsoft-Windows-StorPort	1420	2	NoneNVMequeuerequestfailed_V2(UInt32 PortNumber, GUID AdapterGuid, UnicodeString MiniportName, AnsiString SubsystemId, UInt16 ControllerId, UInt16 QueueId, UInt8 TransportType, AnsiString TransportAddress, AnsiString ProductId, AnsiString FirmwareRevision, AnsiString Description, AnsiString Parameter1Name, UInt64 Parameter1Value, AnsiString Parameter2Name, UInt64 Parameter2Value, AnsiString Parameter3Name, UInt64 Parameter3Value, AnsiString Parameter4Name, UInt64 Parameter4Value, AnsiString Parameter5Name, UInt64 Parameter5Value, AnsiString Parameter6Name, UInt64 Parameter6Value, AnsiString Parameter7Name, UInt64 Parameter7Value, AnsiString Parameter8Name, UInt64 Parameter8Value, HexInt32 NtStatus, UInt8 SrbStatus, UInt8 SCT, UInt8 SC)	NVMequeuerequestfailed	NVMe	None	Error		
Microsoft-Windows-StorPort	1421	2	NoneNVMecontrollerevent1421_V2(UInt32 PortNumber, GUID AdapterGuid, UnicodeString MiniportName, AnsiString SubsystemId, UInt16 ControllerId, UInt8 TransportType, AnsiString TransportAddress, AnsiString ProductId, AnsiString FirmwareRevision, UnicodeString Description, UnicodeString Parameter1Name, UInt64 Parameter1Value, UnicodeString Parameter2Name, UInt64 Parameter2Value, UnicodeString Parameter3Name, UInt64 Parameter3Value, UnicodeString Parameter4Name, UInt64 Parameter4Value, UnicodeString Parameter5Name, UInt64 Parameter5Value, UnicodeString Parameter6Name, UInt64 Parameter6Value, UnicodeString Parameter7Name, UInt64 Parameter7Value, UnicodeString Parameter8Name, UInt64 Parameter8Value)	NVMecontrollerevent	NVMe	None	Informational		
Microsoft-Windows-StorPort	1422	2	NoneNVMecontrollerevent1422_V2(UInt32 PortNumber, GUID AdapterGuid, UnicodeString MiniportName, AnsiString SubsystemId, UInt16 ControllerId, UInt8 TransportType, AnsiString TransportAddress, AnsiString ProductId, AnsiString FirmwareRevision, UnicodeString Description, UnicodeString Parameter1Name, UInt64 Parameter1Value, UnicodeString Parameter2Name, UInt64 Parameter2Value, UnicodeString Parameter3Name, UInt64 Parameter3Value, UnicodeString Parameter4Name, UInt64 Parameter4Value, UnicodeString Parameter5Name, UInt64 Parameter5Value, UnicodeString Parameter6Name, UInt64 Parameter6Value, UnicodeString Parameter7Name, UInt64 Parameter7Value, UnicodeString Parameter8Name, UInt64 Parameter8Value)	NVMecontrollerevent	NVMe	None	Warning		
Microsoft-Windows-StorPort	1423	2	NoneNVMecontrollerevent1423_V2(UInt32 PortNumber, GUID AdapterGuid, UnicodeString MiniportName, AnsiString SubsystemId, UInt16 ControllerId, UInt8 TransportType, AnsiString TransportAddress, AnsiString ProductId, AnsiString FirmwareRevision, UnicodeString Description, UnicodeString Parameter1Name, UInt64 Parameter1Value, UnicodeString Parameter2Name, UInt64 Parameter2Value, UnicodeString Parameter3Name, UInt64 Parameter3Value, UnicodeString Parameter4Name, UInt64 Parameter4Value, UnicodeString Parameter5Name, UInt64 Parameter5Value, UnicodeString Parameter6Name, UInt64 Parameter6Value, UnicodeString Parameter7Name, UInt64 Parameter7Value, UnicodeString Parameter8Name, UInt64 Parameter8Value)	NVMecontrollerevent	NVMe	None	Error		
Microsoft-Windows-StorPort	1424	2	NoneNVMenamespaceevent1424_V2(UInt32 PortNumber, GUID AdapterGuid, UnicodeString MiniportName, AnsiString SubsystemId, UInt16 ControllerId, UInt32 NamespaceId, UInt8 TransportType, AnsiString TransportAddress, AnsiString ProductId, AnsiString FirmwareRevision, UnicodeString Description, UnicodeString Parameter1Name, UInt64 Parameter1Value, UnicodeString Parameter2Name, UInt64 Parameter2Value, UnicodeString Parameter3Name, UInt64 Parameter3Value, UnicodeString Parameter4Name, UInt64 Parameter4Value, UnicodeString Parameter5Name, UInt64 Parameter5Value, UnicodeString Parameter6Name, UInt64 Parameter6Value, UnicodeString Parameter7Name, UInt64 Parameter7Value, UnicodeString Parameter8Name, UInt64 Parameter8Value)	NVMenamespaceevent	NVMe	None	Informational		
Microsoft-Windows-StorPort	1425	2	NoneNVMenamespaceevent1425_V2(UInt32 PortNumber, GUID AdapterGuid, UnicodeString MiniportName, AnsiString SubsystemId, UInt16 ControllerId, UInt32 NamespaceId, UInt8 TransportType, AnsiString TransportAddress, AnsiString ProductId, AnsiString FirmwareRevision, UnicodeString Description, UnicodeString Parameter1Name, UInt64 Parameter1Value, UnicodeString Parameter2Name, UInt64 Parameter2Value, UnicodeString Parameter3Name, UInt64 Parameter3Value, UnicodeString Parameter4Name, UInt64 Parameter4Value, UnicodeString Parameter5Name, UInt64 Parameter5Value, UnicodeString Parameter6Name, UInt64 Parameter6Value, UnicodeString Parameter7Name, UInt64 Parameter7Value, UnicodeString Parameter8Name, UInt64 Parameter8Value)	NVMenamespaceevent	NVMe	None	Warning		
Microsoft-Windows-StorPort	1426	2	NoneNVMenamespaceevent1426_V2(UInt32 PortNumber, GUID AdapterGuid, UnicodeString MiniportName, AnsiString SubsystemId, UInt16 ControllerId, UInt32 NamespaceId, UInt8 TransportType, AnsiString TransportAddress, AnsiString ProductId, AnsiString FirmwareRevision, UnicodeString Description, UnicodeString Parameter1Name, UInt64 Parameter1Value, UnicodeString Parameter2Name, UInt64 Parameter2Value, UnicodeString Parameter3Name, UInt64 Parameter3Value, UnicodeString Parameter4Name, UInt64 Parameter4Value, UnicodeString Parameter5Name, UInt64 Parameter5Value, UnicodeString Parameter6Name, UInt64 Parameter6Value, UnicodeString Parameter7Name, UInt64 Parameter7Value, UnicodeString Parameter8Name, UInt64 Parameter8Value)	NVMenamespaceevent	NVMe	None	Error		
Microsoft-Windows-StorPort	1427	2	NoneNVMeminiportevent1427_V2(UInt32 PortNumber, GUID AdapterGuid, UnicodeString MiniportName, AnsiString SubsystemId, UInt16 ControllerId, UInt32 NamespaceId, UInt8 TransportType, AnsiString TransportAddress, AnsiString ProductId, AnsiString FirmwareRevision, UInt32 MiniportEventId, UnicodeString MiniportEventDescription, UnicodeString Parameter1Name, UInt64 Parameter1Value, UnicodeString Parameter2Name, UInt64 Parameter2Value, UnicodeString Parameter3Name, UInt64 Parameter3Value, UnicodeString Parameter4Name, UInt64 Parameter4Value, UnicodeString Parameter5Name, UInt64 Parameter5Value, UnicodeString Parameter6Name, UInt64 Parameter6Value, UnicodeString Parameter7Name, UInt64 Parameter7Value, UnicodeString Parameter8Name, UInt64 Parameter8Value)	NVMeminiportevent	NVMe	None	Informational		
Microsoft-Windows-StorPort	1428	2	NoneNVMeminiportevent1428_V2(UInt32 PortNumber, GUID AdapterGuid, UnicodeString MiniportName, AnsiString SubsystemId, UInt16 ControllerId, UInt32 NamespaceId, UInt8 TransportType, AnsiString TransportAddress, AnsiString ProductId, AnsiString FirmwareRevision, UInt32 MiniportEventId, UnicodeString MiniportEventDescription, UnicodeString Parameter1Name, UInt64 Parameter1Value, UnicodeString Parameter2Name, UInt64 Parameter2Value, UnicodeString Parameter3Name, UInt64 Parameter3Value, UnicodeString Parameter4Name, UInt64 Parameter4Value, UnicodeString Parameter5Name, UInt64 Parameter5Value, UnicodeString Parameter6Name, UInt64 Parameter6Value, UnicodeString Parameter7Name, UInt64 Parameter7Value, UnicodeString Parameter8Name, UInt64 Parameter8Value)	NVMeminiportevent	NVMe	None	Warning		
Microsoft-Windows-StorPort	1429	2	NoneNVMeminiportevent1429_V2(UInt32 PortNumber, GUID AdapterGuid, UnicodeString MiniportName, AnsiString SubsystemId, UInt16 ControllerId, UInt32 NamespaceId, UInt8 TransportType, AnsiString TransportAddress, AnsiString ProductId, AnsiString FirmwareRevision, UInt32 MiniportEventId, UnicodeString MiniportEventDescription, UnicodeString Parameter1Name, UInt64 Parameter1Value, UnicodeString Parameter2Name, UInt64 Parameter2Value, UnicodeString Parameter3Name, UInt64 Parameter3Value, UnicodeString Parameter4Name, UInt64 Parameter4Value, UnicodeString Parameter5Name, UInt64 Parameter5Value, UnicodeString Parameter6Name, UInt64 Parameter6Value, UnicodeString Parameter7Name, UInt64 Parameter7Value, UnicodeString Parameter8Name, UInt64 Parameter8Value)	NVMeminiportevent	NVMe	None	Error		
Microsoft-Windows-StorPort	1430	2	NoneNVMeoFdisconnectcontrollerqueuetransport_V2(UInt32 PortNumber, GUID AdapterGuid, UnicodeString MiniportName, AnsiString SubsystemNqn, UInt16 ControllerId, UInt16 QueueId, UInt32 Duration_us)	NVMeoFdisconnectcontrollerqueuetransport	NVMeFabric	None	Informational		
Microsoft-Windows-StorPort	1431	2	NoneNVMeoFdisconnectcontrollerqueuetransport1431_V2(UInt32 PortNumber, GUID AdapterGuid, UnicodeString MiniportName, AnsiString SubsystemNqn, UInt16 ControllerId, UInt16 QueueId, HexInt32 NtStatus, UInt32 TransportErrorCode, AnsiString TransportErrorDescription, UInt32 Duration_us)	NVMeoFdisconnectcontrollerqueuetransport	NVMeFabric	None	Warning		
Microsoft-Windows-StorPort	1432	2	NoneNVMeoFreconnectcontrollerqueuetransport_V2(UInt32 PortNumber, GUID AdapterGuid, UnicodeString MiniportName, AnsiString SubsystemNqn, UInt16 ControllerId, UInt16 QueueId, UInt32 Duration_us)	NVMeoFreconnectcontrollerqueuetransport	NVMeFabric	None	Informational		
Microsoft-Windows-StorPort	1433	2	NoneNVMeoFreconnectcontrollerqueuetransport1433_V2(UInt32 PortNumber, GUID AdapterGuid, UnicodeString MiniportName, AnsiString SubsystemNqn, UInt16 ControllerId, UInt16 QueueId, HexInt32 NtStatus, UInt32 TransportErrorCode, AnsiString TransportErrorDescription, UInt32 Duration_us)	NVMeoFreconnectcontrollerqueuetransport	NVMeFabric	None	Warning		
Microsoft-Windows-StorPort	1434	1	NoneNVMeadapterevent1434_V1(UInt32 PortNumber, GUID AdapterGuid, UnicodeString MiniportName, UInt8 TransportType, AnsiString TransportAddress, UnicodeString Description, UnicodeString Parameter1Name, UInt64 Parameter1Value, UnicodeString Parameter2Name, UInt64 Parameter2Value, UnicodeString Parameter3Name, UInt64 Parameter3Value, UnicodeString Parameter4Name, UInt64 Parameter4Value, UnicodeString Parameter5Name, UInt64 Parameter5Value, UnicodeString Parameter6Name, UInt64 Parameter6Value, UnicodeString Parameter7Name, UInt64 Parameter7Value, UnicodeString Parameter8Name, UInt64 Parameter8Value)	NVMeadapterevent	NVMe	None	Informational		
Microsoft-Windows-StorPort	1435	1	NoneNVMeadapterevent1435_V1(UInt32 PortNumber, GUID AdapterGuid, UnicodeString MiniportName, UInt8 TransportType, AnsiString TransportAddress, UnicodeString Description, UnicodeString Parameter1Name, UInt64 Parameter1Value, UnicodeString Parameter2Name, UInt64 Parameter2Value, UnicodeString Parameter3Name, UInt64 Parameter3Value, UnicodeString Parameter4Name, UInt64 Parameter4Value, UnicodeString Parameter5Name, UInt64 Parameter5Value, UnicodeString Parameter6Name, UInt64 Parameter6Value, UnicodeString Parameter7Name, UInt64 Parameter7Value, UnicodeString Parameter8Name, UInt64 Parameter8Value)	NVMeadapterevent	NVMe	None	Warning		
Microsoft-Windows-StorPort	1436	1	NoneNVMeadapterevent1436_V1(UInt32 PortNumber, GUID AdapterGuid, UnicodeString MiniportName, UInt8 TransportType, AnsiString TransportAddress, UnicodeString Description, UnicodeString Parameter1Name, UInt64 Parameter1Value, UnicodeString Parameter2Name, UInt64 Parameter2Value, UnicodeString Parameter3Name, UInt64 Parameter3Value, UnicodeString Parameter4Name, UInt64 Parameter4Value, UnicodeString Parameter5Name, UInt64 Parameter5Value, UnicodeString Parameter6Name, UInt64 Parameter6Value, UnicodeString Parameter7Name, UInt64 Parameter7Value, UnicodeString Parameter8Name, UInt64 Parameter8Value)	NVMeadapterevent	NVMe	None	Error		
Microsoft-Windows-StorPort	1437	2	None1437_V2(UInt32 PortNumber, GUID AdapterGuid, UnicodeString MiniportName, AnsiString SubsystemId, UInt16 ControllerId, UInt32 NamespaceId, UInt8 TransportType, AnsiString TransportAddress, AnsiString ProductId, AnsiString FirmwareRevision, GUID DeviceGuid, UInt32 BusType, UInt64 SystemUptime_s, UInt8 Version, UInt64 TotalIoCount, UInt64 IoTimeout_s, UInt32 MaxReadWriteLatency_100ns, UInt32 MaxFlushLatency_100ns, UInt32 MaxUnmapLatency_100ns, UnicodeString IoLatencyBuckets, UInt64 BucketIoSuccess1, UInt64 BucketIoSuccess2, UInt64 BucketIoSuccess3, UInt64 BucketIoSuccess4, UInt64 BucketIoSuccess5, UInt64 BucketIoSuccess6, UInt64 BucketIoSuccess7, UInt64 BucketIoSuccess8, UInt64 BucketIoSuccess9, UInt64 BucketIoSuccess10, UInt64 BucketIoSuccess11, UInt64 BucketIoSuccess12, UInt64 BucketIoSuccess13, UInt64 BucketIoSuccess14, UInt64 BucketIoFailed1, UInt64 BucketIoFailed2, UInt64 BucketIoFailed3, UInt64 BucketIoFailed4, UInt64 BucketIoFailed5, UInt64 BucketIoFailed6, UInt64 BucketIoFailed7, UInt64 BucketIoFailed8, UInt64 BucketIoFailed9, UInt64 BucketIoFailed10, UInt64 BucketIoFailed11, UInt64 BucketIoFailed12, UInt64 BucketIoFailed13, UInt64 BucketIoFailed14, UInt64 BucketIoLatency1_100ns, UInt64 BucketIoLatency2_100ns, UInt64 BucketIoLatency3_100ns, UInt64 BucketIoLatency4_100ns, UInt64 BucketIoLatency5_100ns, UInt64 BucketIoLatency6_100ns, UInt64 BucketIoLatency7_100ns, UInt64 BucketIoLatency8_100ns, UInt64 BucketIoLatency9_100ns, UInt64 BucketIoLatency10_100ns, UInt64 BucketIoLatency11_100ns, UInt64 BucketIoLatency12_100ns, UInt64 BucketIoLatency13_100ns, UInt64 BucketIoLatency14_100ns, UInt64 TotalReadBytes, UInt64 TotalWriteBytes, UInt64 HighLatencyIoCount)		NVMe Read Write	None	Informational		
Microsoft-Windows-StorPort	1438	2	None1438_V2(UInt32 PortNumber, GUID AdapterGuid, UnicodeString MiniportName, AnsiString SubsystemId, UInt16 ControllerId, UInt32 NamespaceId, UInt8 TransportType, AnsiString TransportAddress, AnsiString ProductId, AnsiString FirmwareRevision, GUID DeviceGuid, UInt32 BusType, UInt64 Threshold_ms, UInt32 RequestDuration_ms, UInt8 OpCode, UInt8 Fuse, UInt16 CommandId, UInt32 IoSize, HexInt64 LBA)		PortNotification NVMe	None	Warning		
Microsoft-Windows-StorPort	1439	1	None1439_V1(UInt32 PortNumber, GUID AdapterGuid, UnicodeString MiniportName, AnsiString SubsystemId, UInt16 ControllerId, UInt32 NamespaceId, UInt8 TransportType, AnsiString TransportAddress, AnsiString ProductId, AnsiString FirmwareRevision, GUID DeviceGuid, UInt32 BusType, UInt32 TotalErrors, UInt32 TotalReadWriteErrors, UInt32 LastError_RequestDuration_ms, UInt32 LastError_WaitDuration_ms, UInt16 Completion_SQID, UInt8 Command_OPC, UInt16 Command_CID, UInt8 NVMeStatus_SC, UInt8 NVMeStatus_SCT, UInt32 Completion_DW0, UInt32 Completion_DW1, UInt32 Completion_DW2, UInt32 Completion_DW3, UInt32 LastError_IoSize, HexInt64 LastError_LBA, UInt32 SampledErrorLogArrayLength, Binary SampledErrorLogArray, UInt32 UniqueErrorLogArrayLength, Binary UniqueErrorLogArray)		NVMe Read Write	None	Informational		
Microsoft-Windows-StorPort	1440	1	None1440_V1(UInt32 PortNumber, GUID AdapterGuid, UnicodeString MiniportName, AnsiString SubsystemId, UInt16 ControllerId, UInt32 NamespaceId, UInt8 TransportType, AnsiString TransportAddress, AnsiString ProductId, AnsiString FirmwareRevision, GUID DeviceGuid, UInt32 BusType, UInt32 RequestDuration_ms, UInt32 WaitDuration_ms, UInt16 Completion_SQID, UInt8 Command_OPC, UInt16 Command_CID, UInt8 NVMeStatus_SC, UInt8 NVMeStatus_SCT, UInt32 Completion_DW0, UInt32 Completion_DW1, UInt32 Completion_DW2, UInt32 Completion_DW3, UInt32 IoSize, HexInt64 LBA)		NVMe Read Write	None	Error		
Microsoft-Windows-StorPort	1441	1	NoneNVMeoFdiscoveryevent_V1(UInt32 PortNumber, GUID AdapterGuid, UnicodeString MiniportName, Pointer DiscoveryControllerHandle, HexInt32 NtStatus, UInt8 SubsystemPortTransportType, UInt8 SubsystemPortAddressFamily, UInt8 SubsystemType, UInt16 SubsystemPortId, UInt16 ControllerId, AnsiString SubsystemNqn, AnsiString SubsystemPortTransportAddress)	NVMeoFdiscoveryevent	NVMeFabric	None	Error		
Microsoft-Windows-StorPort	1442	1	NoneNVMeoFdiscoveryevent1442_V1(UInt32 PortNumber, GUID AdapterGuid, UnicodeString MiniportName, Pointer DiscoveryControllerHandle, HexInt32 NtStatus, UInt8 SubsystemPortTransportType, UInt8 SubsystemPortAddressFamily, UInt8 SubsystemType, UInt16 SubsystemPortId, UInt16 ControllerId, AnsiString SubsystemNqn, AnsiString SubsystemPortTransportAddress, AnsiString SubsystemPortTransportServiceId, UInt32 MatchCount)	NVMeoFdiscoveryevent	NVMeFabric	None	Warning		
Microsoft-Windows-StorPort	1443	1	None1443_V1(UInt32 PortNumber, GUID AdapterGuid, UnicodeString MiniportName, AnsiString SubsystemId, UInt16 ControllerId, UInt32 NamespaceId, UInt8 TransportType, AnsiString TransportAddress, AnsiString ProductId, AnsiString FirmwareRevision, GUID DeviceGuid, UInt32 BusType)		NVMe	None	Warning		
Microsoft-Windows-StorPort	1444	1	None1444_V1(UInt32 PortNumber, GUID AdapterGuid, UnicodeString MiniportName, UInt16 ControllerId, UInt32 BusType, UnicodeString AdapterHardwareId, UInt8 TransportType, AnsiString TransportAddress, HexInt64 Flags, HexInt32 PerfOptFlags, HexInt32 NtStatus, UInt32 FailureCode)		NVMe	None	Informational		
Microsoft-Windows-StorPort	1445	1	None1445_V1(UInt32 PortNumber, GUID AdapterGuid, UnicodeString MiniportName, UnicodeString AdapterHardwareId, UInt8 TransportType, AnsiString TransportAddress, UInt32 BusType, UInt16 PriorState, Boolean SurpriseRemovalControlSupported, HexInt32 SurpriseRemovalControlStatus)		NVMe	None	Warning		
Microsoft-Windows-StorPort	1446	1	None1446_V1(UInt32 PortNumber, GUID AdapterGuid, UnicodeString MiniportName, AnsiString SubsystemId, UInt16 ControllerId, UInt32 NamespaceId, UInt8 TransportType, AnsiString TransportAddress, AnsiString ProductId, AnsiString FirmwareRevision, UInt8 OpCode, UInt8 NVMeStatus_SCT, UInt8 NVMeStatus_SC, UInt32 CommandCDW10, UInt32 CommandCDW11, UInt32 CommandCDW12, UInt32 CommandCDW13, UInt32 CommandCDW14, UInt32 CommandCDW15)		NVMe	None	Error		
Microsoft-Windows-StorPort	1447	1	NoneNVMeoFauthenticationevent_V1(UInt32 PortNumber, GUID AdapterGuid, UnicodeString MiniportName, AnsiString SubsystemNqn, UInt16 ControllerId, UInt16 QueueId, UInt32 Duration_us)	NVMeoFauthenticationevent	NVMeFabric	None	Informational		
Microsoft-Windows-StorPort	1448	1	NoneNVMeoFauthenticationevent1448_V1(UInt32 PortNumber, GUID AdapterGuid, UnicodeString MiniportName, AnsiString SubsystemNqn, UInt16 ControllerId, UInt16 QueueId, HexInt32 NtStatus, UInt32 Stage, UInt32 Duration_us)	NVMeoFauthenticationevent	NVMeFabric	None	Warning		
Microsoft-Windows-StorPort	1450	1	None1450_V1(UInt32 PortNumber, GUID AdapterGuid, UnicodeString MiniportName, AnsiString SubsystemId, UInt16 ControllerId, UInt32 NamespaceId, UInt8 TransportType, AnsiString TransportAddress, AnsiString PCIVendorID, AnsiString ProductId, AnsiString FirmwareRevision, GUID DeviceGuid, UInt32 BusType, UnicodeString IoSizeBuckets, UnicodeString IoLatencyBuckets, UInt64 TotalSuccessIoCount, AnsiString ReadIoSizeBucket1IoSuccess, AnsiString ReadIoSizeBucket1IoLatency, AnsiString ReadIoSizeBucket2IoSuccess, AnsiString ReadIoSizeBucket2IoLatency, AnsiString ReadIoSizeBucket3IoSuccess, AnsiString ReadIoSizeBucket3IoLatency, AnsiString ReadIoSizeBucket4IoSuccess, AnsiString ReadIoSizeBucket4IoLatency, AnsiString ReadIoSizeBucket5IoSuccess, AnsiString ReadIoSizeBucket5IoLatency, AnsiString ReadIoSizeBucket6IoSuccess, AnsiString ReadIoSizeBucket6IoLatency, AnsiString ReadIoSizeBucket7IoSuccess, AnsiString ReadIoSizeBucket7IoLatency, AnsiString ReadIoSizeBucket8IoSuccess, AnsiString ReadIoSizeBucket8IoLatency, AnsiString ReadIoSizeBucket9IoSuccess, AnsiString ReadIoSizeBucket9IoLatency, AnsiString WriteIoSizeBucket1IoSuccess, AnsiString WriteIoSizeBucket1IoLatency, AnsiString WriteIoSizeBucket2IoSuccess, AnsiString WriteIoSizeBucket2IoLatency, AnsiString WriteIoSizeBucket3IoSuccess, AnsiString WriteIoSizeBucket3IoLatency, AnsiString WriteIoSizeBucket4IoSuccess, AnsiString WriteIoSizeBucket4IoLatency, AnsiString WriteIoSizeBucket5IoSuccess, AnsiString WriteIoSizeBucket5IoLatency, AnsiString WriteIoSizeBucket6IoSuccess, AnsiString WriteIoSizeBucket6IoLatency, AnsiString WriteIoSizeBucket7IoSuccess, AnsiString WriteIoSizeBucket7IoLatency, AnsiString WriteIoSizeBucket8IoSuccess, AnsiString WriteIoSizeBucket8IoLatency, AnsiString WriteIoSizeBucket9IoSuccess, AnsiString WriteIoSizeBucket9IoLatency)		NVMe Read Write	None	Informational		
