provider	event_id	version	event(fields)	opcode	keywords	task	level	evtlog_channel	evtlog_message
Microsoft-Windows-WwanProtDim_8ae583a328f2324fa39dea640c5846ee	10	0	task_0(HexInt32 A10_errCode)		WWAN_TRACE_FLAG_DIM	task_0	Error		
Microsoft-Windows-WwanProtDim_8ae583a328f2324fa39dea640c5846ee	11	0	task_011()		WWAN_TRACE_FLAG_DIM	task_0	Error		
Microsoft-Windows-WwanProtDim_8ae583a328f2324fa39dea640c5846ee	12	0	task_012(HexInt32 A10_Status)		WWAN_TRACE_FLAG_DIM	task_0	Error		
Microsoft-Windows-WwanProtDim_8ae583a328f2324fa39dea640c5846ee	13	0	task_013(GUID A10__pDimContextselfGuid, GUID A11__pDimContextparentGuid)		WWAN_TRACE_FLAG_DIM	task_0	Verbose		
Microsoft-Windows-WwanProtDim_8ae583a328f2324fa39dea640c5846ee	14	0	task_014(GUID A10__pDimContextselfGuid)		WWAN_TRACE_FLAG_DIM	task_0	Error		
Microsoft-Windows-WwanProtDim_8ae583a328f2324fa39dea640c5846ee	15	0	task_015(GUID A10__pDimContextselfGuid, UInt32 A11_result)		WWAN_TRACE_FLAG_DIM	task_0	Error		
Microsoft-Windows-WwanProtDim_8ae583a328f2324fa39dea640c5846ee	16	0	task_016(Int32 A10_result)		WWAN_TRACE_FLAG_DIM	task_0	Informational		
Microsoft-Windows-WwanProtDim_8ae583a328f2324fa39dea640c5846ee	17	0	task_017(HexInt32 A10_version, HexInt32 A11_WWAN_CURRENT_VERSION)		WWAN_TRACE_FLAG_DIM	task_0	Informational		
Microsoft-Windows-WwanProtDim_8ae583a328f2324fa39dea640c5846ee	18	0	task_018(HexInt32 A10_version)		WWAN_TRACE_FLAG_DIM	task_0	Error		
Microsoft-Windows-WwanProtDim_8ae583a328f2324fa39dea640c5846ee	19	0	task_019(HexInt32 A10_result)		WWAN_TRACE_FLAG_DIM	task_0	Error		
Microsoft-Windows-WwanProtDim_8ae583a328f2324fa39dea640c5846ee	20	0	task_020(HexInt32 A10_pDimContextndisVersion)		WWAN_TRACE_FLAG_DIM	task_0	Informational		
Microsoft-Windows-WwanProtDim_8ae583a328f2324fa39dea640c5846ee	21	0	task_021(UnicodeString A10_pDimContextname)		WWAN_TRACE_FLAG_DIM	task_0	Warning		
Microsoft-Windows-WwanProtDim_8ae583a328f2324fa39dea640c5846ee	22	0	task_022(HexInt32 A10_result)		WWAN_TRACE_FLAG_DIM	task_0	Error		
Microsoft-Windows-WwanProtDim_8ae583a328f2324fa39dea640c5846ee	23	0	task_023(Int32 A10_result)		WWAN_TRACE_FLAG_DIM	task_0	Warning		
Microsoft-Windows-WwanProtDim_8ae583a328f2324fa39dea640c5846ee	24	0	task_024(UnicodeString A10_pDimContextname, Int32 A11_result)		WWAN_TRACE_FLAG_DIM	task_0	Informational		
Microsoft-Windows-WwanProtDim_8ae583a328f2324fa39dea640c5846ee	25	0	task_025(GUID A10__pDimContextselfGuid, UInt32 A11_result)		WWAN_TRACE_FLAG_DIM	task_0	Error		
Microsoft-Windows-WwanProtDim_8ae583a328f2324fa39dea640c5846ee	26	0	task_026(GUID A10__pDimContextselfGuid, UInt32 A11_result)		WWAN_TRACE_FLAG_DIM	task_0	Error		
Microsoft-Windows-WwanProtDim_8ae583a328f2324fa39dea640c5846ee	27	0	task_027(GUID A10__pDimContextselfGuid, UInt32 A11_result)		WWAN_TRACE_FLAG_DIM	task_0	Warning		
Microsoft-Windows-WwanProtDim_8ae583a328f2324fa39dea640c5846ee	28	0	task_028(UInt32 A10_result)		WWAN_TRACE_FLAG_DIM	task_0	Informational		
Microsoft-Windows-WwanProtDim_8ae583a328f2324fa39dea640c5846ee	29	0	task_029(HexInt32 A10_dimStatus)		WWAN_TRACE_FLAG_DIM	task_0	Error		
Microsoft-Windows-WwanProtDim_8ae583a328f2324fa39dea640c5846ee	30	0	task_030(HexInt32 A10_dimStatus)		WWAN_TRACE_FLAG_DIM	task_0	Informational		
Microsoft-Windows-WwanProtDim_8ae583a328f2324fa39dea640c5846ee	31	0	task_031(Pointer A10_pContext)		WWAN_TRACE_FLAG_DIM	task_0	Informational		
Microsoft-Windows-WwanProtDim_8ae583a328f2324fa39dea640c5846ee	32	0	task_032()		WWAN_TRACE_FLAG_DIM	task_0	Error		
Microsoft-Windows-WwanProtDim_8ae583a328f2324fa39dea640c5846ee	33	0	task_033()		WWAN_TRACE_FLAG_DIM	task_0	Error		
Microsoft-Windows-WwanProtDim_8ae583a328f2324fa39dea640c5846ee	34	0	task_034(Int32 A10_TotalLen)		WWAN_TRACE_FLAG_DIM	task_0	Error		
Microsoft-Windows-WwanProtDim_8ae583a328f2324fa39dea640c5846ee	35	0	task_035(HexInt32 A10_Oid)		WWAN_TRACE_FLAG_DIM	task_0	Verbose		
Microsoft-Windows-WwanProtDim_8ae583a328f2324fa39dea640c5846ee	36	0	task_036(HexInt32 A10_Oid, HexInt32 A11_Status)		WWAN_TRACE_FLAG_DIM	task_0	Verbose		
Microsoft-Windows-WwanProtDim_8ae583a328f2324fa39dea640c5846ee	37	0	task_037(HexInt32 A10_Oid, HexInt32 A11_Error)		WWAN_TRACE_FLAG_DIM	task_0	Verbose		
Microsoft-Windows-WwanProtDim_8ae583a328f2324fa39dea640c5846ee	38	0	task_038()		WWAN_TRACE_FLAG_DIM	task_0	Error		
Microsoft-Windows-WwanProtDim_8ae583a328f2324fa39dea640c5846ee	39	0	task_039()		WWAN_TRACE_FLAG_DIM	task_0	Error		
Microsoft-Windows-WwanProtDim_8ae583a328f2324fa39dea640c5846ee	40	0	task_040(Int32 A10_TotalLen)		WWAN_TRACE_FLAG_DIM	task_0	Error		
Microsoft-Windows-WwanProtDim_8ae583a328f2324fa39dea640c5846ee	41	0	task_041(UnicodeString A10_OidToStringOid, HexInt32 A11_Oid, HexInt32 A12_Status)		WWAN_TRACE_FLAG_DIM	task_0	Verbose		
Microsoft-Windows-WwanProtDim_8ae583a328f2324fa39dea640c5846ee	42	0	task_042(UnicodeString A10_OidToStringOid, HexInt32 A11_Oid, HexInt32 A12_Error)		WWAN_TRACE_FLAG_DIM	task_0	Verbose		
Microsoft-Windows-WwanProtDim_8ae583a328f2324fa39dea640c5846ee	43	0	task_043(UnicodeString A10_OidToStringOid, HexInt32 A11_Oid)		WWAN_TRACE_FLAG_DIM	task_0	Verbose		
Microsoft-Windows-WwanProtDim_8ae583a328f2324fa39dea640c5846ee	44	0	task_044(HexInt32 A10_Status)		WWAN_TRACE_FLAG_DIM	task_0	Error		
Microsoft-Windows-WwanProtDim_8ae583a328f2324fa39dea640c5846ee	45	0	task_045(HexInt32 A10_Status)		WWAN_TRACE_FLAG_DIM	task_0	Error		
Microsoft-Windows-WwanProtDim_8ae583a328f2324fa39dea640c5846ee	46	0	task_046(Int32 A10_DimTraceQueryOperationWwanAsyncGetSetToOidGetSetTypepDimContextnamepDataInDataInSizePVOIDAsyncHandledimStatus)		WWAN_TRACE_FLAG_DIM	task_0	Informational		
Microsoft-Windows-WwanProtDim_8ae583a328f2324fa39dea640c5846ee	47	0	task_047(Int32 A10_DimTraceSetOperationWwanAsyncGetSetToOidGetSetTypepDimContextnamepDataInDataInSizePVOIDAsyncHandledimStatus)		WWAN_TRACE_FLAG_DIM	task_0	Informational		
Microsoft-Windows-WwanProtDim_8ae583a328f2324fa39dea640c5846ee	48	0	task_048()		WWAN_TRACE_FLAG_DIM	task_0	Error		
Microsoft-Windows-WwanProtDim_8ae583a328f2324fa39dea640c5846ee	49	0	task_049(Int32 A10_GetSetType, HexInt32 A11_dimStatus)		WWAN_TRACE_FLAG_DIM	task_0	Error		
Microsoft-Windows-WwanProtDim_8ae583a328f2324fa39dea640c5846ee	50	0	task_050(Int32 A10_DimTraceQueryOperationWwanAsyncGetSetToOidGetSetTypepDimContextnamepHeaderBufferSizePVOIDAsyncHandledimStatus)		WWAN_TRACE_FLAG_DIM	task_0	Informational		
Microsoft-Windows-WwanProtDim_8ae583a328f2324fa39dea640c5846ee	51	0	task_051(Int32 A10_DimTraceSetOperationWwanAsyncGetSetToOidGetSetTypepDimContextnamepHeaderBufferSizePVOIDAsyncHandledimStatus)		WWAN_TRACE_FLAG_DIM	task_0	Informational		
Microsoft-Windows-WwanProtDim_8ae583a328f2324fa39dea640c5846ee	52	0	task_052()		WWAN_TRACE_FLAG_DIM	task_0	Error		
Microsoft-Windows-WwanProtDim_8ae583a328f2324fa39dea640c5846ee	53	0	task_053()		WWAN_TRACE_FLAG_DIM	task_0	Error		
Microsoft-Windows-WwanProtDim_8ae583a328f2324fa39dea640c5846ee	54	0	task_054(Int32 A10_TotalLen)		WWAN_TRACE_FLAG_DIM	task_0	Error		
Microsoft-Windows-WwanProtDim_8ae583a328f2324fa39dea640c5846ee	55	0	task_055(HexInt32 A10_Error)		WWAN_TRACE_FLAG_DIM	task_0	Error		
Microsoft-Windows-WwanProtDim_8ae583a328f2324fa39dea640c5846ee	56	0	task_056(HexInt32 A10_Statuscode, HexInt32 A11_DataLen)		WWAN_TRACE_FLAG_DIM	task_0	Error		
Microsoft-Windows-WwanProtDim_8ae583a328f2324fa39dea640c5846ee	57	0	task_057(HexInt32 A10_Statuscode, HexInt32 A11_DataLen)		WWAN_TRACE_FLAG_DIM	task_0	Error		
Microsoft-Windows-WwanProtDim_8ae583a328f2324fa39dea640c5846ee	58	0	task_058(HexInt32 A10_Statuscode, HexInt32 A11_DataLen)		WWAN_TRACE_FLAG_DIM	task_0	Error		
Microsoft-Windows-WwanProtDim_8ae583a328f2324fa39dea640c5846ee	59	0	task_059(HexInt32 A10_Statuscode, HexInt32 A11_DataLen)		WWAN_TRACE_FLAG_DIM	task_0	Error		
Microsoft-Windows-WwanProtDim_8ae583a328f2324fa39dea640c5846ee	60	0	task_060(HexInt32 A10_Statuscode, HexInt32 A11_DataLen)		WWAN_TRACE_FLAG_DIM	task_0	Error		
Microsoft-Windows-WwanProtDim_8ae583a328f2324fa39dea640c5846ee	61	0	task_061(HexInt32 A10_Statuscode, HexInt32 A11_DataLen)		WWAN_TRACE_FLAG_DIM	task_0	Error		
Microsoft-Windows-WwanProtDim_8ae583a328f2324fa39dea640c5846ee	62	0	task_062()		WWAN_TRACE_FLAG_DIM	task_0	Error		
Microsoft-Windows-WwanProtDim_8ae583a328f2324fa39dea640c5846ee	63	0	task_063(HexInt32 A10_dimStatus)		WWAN_TRACE_FLAG_DIM	task_0	Error		
Microsoft-Windows-WwanProtDim_8ae583a328f2324fa39dea640c5846ee	64	0	task_064(HexInt32 A10_Statuscode, HexInt32 A11_DataLen)		WWAN_TRACE_FLAG_DIM	task_0	Error		
Microsoft-Windows-WwanProtDim_8ae583a328f2324fa39dea640c5846ee	65	0	task_065(HexInt32 A10_Statuscode, HexInt32 A11_DataLen)		WWAN_TRACE_FLAG_DIM	task_0	Error		
Microsoft-Windows-WwanProtDim_8ae583a328f2324fa39dea640c5846ee	66	0	task_066(HexInt32 A10_Statuscode, HexInt32 A11_DataLen)		WWAN_TRACE_FLAG_DIM	task_0	Error		
Microsoft-Windows-WwanProtDim_8ae583a328f2324fa39dea640c5846ee	67	0	task_067(HexInt32 A10_Statuscode, HexInt32 A11_DataLen)		WWAN_TRACE_FLAG_DIM	task_0	Error		
Microsoft-Windows-WwanProtDim_8ae583a328f2324fa39dea640c5846ee	68	0	task_068(GUID A10_DevName, HexInt32 A11_Statuscode)		WWAN_TRACE_FLAG_DIM	task_0	Error		
Microsoft-Windows-WwanProtDim_8ae583a328f2324fa39dea640c5846ee	69	0	task_069()		WWAN_TRACE_FLAG_DIM	task_0	Verbose		
Microsoft-Windows-WwanProtDim_8ae583a328f2324fa39dea640c5846ee	70	0	task_070(GUID A10__pContextselfGuid, GUID A11__pContextparentGuid)		WWAN_TRACE_FLAG_DIM	task_0	Verbose		
Microsoft-Windows-WwanProtDim_8ae583a328f2324fa39dea640c5846ee	71	0	task_071(GUID A10__pContextselfGuid, UInt32 A11_Error)		WWAN_TRACE_FLAG_DIM	task_0	Error		
Microsoft-Windows-WwanProtDim_8ae583a328f2324fa39dea640c5846ee	72	0	task_072(HexInt32 A10_Error)		WWAN_TRACE_FLAG_DIM	task_0	Critical		
Microsoft-Windows-WwanProtDim_8ae583a328f2324fa39dea640c5846ee	73	0	task_073(HexInt32 A10_Error)		WWAN_TRACE_FLAG_DIM	task_0	Critical		
Microsoft-Windows-WwanProtDim_8ae583a328f2324fa39dea640c5846ee	74	0	task_074(GUID A10__pContextselfGuid)		WWAN_TRACE_FLAG_DIM	task_0	Verbose		
Microsoft-Windows-WwanProtDim_8ae583a328f2324fa39dea640c5846ee	75	0	task_075()		WWAN_TRACE_FLAG_DIM	task_0	Verbose		
Microsoft-Windows-WwanProtDim_8ae583a328f2324fa39dea640c5846ee	76	0	task_076(HexInt32 A10_Error)		WWAN_TRACE_FLAG_DIM	task_0	Error		
Microsoft-Windows-WwanProtDim_8ae583a328f2324fa39dea640c5846ee	77	0	task_077()		WWAN_TRACE_FLAG_DIM	task_0	Verbose		
Microsoft-Windows-WwanProtDim_8ae583a328f2324fa39dea640c5846ee	78	0	task_078()		WWAN_TRACE_FLAG_DIM	task_0	Verbose		
Microsoft-Windows-WwanProtDim_8ae583a328f2324fa39dea640c5846ee	79	0	task_079()		WWAN_TRACE_FLAG_DIM	task_0	Verbose		
Microsoft-Windows-WwanProtDim_8ae583a328f2324fa39dea640c5846ee	80	0	task_080(Int32 A10_Error)		WWAN_TRACE_FLAG_DIM	task_0	Critical		
Microsoft-Windows-WwanProtDim_8ae583a328f2324fa39dea640c5846ee	81	0	task_081(Int32 A10_bufferSize)		WWAN_TRACE_FLAG_DIM	task_0	Warning		
Microsoft-Windows-WwanProtDim_8ae583a328f2324fa39dea640c5846ee	82	0	task_082(HexInt32 A10_Error)		WWAN_TRACE_FLAG_DIM	task_0	Warning		
Microsoft-Windows-WwanProtDim_8ae583a328f2324fa39dea640c5846ee	83	0	task_083(Int32 A10_bufferSize)		WWAN_TRACE_FLAG_DIM	task_0	Warning		
Microsoft-Windows-WwanProtDim_8ae583a328f2324fa39dea640c5846ee	84	0	task_084(HexInt32 A10_bufferSize)		WWAN_TRACE_FLAG_DIM	task_0	Informational		
Microsoft-Windows-WwanProtDim_8ae583a328f2324fa39dea640c5846ee	85	0	task_085(HexInt32 A10_IndicationDropCount)		WWAN_TRACE_FLAG_DIM	task_0	Warning		
Microsoft-Windows-WwanProtDim_8ae583a328f2324fa39dea640c5846ee	86	0	task_086()		WWAN_TRACE_FLAG_DIM	task_0	Informational		
Microsoft-Windows-WwanProtDim_8ae583a328f2324fa39dea640c5846ee	87	0	task_087(HexInt32 A10_status)		WWAN_TRACE_FLAG_DIM	task_0	Critical		
Microsoft-Windows-WwanProtDim_8ae583a328f2324fa39dea640c5846ee	88	0	task_088()		WWAN_TRACE_FLAG_DIM	task_0	Informational		
Microsoft-Windows-WwanProtDim_8ae583a328f2324fa39dea640c5846ee	89	0	task_089(HexInt32 A10_ndisStatus, Int32 A11_pDataNormalizationEntrysourceRevision, Int32 A12_pNdisHeaderRevision)		WWAN_TRACE_FLAG_DIM	task_0	Error		
Microsoft-Windows-WwanProtDim_8ae583a328f2324fa39dea640c5846ee	90	0	task_090(HexInt32 A10_ndisStatus, Int32 A11_pDataNormalizationEntryulSourceDataSize, Int32 A12_ulWwanDataSize)		WWAN_TRACE_FLAG_DIM	task_0	Error		
Microsoft-Windows-WwanProtDim_8ae583a328f2324fa39dea640c5846ee	91	0	task_091(HexInt32 A10_ndisStatus, HexInt32 A11_pDataNormalizationEntrysourceVersion, Int32 A12_pNdisHeaderRevision, HexInt32 A13_pDataNormalizationEntryulSourceDataSize, HexInt32 A14_ulWwanDataSize, HexInt32 A15_pDataNormalizationEntryulTargetDataSize)		WWAN_TRACE_FLAG_DIM	task_0	Informational		
Microsoft-Windows-WwanProtDim_8ae583a328f2324fa39dea640c5846ee	92	0	task_092(HexInt32 A10_ndisStatus, HexInt32 A11_dimStatus)		WWAN_TRACE_FLAG_DIM	task_0	Error		
Microsoft-Windows-WwanProtDim_8ae583a328f2324fa39dea640c5846ee	93	0	task_093(Int32 A10_pDataNormalizationEntryulTargetDataSize, HexInt32 A11_ndisStatus)		WWAN_TRACE_FLAG_DIM	task_0	Error		
Microsoft-Windows-WwanProtDim_8ae583a328f2324fa39dea640c5846ee	94	0	task_094(HexInt32 A10_ndisOid, Int32 A11_pDataSpecializationEntryulSourceDataSize, Int32 A12_ulWwanDataSize, HexInt32 A13_pDataSpecializationEntrytargetVersion, HexInt32 A14_pDimContextVersion)		WWAN_TRACE_FLAG_DIM	task_0	Error		
Microsoft-Windows-WwanProtDim_8ae583a328f2324fa39dea640c5846ee	95	0	task_095(HexInt32 A10_ndisOid, Int32 A11_ulWwanDataSize, Int32 A12_pDataSpecializationEntryulTargetDataSize, HexInt32 A13_pDataSpecializationEntrytargetVersion, HexInt32 A14_pDimContextVersion)		WWAN_TRACE_FLAG_DIM	task_0	Error		
Microsoft-Windows-WwanProtDim_8ae583a328f2324fa39dea640c5846ee	96	0	task_096(HexInt32 A10_ndisOid, Int32 A11_isSet, HexInt32 A12_pDataSpecializationEntrytargetVersion, HexInt32 A13_pDataSpecializationEntryulSourceDataSize, HexInt32 A14_ulWwanDataSize, HexInt32 A15_pDataSpecializationEntryulTargetDataSize)		WWAN_TRACE_FLAG_DIM	task_0	Informational		
Microsoft-Windows-WwanProtDim_8ae583a328f2324fa39dea640c5846ee	97	0	task_097(HexInt32 A10_ndisOid, HexInt32 A11_dimStatus)		WWAN_TRACE_FLAG_DIM	task_0	Error		
Microsoft-Windows-WwanProtDim_8ae583a328f2324fa39dea640c5846ee	98	0	task_098(HexInt32 A10_ndisOid, HexInt32 A11_ulTargetWwanDataSize)		WWAN_TRACE_FLAG_DIM	task_0	Error		
Microsoft-Windows-WwanProtDim_8ae583a328f2324fa39dea640c5846ee	99	0	task_099(Int32 A10_ulTargetOidDataSize, HexInt32 A11_ndisOid)		WWAN_TRACE_FLAG_DIM	task_0	Error		
Microsoft-Windows-WwanProtDim_8ae583a328f2324fa39dea640c5846ee	100	0	task_0100(GUID A10__contextselfGuid)		WWAN_TRACE_FLAG_DIM	task_0	Informational		
Microsoft-Windows-WwanProtDim_8ae583a328f2324fa39dea640c5846ee	101	0	task_0101(GUID A10__contextselfGuid)		WWAN_TRACE_FLAG_DIM	task_0	Informational		
Microsoft-Windows-WwanProtDim_8ae583a328f2324fa39dea640c5846ee	102	0	task_0102(HexInt32 A10_GetLastError)		WWAN_TRACE_FLAG_DIM	task_0	Error		
Microsoft-Windows-WwanProtDim_8ae583a328f2324fa39dea640c5846ee	103	0	task_0103()		WWAN_TRACE_FLAG_DIM	task_0	Informational		
Microsoft-Windows-WwanProtDim_8ae583a328f2324fa39dea640c5846ee	104	0	task_0104()		WWAN_TRACE_FLAG_DIM	task_0	Informational		
Microsoft-Windows-WwanProtDim_8ae583a328f2324fa39dea640c5846ee	105	0	task_0105(HexInt32 A10_cr)		WWAN_TRACE_FLAG_DIM	task_0	Error		
Microsoft-Windows-WwanProtDim_8ae583a328f2324fa39dea640c5846ee	106	0	task_0106(HexInt32 A10_status)		WWAN_TRACE_FLAG_DIM	task_0	Error		
Microsoft-Windows-WwanProtDim_8ae583a328f2324fa39dea640c5846ee	107	0	task_0107(Int32 A10_status)		WWAN_TRACE_FLAG_DIM	task_0	Critical		
Microsoft-Windows-WwanProtDim_8ae583a328f2324fa39dea640c5846ee	108	0	task_0108(HexInt32 A10_requestLength, UnicodeString A11_OidToStringOid, HexInt32 A12_Oid)		WWAN_TRACE_FLAG_DIM	task_0	Error		
Microsoft-Windows-WwanProtDim_8ae583a328f2324fa39dea640c5846ee	109	0	task_0109(UnicodeString A10_OidToStringOid, HexInt32 A11_Oid, HexInt32 A12_status)		WWAN_TRACE_FLAG_DIM	task_0	Error		
Microsoft-Windows-WwanProtDim_8ae583a328f2324fa39dea640c5846ee	110	0	task_0110(UnicodeString A10_OidToStringOid, HexInt32 A11_Oid, HexInt32 A12_status)		WWAN_TRACE_FLAG_DIM	task_0	Error		
Microsoft-Windows-WwanProtDim_8ae583a328f2324fa39dea640c5846ee	111	0	task_0111(UnicodeString A10_OidToStringOid, HexInt32 A11_Oid)		WWAN_TRACE_FLAG_DIM	task_0	Verbose		
Microsoft-Windows-WwanProtDim_8ae583a328f2324fa39dea640c5846ee	112	0	task_0112(HexInt32 A10_status)		WWAN_TRACE_FLAG_DIM	task_0	Error		
Microsoft-Windows-WwanProtDim_8ae583a328f2324fa39dea640c5846ee	113	0	task_0113(Int32 A10_status)		WWAN_TRACE_FLAG_DIM	task_0	Critical		
Microsoft-Windows-WwanProtDim_8ae583a328f2324fa39dea640c5846ee	114	0	task_0114(HexInt32 A10_requestLength, UnicodeString A11_OidToStringOid, HexInt32 A12_Oid)		WWAN_TRACE_FLAG_DIM	task_0	Error		
Microsoft-Windows-WwanProtDim_8ae583a328f2324fa39dea640c5846ee	115	0	task_0115(UnicodeString A10_OidToStringOid, HexInt32 A11_Oid, HexInt32 A12_status)		WWAN_TRACE_FLAG_DIM	task_0	Error		
Microsoft-Windows-WwanProtDim_8ae583a328f2324fa39dea640c5846ee	116	0	task_0116(UnicodeString A10_OidToStringOid, HexInt32 A11_Oid, HexInt32 A12_status)		WWAN_TRACE_FLAG_DIM	task_0	Error		
Microsoft-Windows-WwanProtDim_8ae583a328f2324fa39dea640c5846ee	117	0	task_0117(UnicodeString A10_OidToStringOid, HexInt32 A11_Oid)		WWAN_TRACE_FLAG_DIM	task_0	Verbose		
Microsoft-Windows-WwanProtDim_8ae583a328f2324fa39dea640c5846ee	118	0	task_0118(HexInt32 A10_status)		WWAN_TRACE_FLAG_DIM	task_0	Error		
Microsoft-Windows-WwanProtDim_8ae583a328f2324fa39dea640c5846ee	119	0	task_0119(UnicodeString A10_LUNKNOWN, HexInt32 A11_OID_PM_PARAMETERS, HexInt32 A12_0, HexInt32 A13_sizeofparams, HexInt32 A14_status)		WWAN_TRACE_FLAG_DIM	task_0	Informational		
Microsoft-Windows-WwanProtDim_8ae583a328f2324fa39dea640c5846ee	120	0	task_0120(Int32 A10_type)		WWAN_TRACE_FLAG_DIM	task_0	Error		
Microsoft-Windows-WwanProtDim_8ae583a328f2324fa39dea640c5846ee	121	0	task_0121()		WWAN_TRACE_FLAG_DIM	task_0	Informational		
Microsoft-Windows-WwanProtDim_8ae583a328f2324fa39dea640c5846ee	122	0	task_0122(HexInt32 A10_hType)		WWAN_TRACE_FLAG_DIM	task_0	Informational		
Microsoft-Windows-WwanProtDim_8ae583a328f2324fa39dea640c5846ee	123	0	task_0123(HexInt32 A10_hRevision)		WWAN_TRACE_FLAG_DIM	task_0	Informational		
Microsoft-Windows-WwanProtDim_8ae583a328f2324fa39dea640c5846ee	124	0	task_0124(HexInt32 A10_hSize)		WWAN_TRACE_FLAG_DIM	task_0	Informational		
Microsoft-Windows-WwanProtDim_8ae583a328f2324fa39dea640c5846ee	125	0	task_0125(UnicodeString A10_pProviderProviderId)		WWAN_TRACE_FLAG_DIM	task_0	Informational		
Microsoft-Windows-WwanProtDim_8ae583a328f2324fa39dea640c5846ee	126	0	task_0126(HexInt32 A10_pProviderProviderState)		WWAN_TRACE_FLAG_DIM	task_0	Informational		
Microsoft-Windows-WwanProtDim_8ae583a328f2324fa39dea640c5846ee	127	0	task_0127(UnicodeString A10_pProviderProviderName)		WWAN_TRACE_FLAG_DIM	task_0	Informational		
Microsoft-Windows-WwanProtDim_8ae583a328f2324fa39dea640c5846ee	128	0	task_0128(UnicodeString A10_DataClassToStringInBuffpProviderWwanDataClassBuffMAX_BUFFER_STRING)		WWAN_TRACE_FLAG_DIM	task_0	Informational		
Microsoft-Windows-WwanProtDim_8ae583a328f2324fa39dea640c5846ee	129	0	task_0129(HexInt32 A10_pProvider2ErrorRate)		WWAN_TRACE_FLAG_DIM	task_0	Informational		
Microsoft-Windows-WwanProtDim_8ae583a328f2324fa39dea640c5846ee	130	0	task_0130(HexInt32 A10_pProvider2Rssi)		WWAN_TRACE_FLAG_DIM	task_0	Informational		
Microsoft-Windows-WwanProtDim_8ae583a328f2324fa39dea640c5846ee	131	0	task_0131(UnicodeString A10_CellularClassToStringpProvider2WwanCellularClass)		WWAN_TRACE_FLAG_DIM	task_0	Informational		
Microsoft-Windows-WwanProtDim_8ae583a328f2324fa39dea640c5846ee	132	0	task_0132(UnicodeString A10_SmsFormatToStringpNdisSmsReadSmsReadSmsFormat, HexInt32 A11_pNdisSmsReadSmsReadSmsFormat)		WWAN_TRACE_FLAG_DIM	task_0	Informational		
Microsoft-Windows-WwanProtDim_8ae583a328f2324fa39dea640c5846ee	133	0	task_0133(UnicodeString A10_SmsFlagToStringpNdisSmsReadSmsReadReadFilterFlag, HexInt32 A11_pNdisSmsReadSmsReadReadFilterFlag, Int32 A12_pNdisSmsReadSmsReadReadFilterMessageIndex)		WWAN_TRACE_FLAG_DIM	task_0	Informational		
Microsoft-Windows-WwanProtDim_8ae583a328f2324fa39dea640c5846ee	134	0	task_0134(HexInt32 A10_pNdisVisibleProviderVisibleProvidersAction)		WWAN_TRACE_FLAG_DIM	task_0	Informational		
Microsoft-Windows-WwanProtDim_8ae583a328f2324fa39dea640c5846ee	135	0	task_0135(UnicodeString A10_RadioStateToStringpRadioStateRadioAction, HexInt32 A11_pRadioStateRadioAction)		WWAN_TRACE_FLAG_DIM	task_0	Informational		
Microsoft-Windows-WwanProtDim_8ae583a328f2324fa39dea640c5846ee	136	0	task_0136(UnicodeString A10_PinTypeToStringpSetPinPinActionPinType, HexInt32 A11_pSetPinPinActionPinType)		WWAN_TRACE_FLAG_DIM	task_0	Informational		
Microsoft-Windows-WwanProtDim_8ae583a328f2324fa39dea640c5846ee	137	0	task_0137(UnicodeString A10_PinOperationToStringpSetPinPinActionPinOperation, HexInt32 A11_pSetPinPinActionPinOperation)		WWAN_TRACE_FLAG_DIM	task_0	Informational		
Microsoft-Windows-WwanProtDim_8ae583a328f2324fa39dea640c5846ee	138	0	task_0138(HexInt32 A10_pPreferredProvidersPreferredListHeaderElementType)		WWAN_TRACE_FLAG_DIM	task_0	Informational		
Microsoft-Windows-WwanProtDim_8ae583a328f2324fa39dea640c5846ee	139	0	task_0139(HexInt32 A10_pPreferredProvidersPreferredListHeaderElementCount)		WWAN_TRACE_FLAG_DIM	task_0	Informational		
Microsoft-Windows-WwanProtDim_8ae583a328f2324fa39dea640c5846ee	140	0	task_0140(UnicodeString A10_pRegisterStateSetRegisterStateProviderId)		WWAN_TRACE_FLAG_DIM	task_0	Informational		
Microsoft-Windows-WwanProtDim_8ae583a328f2324fa39dea640c5846ee	141	0	task_0141(UnicodeString A10_RegisterActionToStringpRegisterStateSetRegisterStateRegisterAction, HexInt32 A11_pRegisterStateSetRegisterStateRegisterAction)		WWAN_TRACE_FLAG_DIM	task_0	Informational		
Microsoft-Windows-WwanProtDim_8ae583a328f2324fa39dea640c5846ee	142	0	task_0142(HexInt32 A10_pRegisterStateSetRegisterStateWwanDataClass)		WWAN_TRACE_FLAG_DIM	task_0	Informational		
Microsoft-Windows-WwanProtDim_8ae583a328f2324fa39dea640c5846ee	143	0	task_0143(HexInt32 A10_pSignalIndicationSignalIndicationRssiInterval)		WWAN_TRACE_FLAG_DIM	task_0	Verbose		
Microsoft-Windows-WwanProtDim_8ae583a328f2324fa39dea640c5846ee	144	0	task_0144(HexInt32 A10_pSignalIndicationSignalIndicationRssiThreshold)		WWAN_TRACE_FLAG_DIM	task_0	Verbose		
Microsoft-Windows-WwanProtDim_8ae583a328f2324fa39dea640c5846ee	145	0	task_0145(UnicodeString A10_PacketServiceActionToStringpSetPacketServicePacketServiceAction, HexInt32 A11_pSetPacketServicePacketServiceAction)		WWAN_TRACE_FLAG_DIM	task_0	Informational		
Microsoft-Windows-WwanProtDim_8ae583a328f2324fa39dea640c5846ee	146	0	task_0146(HexInt32 A10_pSetContextStateSetContextStateConnectionId)		WWAN_TRACE_FLAG_DIM	task_0	Informational		
Microsoft-Windows-WwanProtDim_8ae583a328f2324fa39dea640c5846ee	147	0	task_0147(UnicodeString A10_ActivationCommandToStringpSetContextStateSetContextStateActivationCommand, HexInt32 A11_pSetContextStateSetContextStateActivationCommand)		WWAN_TRACE_FLAG_DIM	task_0	Informational		
Microsoft-Windows-WwanProtDim_8ae583a328f2324fa39dea640c5846ee	148	0	task_0148(UnicodeString A10_pSetContextStateSetContextStateAccessString)		WWAN_TRACE_FLAG_DIM	task_0	Informational		
Microsoft-Windows-WwanProtDim_8ae583a328f2324fa39dea640c5846ee	149	0	task_0149(UnicodeString A10_CompressionTypeToStringpSetContextStateSetContextStateCompression, HexInt32 A11_pSetContextStateSetContextStateCompression)		WWAN_TRACE_FLAG_DIM	task_0	Informational		
Microsoft-Windows-WwanProtDim_8ae583a328f2324fa39dea640c5846ee	150	0	task_0150(UnicodeString A10_AuthenticationProtocolTypeToStringpSetContextStateSetContextStateAuthType, HexInt32 A11_pSetContextStateSetContextStateAuthType)		WWAN_TRACE_FLAG_DIM	task_0	Informational		
Microsoft-Windows-WwanProtDim_8ae583a328f2324fa39dea640c5846ee	151	0	task_0151(HexInt32 A10_pSetProvisionedContextProvisionedContextContextId)		WWAN_TRACE_FLAG_DIM	task_0	Informational		
Microsoft-Windows-WwanProtDim_8ae583a328f2324fa39dea640c5846ee	152	0	task_0152(UnicodeString A10_ContextTypeToStringpSetProvisionedContextProvisionedContextContextType, HexInt32 A11_pSetProvisionedContextProvisionedContextContextType)		WWAN_TRACE_FLAG_DIM	task_0	Informational		
Microsoft-Windows-WwanProtDim_8ae583a328f2324fa39dea640c5846ee	153	0	task_0153(UnicodeString A10_pSetProvisionedContextProvisionedContextAccessString)		WWAN_TRACE_FLAG_DIM	task_0	Informational		
Microsoft-Windows-WwanProtDim_8ae583a328f2324fa39dea640c5846ee	154	0	task_0154(UnicodeString A10_CompressionTypeToStringpSetProvisionedContextProvisionedContextCompression, HexInt32 A11_pSetProvisionedContextProvisionedContextCompression)		WWAN_TRACE_FLAG_DIM	task_0	Informational		
Microsoft-Windows-WwanProtDim_8ae583a328f2324fa39dea640c5846ee	155	0	task_0155(UnicodeString A10_AuthenticationProtocolTypeToStringpSetProvisionedContextProvisionedContextAuthType, HexInt32 A11_pSetProvisionedContextProvisionedContextAuthType)		WWAN_TRACE_FLAG_DIM	task_0	Informational		
Microsoft-Windows-WwanProtDim_8ae583a328f2324fa39dea640c5846ee	156	0	task_0156(HexInt32 A10_pSetProvisionedContextProvisionedContextbasicInfoContextId)		WWAN_TRACE_FLAG_DIM	task_0	Informational		
Microsoft-Windows-WwanProtDim_8ae583a328f2324fa39dea640c5846ee	157	0	task_0157(UnicodeString A10_ContextTypeToStringpSetProvisionedContextProvisionedContextbasicInfoContextType, HexInt32 A11_pSetProvisionedContextProvisionedContextbasicInfoContextType)		WWAN_TRACE_FLAG_DIM	task_0	Informational		
Microsoft-Windows-WwanProtDim_8ae583a328f2324fa39dea640c5846ee	158	0	task_0158(UnicodeString A10_pSetProvisionedContextProvisionedContextbasicInfoAccessString)		WWAN_TRACE_FLAG_DIM	task_0	Informational		
Microsoft-Windows-WwanProtDim_8ae583a328f2324fa39dea640c5846ee	159	0	task_0159(UnicodeString A10_CompressionTypeToStringpSetProvisionedContextProvisionedContextbasicInfoCompression, HexInt32 A11_pSetProvisionedContextProvisionedContextbasicInfoCompression)		WWAN_TRACE_FLAG_DIM	task_0	Informational		
Microsoft-Windows-WwanProtDim_8ae583a328f2324fa39dea640c5846ee	160	0	task_0160(UnicodeString A10_AuthenticationProtocolTypeToStringpSetProvisionedContextProvisionedContextbasicInfoAuthType, HexInt32 A11_pSetProvisionedContextProvisionedContextbasicInfoAuthType)		WWAN_TRACE_FLAG_DIM	task_0	Informational		
Microsoft-Windows-WwanProtDim_8ae583a328f2324fa39dea640c5846ee	161	0	task_0161(HexInt32 A10_pSetProvisionedContextProvisionedContextOperation)		WWAN_TRACE_FLAG_DIM	task_0	Informational		
Microsoft-Windows-WwanProtDim_8ae583a328f2324fa39dea640c5846ee	162	0	task_0162(UnicodeString A10_IPTypeToStringpSetProvisionedContextProvisionedContextIPType, HexInt32 A11_pSetProvisionedContextProvisionedContextIPType)		WWAN_TRACE_FLAG_DIM	task_0	Informational		
Microsoft-Windows-WwanProtDim_8ae583a328f2324fa39dea640c5846ee	163	0	task_0163(HexInt32 A10_pSetProvisionedContextProvisionedContextEnable)		WWAN_TRACE_FLAG_DIM	task_0	Informational		
Microsoft-Windows-WwanProtDim_8ae583a328f2324fa39dea640c5846ee	164	0	task_0164(HexInt32 A10_pSetProvisionedContextProvisionedContextRoaming)		WWAN_TRACE_FLAG_DIM	task_0	Informational		
Microsoft-Windows-WwanProtDim_8ae583a328f2324fa39dea640c5846ee	165	0	task_0165(HexInt32 A10_pSetProvisionedContextProvisionedContextMediaType)		WWAN_TRACE_FLAG_DIM	task_0	Informational		
Microsoft-Windows-WwanProtDim_8ae583a328f2324fa39dea640c5846ee	166	0	task_0166(UnicodeString A10_ConfigurationSourceToStringpSetProvisionedContextProvisionedContextSource, HexInt32 A11_pSetProvisionedContextProvisionedContextSource)		WWAN_TRACE_FLAG_DIM	task_0	Informational		
Microsoft-Windows-WwanProtDim_8ae583a328f2324fa39dea640c5846ee	167	0	task_0167()		WWAN_TRACE_FLAG_DIM	task_0	Warning		
Microsoft-Windows-WwanProtDim_8ae583a328f2324fa39dea640c5846ee	168	0	task_0168(AnsiString A10_pNdisSetSmsConfigurationSetSmsConfigurationScAddress)		WWAN_TRACE_FLAG_DIM	task_0	Informational		
Microsoft-Windows-WwanProtDim_8ae583a328f2324fa39dea640c5846ee	169	0	task_0169(UnicodeString A10_SmsFormatToStringpNdisSetSmsConfigurationSetSmsConfigurationSmsFormat, HexInt32 A11_pNdisSetSmsConfigurationSetSmsConfigurationSmsFormat)		WWAN_TRACE_FLAG_DIM	task_0	Informational		
Microsoft-Windows-WwanProtDim_8ae583a328f2324fa39dea640c5846ee	170	0	task_0170(UnicodeString A10_SmsFormatToStringpNdisSmsSendSmsSendSmsFormat, HexInt32 A11_pNdisSmsSendSmsSendSmsFormat)		WWAN_TRACE_FLAG_DIM	task_0	Informational		
Microsoft-Windows-WwanProtDim_8ae583a328f2324fa39dea640c5846ee	171	0	task_0171(Int32 A10_pNdisSmsSendSmsSenduCdmaEncodingId)		WWAN_TRACE_FLAG_DIM	task_0	Informational		
Microsoft-Windows-WwanProtDim_8ae583a328f2324fa39dea640c5846ee	172	0	task_0172(Int32 A10_pNdisSmsSendSmsSenduCdmaLanguageId)		WWAN_TRACE_FLAG_DIM	task_0	Informational		
Microsoft-Windows-WwanProtDim_8ae583a328f2324fa39dea640c5846ee	173	0	task_0173(Int32 A10_pNdisSmsSendSmsSenduCdmaSizeInBytes)		WWAN_TRACE_FLAG_DIM	task_0	Informational		
Microsoft-Windows-WwanProtDim_8ae583a328f2324fa39dea640c5846ee	174	0	task_0174(Int32 A10_pNdisSmsSendSmsSenduCdmaSizeInCharacters)		WWAN_TRACE_FLAG_DIM	task_0	Informational		
Microsoft-Windows-WwanProtDim_8ae583a328f2324fa39dea640c5846ee	175	0	task_0175(Int32 A10_pNdisSmsSendSmsSenduPduSize)		WWAN_TRACE_FLAG_DIM	task_0	Informational		
Microsoft-Windows-WwanProtDim_8ae583a328f2324fa39dea640c5846ee	176	0	task_0176(UnicodeString A10_SmsFlagToStringpNdisSmsDeleteSmsFilterFlag, HexInt32 A11_pNdisSmsDeleteSmsFilterFlag, Int32 A12_pNdisSmsDeleteSmsFilterMessageIndex)		WWAN_TRACE_FLAG_DIM	task_0	Informational		
Microsoft-Windows-WwanProtDim_8ae583a328f2324fa39dea640c5846ee	177	0	task_0177(UnicodeString A10_AuthMethodToStringpNdisAuthChallengeAuthChallengeAuthMethod, HexInt32 A11_pNdisAuthChallengeAuthChallengeAuthMethod)		WWAN_TRACE_FLAG_DIM	task_0	Informational		
Microsoft-Windows-WwanProtDim_8ae583a328f2324fa39dea640c5846ee	178	0	task_0178(Int32 A10_pNdisAuthChallengeAuthChallengeuAuthSimn)		WWAN_TRACE_FLAG_DIM	task_0	Informational		
Microsoft-Windows-WwanProtDim_8ae583a328f2324fa39dea640c5846ee	179	0	task_0179()		WWAN_TRACE_FLAG_DIM	task_0	Informational		
Microsoft-Windows-WwanProtDim_8ae583a328f2324fa39dea640c5846ee	180	0	task_0180()		WWAN_TRACE_FLAG_DIM	task_0	Informational		
Microsoft-Windows-WwanProtDim_8ae583a328f2324fa39dea640c5846ee	181	0	task_0181()		WWAN_TRACE_FLAG_DIM	task_0	Informational		
Microsoft-Windows-WwanProtDim_8ae583a328f2324fa39dea640c5846ee	182	0	task_0182(UInt32 A10_unsignedpNdisUssdRequestUssdRequestRequestType)		WWAN_TRACE_FLAG_DIM	task_0	Informational		
Microsoft-Windows-WwanProtDim_8ae583a328f2324fa39dea640c5846ee	183	0	task_0183(HexInt32 A10_unsignedpNdisUssdRequestUssdRequestUssdStringDataCodingScheme)		WWAN_TRACE_FLAG_DIM	task_0	Informational		
Microsoft-Windows-WwanProtDim_8ae583a328f2324fa39dea640c5846ee	184	0	task_0184(UInt32 A10_unsignedpNdisUssdRequestUssdRequestUssdStringStringLength)		WWAN_TRACE_FLAG_DIM	task_0	Informational		
Microsoft-Windows-WwanProtDim_8ae583a328f2324fa39dea640c5846ee	185	0	task_0185(GUID A10__pNdisDSCommandCommandDeviceServiceGuid)		WWAN_TRACE_FLAG_DIM	task_0	Informational		
Microsoft-Windows-WwanProtDim_8ae583a328f2324fa39dea640c5846ee	186	0	task_0186(HexInt32 A10_pNdisDSCommandCommandCommandID)		WWAN_TRACE_FLAG_DIM	task_0	Informational		
Microsoft-Windows-WwanProtDim_8ae583a328f2324fa39dea640c5846ee	187	0	task_0187(Int32 A10_pNdisDSCommandCommanduDataSize)		WWAN_TRACE_FLAG_DIM	task_0	Informational		
Microsoft-Windows-WwanProtDim_8ae583a328f2324fa39dea640c5846ee	188	0	task_0188(Int32 A10_pNdisBaseStationRequestBaseStationsInfoRequestMaxGSMCount)		WWAN_TRACE_FLAG_DIM	task_0	Informational		
Microsoft-Windows-WwanProtDim_8ae583a328f2324fa39dea640c5846ee	189	0	task_0189(Int32 A10_pNdisBaseStationRequestBaseStationsInfoRequestMaxUMTSCount)		WWAN_TRACE_FLAG_DIM	task_0	Informational		
Microsoft-Windows-WwanProtDim_8ae583a328f2324fa39dea640c5846ee	190	0	task_0190(Int32 A10_pNdisBaseStationRequestBaseStationsInfoRequestMaxTDSCDMACount)		WWAN_TRACE_FLAG_DIM	task_0	Informational		
Microsoft-Windows-WwanProtDim_8ae583a328f2324fa39dea640c5846ee	191	0	task_0191(Int32 A10_pNdisBaseStationRequestBaseStationsInfoRequestMaxLTECount)		WWAN_TRACE_FLAG_DIM	task_0	Informational		
Microsoft-Windows-WwanProtDim_8ae583a328f2324fa39dea640c5846ee	192	0	task_0192(Int32 A10_pNdisBaseStationRequestBaseStationsInfoRequestMaxCDMACount)		WWAN_TRACE_FLAG_DIM	task_0	Informational		
Microsoft-Windows-WwanProtDim_8ae583a328f2324fa39dea640c5846ee	193	0	task_0193(Int32 A10_pNdisGetSlotInfoGetSlotInfoSlotIndex)		WWAN_TRACE_FLAG_DIM	task_0	Informational		
Microsoft-Windows-WwanProtDim_8ae583a328f2324fa39dea640c5846ee	194	0	task_0194(HexInt32 A10_pNdisDSSubscribeDeviceServiceListHeaderElementType)		WWAN_TRACE_FLAG_DIM	task_0	Informational		
Microsoft-Windows-WwanProtDim_8ae583a328f2324fa39dea640c5846ee	195	0	task_0195(HexInt32 A10_pNdisDSSubscribeDeviceServiceListHeaderElementCount)		WWAN_TRACE_FLAG_DIM	task_0	Informational		
Microsoft-Windows-WwanProtDim_8ae583a328f2324fa39dea640c5846ee	196	0	task_0196(GUID A10_p)		WWAN_TRACE_FLAG_DIM	task_0	Informational		
Microsoft-Windows-WwanProtDim_8ae583a328f2324fa39dea640c5846ee	197	0	task_0197(HexInt32 A10_pNdisSlotMappingSetDeviceSlotMappingInfoSlotMapListHeaderElementType)		WWAN_TRACE_FLAG_DIM	task_0	Informational		
Microsoft-Windows-WwanProtDim_8ae583a328f2324fa39dea640c5846ee	198	0	task_0198(HexInt32 A10_pNdisSlotMappingSetDeviceSlotMappingInfoSlotMapListHeaderElementCount)		WWAN_TRACE_FLAG_DIM	task_0	Informational		
Microsoft-Windows-WwanProtDim_8ae583a328f2324fa39dea640c5846ee	199	0	task_0199(Int32 A10_i, Int32 A11_pMap)		WWAN_TRACE_FLAG_DIM	task_0	Informational		
Microsoft-Windows-WwanProtDim_8ae583a328f2324fa39dea640c5846ee	200	0	task_0200(Int32 A10_i)		WWAN_TRACE_FLAG_DIM	task_0	Informational		
Microsoft-Windows-WwanProtDim_8ae583a328f2324fa39dea640c5846ee	201	0	task_0201(HexInt32 A10_basicInfoContextId)		WWAN_TRACE_FLAG_DIM	task_0	Informational		
Microsoft-Windows-WwanProtDim_8ae583a328f2324fa39dea640c5846ee	202	0	task_0202(UnicodeString A10_ContextTypeToStringbasicInfoContextType, HexInt32 A11_basicInfoContextType)		WWAN_TRACE_FLAG_DIM	task_0	Informational		
Microsoft-Windows-WwanProtDim_8ae583a328f2324fa39dea640c5846ee	203	0	task_0203(UnicodeString A10_basicInfoAccessString)		WWAN_TRACE_FLAG_DIM	task_0	Informational		
Microsoft-Windows-WwanProtDim_8ae583a328f2324fa39dea640c5846ee	204	0	task_0204(UnicodeString A10_basicInfoUserName)		WWAN_TRACE_FLAG_DIM	task_0	Informational		
Microsoft-Windows-WwanProtDim_8ae583a328f2324fa39dea640c5846ee	205	0	task_0205(UnicodeString A10_basicInfoPassword)		WWAN_TRACE_FLAG_DIM	task_0	Informational		
Microsoft-Windows-WwanProtDim_8ae583a328f2324fa39dea640c5846ee	206	0	task_0206(UnicodeString A10_CompressionTypeToStringbasicInfoCompression, HexInt32 A11_basicInfoCompression)		WWAN_TRACE_FLAG_DIM	task_0	Informational		
Microsoft-Windows-WwanProtDim_8ae583a328f2324fa39dea640c5846ee	207	0	task_0207(UnicodeString A10_AuthenticationProtocolTypeToStringbasicInfoAuthType, HexInt32 A11_basicInfoAuthType)		WWAN_TRACE_FLAG_DIM	task_0	Informational		
Microsoft-Windows-WwanProtDim_8ae583a328f2324fa39dea640c5846ee	208	0	task_0208(UnicodeString A10_basicInfoProviderId)		WWAN_TRACE_FLAG_DIM	task_0	Informational		
Microsoft-Windows-WwanProtDim_8ae583a328f2324fa39dea640c5846ee	209	0	task_0209(UnicodeString A10_OperationsToStringlteAttachConfigContextOperation, HexInt32 A11_lteAttachConfigContextOperation)		WWAN_TRACE_FLAG_DIM	task_0	Informational		
Microsoft-Windows-WwanProtDim_8ae583a328f2324fa39dea640c5846ee	210	0	task_0210(UnicodeString A10_IPTypeToStringlteAttachConfigContextIPType, HexInt32 A11_lteAttachConfigContextIPType)		WWAN_TRACE_FLAG_DIM	task_0	Informational		
Microsoft-Windows-WwanProtDim_8ae583a328f2324fa39dea640c5846ee	211	0	task_0211(UnicodeString A10_LteAttachRoamingToStringlteAttachConfigContextRoaming, HexInt32 A11_lteAttachConfigContextRoaming)		WWAN_TRACE_FLAG_DIM	task_0	Informational		
Microsoft-Windows-WwanProtDim_8ae583a328f2324fa39dea640c5846ee	212	0	task_0212(UnicodeString A10_MediaToStringlteAttachConfigContextMediaType, HexInt32 A11_lteAttachConfigContextMediaType)		WWAN_TRACE_FLAG_DIM	task_0	Informational		
Microsoft-Windows-WwanProtDim_8ae583a328f2324fa39dea640c5846ee	213	0	task_0213(UnicodeString A10_ConfigurationSourceToStringlteAttachConfigContextSource, HexInt32 A11_lteAttachConfigContextSource)		WWAN_TRACE_FLAG_DIM	task_0	Informational		
Microsoft-Windows-WwanProtDim_8ae583a328f2324fa39dea640c5846ee	214	0	task_0214()		WWAN_TRACE_FLAG_DIM	task_0	Warning		
Microsoft-Windows-WwanProtDim_8ae583a328f2324fa39dea640c5846ee	215	0	task_0215(Int32 A10_lteAttachContextElementCount)		WWAN_TRACE_FLAG_DIM	task_0	Informational		
Microsoft-Windows-WwanProtDim_8ae583a328f2324fa39dea640c5846ee	216	0	task_0216(Int32 A10_i)		WWAN_TRACE_FLAG_DIM	task_0	Informational		
Microsoft-Windows-WwanProtDim_8ae583a328f2324fa39dea640c5846ee	217	0	task_0217(UnicodeString A10_LteAttachRoamingToStringlteAttachContextLteContextArrayiRoaming, Int32 A11_lteAttachContextLteContextArrayiRoaming)		WWAN_TRACE_FLAG_DIM	task_0	Informational		
Microsoft-Windows-WwanProtDim_8ae583a328f2324fa39dea640c5846ee	218	0	task_0218(UnicodeString A10_ConfigurationSourceToStringlteAttachContextLteContextArrayiSource, Int32 A11_lteAttachContextLteContextArrayiSource)		WWAN_TRACE_FLAG_DIM	task_0	Informational		
Microsoft-Windows-WwanProtDim_8ae583a328f2324fa39dea640c5846ee	219	0	task_0219(UnicodeString A10_MediaToStringlteAttachContextLteContextArrayiMediaType, Int32 A11_lteAttachContextLteContextArrayiMediaType)		WWAN_TRACE_FLAG_DIM	task_0	Informational		
Microsoft-Windows-WwanProtDim_8ae583a328f2324fa39dea640c5846ee	220	0	task_0220(UnicodeString A10_IPTypeToStringlteAttachContextLteContextArrayiIPType, Int32 A11_lteAttachContextLteContextArrayiIPType)		WWAN_TRACE_FLAG_DIM	task_0	Informational		
Microsoft-Windows-WwanProtDim_8ae583a328f2324fa39dea640c5846ee	221	0	task_0221(UnicodeString A10_lteAttachContextLteContextArrayibasicInfoAccessString)		WWAN_TRACE_FLAG_DIM	task_0	Informational		
Microsoft-Windows-WwanProtDim_8ae583a328f2324fa39dea640c5846ee	222	0	task_0222(UnicodeString A10_LteAttachStateToStringlteAttachStatusLteAttachState, HexInt32 A11_lteAttachStatusLteAttachState)		WWAN_TRACE_FLAG_DIM	task_0	Informational		
Microsoft-Windows-WwanProtDim_8ae583a328f2324fa39dea640c5846ee	223	0	task_0223(HexInt32 A10_lteAttachStatusNetworkError)		WWAN_TRACE_FLAG_DIM	task_0	Informational		
Microsoft-Windows-WwanProtDim_8ae583a328f2324fa39dea640c5846ee	224	0	task_0224(UnicodeString A10_IPTypeToStringlteAttachStatusIPType, HexInt32 A11_lteAttachStatusIPType)		WWAN_TRACE_FLAG_DIM	task_0	Informational		
Microsoft-Windows-WwanProtDim_8ae583a328f2324fa39dea640c5846ee	225	0	task_0225(UnicodeString A10_lteAttachStatusbasicInfoAccessString)		WWAN_TRACE_FLAG_DIM	task_0	Informational		
Microsoft-Windows-WwanProtDim_8ae583a328f2324fa39dea640c5846ee	226	0	task_0226(HexInt32 A10_len)		WWAN_TRACE_FLAG_DIM	task_0	Informational		
Microsoft-Windows-WwanProtDim_8ae583a328f2324fa39dea640c5846ee	227	0	task_0227(Int32 A10_pDeviceCapsHeaderRevision)		WWAN_TRACE_FLAG_DIM	task_0	Informational		
Microsoft-Windows-WwanProtDim_8ae583a328f2324fa39dea640c5846ee	228	0	task_0228(HexInt32 A10_len, HexInt32 A11_rlen)		WWAN_TRACE_FLAG_DIM	task_0	Informational		
Microsoft-Windows-WwanProtDim_8ae583a328f2324fa39dea640c5846ee	229	0	task_0229(HexInt32 A10_pDeviceCapsuStatus)		WWAN_TRACE_FLAG_DIM	task_0	Informational		
Microsoft-Windows-WwanProtDim_8ae583a328f2324fa39dea640c5846ee	230	0	task_0230(UnicodeString A10_DeviceTypeToStringcapsWwanDeviceType, HexInt32 A11_capsWwanDeviceType)		WWAN_TRACE_FLAG_DIM	task_0	Informational		
Microsoft-Windows-WwanProtDim_8ae583a328f2324fa39dea640c5846ee	231	0	task_0231(UnicodeString A10_CellularClassToStringcapsWwanCellularClass, HexInt32 A11_capsWwanCellularClass)		WWAN_TRACE_FLAG_DIM	task_0	Informational		
Microsoft-Windows-WwanProtDim_8ae583a328f2324fa39dea640c5846ee	232	0	task_0232(UnicodeString A10_VoiceClassToStringcapsWwanVoiceClass, HexInt32 A11_capsWwanVoiceClass)		WWAN_TRACE_FLAG_DIM	task_0	Informational		
Microsoft-Windows-WwanProtDim_8ae583a328f2324fa39dea640c5846ee	233	0	task_0233(UnicodeString A10_SimClassToStringcapsWwanSimClass, HexInt32 A11_capsWwanSimClass)		WWAN_TRACE_FLAG_DIM	task_0	Informational		
Microsoft-Windows-WwanProtDim_8ae583a328f2324fa39dea640c5846ee	234	0	task_0234(UnicodeString A10_DataClassToStringInBuffcapsWwanDataClassBuffMAX_BUFFER_STRING, HexInt32 A11_capsWwanDataClass)		WWAN_TRACE_FLAG_DIM	task_0	Informational		
Microsoft-Windows-WwanProtDim_8ae583a328f2324fa39dea640c5846ee	235	0	task_0235(UnicodeString A10_capsWwanDataClass_WWAN_DATA_CLASS_CUSTOMcapsCustomDataClassLNOTUSEDFIELD)		WWAN_TRACE_FLAG_DIM	task_0	Informational		
Microsoft-Windows-WwanProtDim_8ae583a328f2324fa39dea640c5846ee	236	0	task_0236(UnicodeString A10_GsmBandClassToStringInBuffcapsWwanGsmBandClassBuffMAX_BUFFER_STRING, HexInt32 A11_capsWwanGsmBandClass)		WWAN_TRACE_FLAG_DIM	task_0	Informational		
Microsoft-Windows-WwanProtDim_8ae583a328f2324fa39dea640c5846ee	237	0	task_0237(UnicodeString A10_CdmaBandClassToStringInBuffcapsWwanCdmaBandClassBuffMAX_BUFFER_STRING, HexInt32 A11_capsWwanCdmaBandClass)		WWAN_TRACE_FLAG_DIM	task_0	Informational		
Microsoft-Windows-WwanProtDim_8ae583a328f2324fa39dea640c5846ee	238	0	task_0238(UnicodeString A10_SmsCapsToStringInBuffcapsWwanSmsCapsBuffMAX_BUFFER_STRING, HexInt32 A11_capsWwanSmsCaps)		WWAN_TRACE_FLAG_DIM	task_0	Informational		
Microsoft-Windows-WwanProtDim_8ae583a328f2324fa39dea640c5846ee	239	0	task_0239(UnicodeString A10_ControlCapsToStringInBuffcapsWwanControlCapsBuffMAX_BUFFER_STRING, HexInt32 A11_capsWwanControlCaps)		WWAN_TRACE_FLAG_DIM	task_0	Informational		
Microsoft-Windows-WwanProtDim_8ae583a328f2324fa39dea640c5846ee	240	0	task_0240(UnicodeString A10_AuthAlgoCapsToStringInBuffcapsWwanAuthAlgoCapsBuffMAX_BUFFER_STRING, HexInt32 A11_capsWwanControlCaps)		WWAN_TRACE_FLAG_DIM	task_0	Informational		
Microsoft-Windows-WwanProtDim_8ae583a328f2324fa39dea640c5846ee	241	0	task_0241(UnicodeString A10_ElementTypeToStringcapsCellularClassListHeaderElementType, HexInt32 A11_capsCellularClassListHeaderElementType)		WWAN_TRACE_FLAG_DIM	task_0	Informational		
Microsoft-Windows-WwanProtDim_8ae583a328f2324fa39dea640c5846ee	242	0	task_0242(HexInt32 A10_capsCellularClassListHeaderElementCount)		WWAN_TRACE_FLAG_DIM	task_0	Informational		
Microsoft-Windows-WwanProtDim_8ae583a328f2324fa39dea640c5846ee	243	0	task_0243(UnicodeString A10_capsDeviceId)		WWAN_TRACE_FLAG_DIM	task_0	Informational		
Microsoft-Windows-WwanProtDim_8ae583a328f2324fa39dea640c5846ee	244	0	task_0244(UnicodeString A10_capsManufacturer)		WWAN_TRACE_FLAG_DIM	task_0	Informational		
Microsoft-Windows-WwanProtDim_8ae583a328f2324fa39dea640c5846ee	245	0	task_0245(UnicodeString A10_capsModel)		WWAN_TRACE_FLAG_DIM	task_0	Informational		
Microsoft-Windows-WwanProtDim_8ae583a328f2324fa39dea640c5846ee	246	0	task_0246(UnicodeString A10_capsFirmwareInfo)		WWAN_TRACE_FLAG_DIM	task_0	Informational		
Microsoft-Windows-WwanProtDim_8ae583a328f2324fa39dea640c5846ee	247	0	task_0247(HexInt32 A10_capsMaxActivatedContexts)		WWAN_TRACE_FLAG_DIM	task_0	Informational		
Microsoft-Windows-WwanProtDim_8ae583a328f2324fa39dea640c5846ee	248	0	task_0248(HexInt32 A10_len)		WWAN_TRACE_FLAG_DIM	task_0	Error		
Microsoft-Windows-WwanProtDim_8ae583a328f2324fa39dea640c5846ee	249	0	task_0249()		WWAN_TRACE_FLAG_DIM	task_0	Error		
Microsoft-Windows-WwanProtDim_8ae583a328f2324fa39dea640c5846ee	250	0	task_0250(HexInt32 A10_pDimContextVersion)		WWAN_TRACE_FLAG_DIM	task_0	Error		
Microsoft-Windows-WwanProtDim_8ae583a328f2324fa39dea640c5846ee	251	0	task_0251(Int32 A10_pReadyInfoHeaderRevision)		WWAN_TRACE_FLAG_DIM	task_0	Error		
Microsoft-Windows-WwanProtDim_8ae583a328f2324fa39dea640c5846ee	252	0	task_0252(HexInt32 A10_len, HexInt32 A11_rlen)		WWAN_TRACE_FLAG_DIM	task_0	Error		
Microsoft-Windows-WwanProtDim_8ae583a328f2324fa39dea640c5846ee	253	0	task_0253(UnicodeString A10_ReadyStateToStringpInfoRev1ReadyState, HexInt32 A11_pInfoRev1ReadyState)		WWAN_TRACE_FLAG_DIM	task_0	Informational		
Microsoft-Windows-WwanProtDim_8ae583a328f2324fa39dea640c5846ee	254	0	task_0254(UnicodeString A10_EmergencyModeToStringpInfoRev1EmergencyMode, HexInt32 A11_pInfoRev1EmergencyMode)		WWAN_TRACE_FLAG_DIM	task_0	Informational		
Microsoft-Windows-WwanProtDim_8ae583a328f2324fa39dea640c5846ee	255	0	task_0255(UnicodeString A10_pInfoRev1SubscriberId)		WWAN_TRACE_FLAG_DIM	task_0	Informational		
Microsoft-Windows-WwanProtDim_8ae583a328f2324fa39dea640c5846ee	256	0	task_0256(UnicodeString A10_pInfoRev1SimIccId)		WWAN_TRACE_FLAG_DIM	task_0	Informational		
Microsoft-Windows-WwanProtDim_8ae583a328f2324fa39dea640c5846ee	257	0	task_0257(Int32 A10_pInfoRev1CdmaShortMsgSize)		WWAN_TRACE_FLAG_DIM	task_0	Informational		
Microsoft-Windows-WwanProtDim_8ae583a328f2324fa39dea640c5846ee	258	0	task_0258(HexInt32 A10_pInfoLatestStatusFlags)		WWAN_TRACE_FLAG_DIM	task_0	Informational		
Microsoft-Windows-WwanProtDim_8ae583a328f2324fa39dea640c5846ee	259	0	task_0259(Int32 A10_pInfoLatestSlotId)		WWAN_TRACE_FLAG_DIM	task_0	Informational		
Microsoft-Windows-WwanProtDim_8ae583a328f2324fa39dea640c5846ee	260	0	task_0260(UnicodeString A10_ElementTypeToStringpInfoLatestTNListHeaderElementType, HexInt32 A11_pInfoLatestTNListHeaderElementType)		WWAN_TRACE_FLAG_DIM	task_0	Informational		
Microsoft-Windows-WwanProtDim_8ae583a328f2324fa39dea640c5846ee	261	0	task_0261(HexInt32 A10_pInfoLatestTNListHeaderElementCount)		WWAN_TRACE_FLAG_DIM	task_0	Informational		
Microsoft-Windows-WwanProtDim_8ae583a328f2324fa39dea640c5846ee	262	0	task_0262(HexInt32 A10_pInfoPre2170StatusFlags)		WWAN_TRACE_FLAG_DIM	task_0	Informational		
Microsoft-Windows-WwanProtDim_8ae583a328f2324fa39dea640c5846ee	263	0	task_0263(UnicodeString A10_ElementTypeToStringpInfoPre2170TNListHeaderElementType, HexInt32 A11_pInfoPre2170TNListHeaderElementType)		WWAN_TRACE_FLAG_DIM	task_0	Informational		
Microsoft-Windows-WwanProtDim_8ae583a328f2324fa39dea640c5846ee	264	0	task_0264(HexInt32 A10_pInfoPre2170TNListHeaderElementCount)		WWAN_TRACE_FLAG_DIM	task_0	Informational		
Microsoft-Windows-WwanProtDim_8ae583a328f2324fa39dea640c5846ee	265	0	task_0265(UnicodeString A10_ElementTypeToStringpInfoRev1TNListHeaderElementType, HexInt32 A11_pInfoRev1TNListHeaderElementType)		WWAN_TRACE_FLAG_DIM	task_0	Informational		
Microsoft-Windows-WwanProtDim_8ae583a328f2324fa39dea640c5846ee	266	0	task_0266(HexInt32 A10_pInfoRev1TNListHeaderElementCount)		WWAN_TRACE_FLAG_DIM	task_0	Informational		
Microsoft-Windows-WwanProtDim_8ae583a328f2324fa39dea640c5846ee	267	0	task_0267(HexInt32 A10_len, HexInt32 A11_rlen)		WWAN_TRACE_FLAG_DIM	task_0	Informational		
Microsoft-Windows-WwanProtDim_8ae583a328f2324fa39dea640c5846ee	268	0	task_0268(HexInt32 A10_pServiceActivationStatusuStatus)		WWAN_TRACE_FLAG_DIM	task_0	Informational		
Microsoft-Windows-WwanProtDim_8ae583a328f2324fa39dea640c5846ee	269	0	task_0269(HexInt32 A10_pServiceActivationStatusServiceActivationStatusuNwError)		WWAN_TRACE_FLAG_DIM	task_0	Informational		
Microsoft-Windows-WwanProtDim_8ae583a328f2324fa39dea640c5846ee	270	0	task_0270(HexInt32 A10_len, HexInt32 A11_rlen)		WWAN_TRACE_FLAG_DIM	task_0	Informational		
Microsoft-Windows-WwanProtDim_8ae583a328f2324fa39dea640c5846ee	271	0	task_0271(HexInt32 A10_pRadioStateuStatus)		WWAN_TRACE_FLAG_DIM	task_0	Informational		
Microsoft-Windows-WwanProtDim_8ae583a328f2324fa39dea640c5846ee	272	0	task_0272(UnicodeString A10_RadioStateToStringpRadioStateRadioStateHwRadioState, HexInt32 A11_pRadioStateRadioStateHwRadioState)		WWAN_TRACE_FLAG_DIM	task_0	Informational		
Microsoft-Windows-WwanProtDim_8ae583a328f2324fa39dea640c5846ee	273	0	task_0273(UnicodeString A10_RadioStateToStringpRadioStateRadioStateSwRadioState, HexInt32 A11_pRadioStateRadioStateSwRadioState)		WWAN_TRACE_FLAG_DIM	task_0	Informational		
Microsoft-Windows-WwanProtDim_8ae583a328f2324fa39dea640c5846ee	274	0	task_0274(HexInt32 A10_len, HexInt32 A11_rlen)		WWAN_TRACE_FLAG_DIM	task_0	Informational		
Microsoft-Windows-WwanProtDim_8ae583a328f2324fa39dea640c5846ee	275	0	task_0275(HexInt32 A10_pPinInfouStatus)		WWAN_TRACE_FLAG_DIM	task_0	Informational		
Microsoft-Windows-WwanProtDim_8ae583a328f2324fa39dea640c5846ee	276	0	task_0276(UnicodeString A10_PinTypeToStringpPinInfoPinInfoPinType, HexInt32 A11_pPinInfoPinInfoPinType)		WWAN_TRACE_FLAG_DIM	task_0	Informational		
Microsoft-Windows-WwanProtDim_8ae583a328f2324fa39dea640c5846ee	277	0	task_0277(UnicodeString A10_PinStateToStringpPinInfoPinInfoPinState, HexInt32 A11_pPinInfoPinInfoPinState)		WWAN_TRACE_FLAG_DIM	task_0	Informational		
Microsoft-Windows-WwanProtDim_8ae583a328f2324fa39dea640c5846ee	278	0	task_0278(HexInt32 A10_pPinInfoPinInfoAttemptsRemaining)		WWAN_TRACE_FLAG_DIM	task_0	Informational		
Microsoft-Windows-WwanProtDim_8ae583a328f2324fa39dea640c5846ee	279	0	task_0279(UnicodeString A10_PinModeToStringpinDescPinMode, HexInt32 A11_pinDescPinMode)		WWAN_TRACE_FLAG_DIM	task_0	Informational		
Microsoft-Windows-WwanProtDim_8ae583a328f2324fa39dea640c5846ee	280	0	task_0280(UnicodeString A10_PinFormatToStringpinDescPinFormat, HexInt32 A11_pinDescPinFormat)		WWAN_TRACE_FLAG_DIM	task_0	Informational		
Microsoft-Windows-WwanProtDim_8ae583a328f2324fa39dea640c5846ee	281	0	task_0281(HexInt32 A10_pinDescPinLengthMin)		WWAN_TRACE_FLAG_DIM	task_0	Informational		
Microsoft-Windows-WwanProtDim_8ae583a328f2324fa39dea640c5846ee	282	0	task_0282(HexInt32 A10_pinDescPinLengthMax)		WWAN_TRACE_FLAG_DIM	task_0	Informational		
Microsoft-Windows-WwanProtDim_8ae583a328f2324fa39dea640c5846ee	283	0	task_0283(HexInt32 A10_len, HexInt32 A11_rlen)		WWAN_TRACE_FLAG_DIM	task_0	Informational		
Microsoft-Windows-WwanProtDim_8ae583a328f2324fa39dea640c5846ee	284	0	task_0284(HexInt32 A10_pPinListuStatus)		WWAN_TRACE_FLAG_DIM	task_0	Informational		
Microsoft-Windows-WwanProtDim_8ae583a328f2324fa39dea640c5846ee	285	0	task_0285()		WWAN_TRACE_FLAG_DIM	task_0	Informational		
Microsoft-Windows-WwanProtDim_8ae583a328f2324fa39dea640c5846ee	286	0	task_0286()		WWAN_TRACE_FLAG_DIM	task_0	Informational		
Microsoft-Windows-WwanProtDim_8ae583a328f2324fa39dea640c5846ee	287	0	task_0287()		WWAN_TRACE_FLAG_DIM	task_0	Informational		
Microsoft-Windows-WwanProtDim_8ae583a328f2324fa39dea640c5846ee	288	0	task_0288()		WWAN_TRACE_FLAG_DIM	task_0	Informational		
Microsoft-Windows-WwanProtDim_8ae583a328f2324fa39dea640c5846ee	289	0	task_0289()		WWAN_TRACE_FLAG_DIM	task_0	Informational		
Microsoft-Windows-WwanProtDim_8ae583a328f2324fa39dea640c5846ee	290	0	task_0290()		WWAN_TRACE_FLAG_DIM	task_0	Informational		
Microsoft-Windows-WwanProtDim_8ae583a328f2324fa39dea640c5846ee	291	0	task_0291()		WWAN_TRACE_FLAG_DIM	task_0	Informational		
Microsoft-Windows-WwanProtDim_8ae583a328f2324fa39dea640c5846ee	292	0	task_0292()		WWAN_TRACE_FLAG_DIM	task_0	Informational		
Microsoft-Windows-WwanProtDim_8ae583a328f2324fa39dea640c5846ee	293	0	task_0293()		WWAN_TRACE_FLAG_DIM	task_0	Informational		
Microsoft-Windows-WwanProtDim_8ae583a328f2324fa39dea640c5846ee	294	0	task_0294(HexInt32 A10_len, HexInt32 A11_rlen)		WWAN_TRACE_FLAG_DIM	task_0	Informational		
Microsoft-Windows-WwanProtDim_8ae583a328f2324fa39dea640c5846ee	295	0	task_0295(HexInt32 A10_pHomeProvideruStatus)		WWAN_TRACE_FLAG_DIM	task_0	Informational		
Microsoft-Windows-WwanProtDim_8ae583a328f2324fa39dea640c5846ee	296	0	task_0296(HexInt32 A10_len, HexInt32 A11_rlen)		WWAN_TRACE_FLAG_DIM	task_0	Informational		
Microsoft-Windows-WwanProtDim_8ae583a328f2324fa39dea640c5846ee	297	0	task_0297(HexInt32 A10_pPreferredProvidersuStatus)		WWAN_TRACE_FLAG_DIM	task_0	Informational		
Microsoft-Windows-WwanProtDim_8ae583a328f2324fa39dea640c5846ee	298	0	task_0298(HexInt32 A10_pPreferredProvidersPreferredListHeaderElementType)		WWAN_TRACE_FLAG_DIM	task_0	Informational		
Microsoft-Windows-WwanProtDim_8ae583a328f2324fa39dea640c5846ee	299	0	task_0299(HexInt32 A10_pPreferredProvidersPreferredListHeaderElementCount)		WWAN_TRACE_FLAG_DIM	task_0	Informational		
Microsoft-Windows-WwanProtDim_8ae583a328f2324fa39dea640c5846ee	300	0	task_0300(HexInt32 A10_len, HexInt32 A11_rlen)		WWAN_TRACE_FLAG_DIM	task_0	Informational		
Microsoft-Windows-WwanProtDim_8ae583a328f2324fa39dea640c5846ee	301	0	task_0301(HexInt32 A10_pPreferredProvidersuStatus)		WWAN_TRACE_FLAG_DIM	task_0	Informational		
Microsoft-Windows-WwanProtDim_8ae583a328f2324fa39dea640c5846ee	302	0	task_0302(HexInt32 A10_pPreferredProvidersPreferredListHeaderElementType)		WWAN_TRACE_FLAG_DIM	task_0	Informational		
Microsoft-Windows-WwanProtDim_8ae583a328f2324fa39dea640c5846ee	303	0	task_0303(HexInt32 A10_pPreferredProvidersPreferredListHeaderElementCount)		WWAN_TRACE_FLAG_DIM	task_0	Informational		
Microsoft-Windows-WwanProtDim_8ae583a328f2324fa39dea640c5846ee	304	0	task_0304(HexInt32 A10_len, HexInt32 A11_rlen)		WWAN_TRACE_FLAG_DIM	task_0	Informational		
Microsoft-Windows-WwanProtDim_8ae583a328f2324fa39dea640c5846ee	305	0	task_0305(HexInt32 A10_pVisibleProvidersuStatus)		WWAN_TRACE_FLAG_DIM	task_0	Informational		
Microsoft-Windows-WwanProtDim_8ae583a328f2324fa39dea640c5846ee	306	0	task_0306(HexInt32 A10_pVisibleProvidersVisibleListHeaderElementType)		WWAN_TRACE_FLAG_DIM	task_0	Informational		
Microsoft-Windows-WwanProtDim_8ae583a328f2324fa39dea640c5846ee	307	0	task_0307(HexInt32 A10_pVisibleProvidersVisibleListHeaderElementCount)		WWAN_TRACE_FLAG_DIM	task_0	Informational		
Microsoft-Windows-WwanProtDim_8ae583a328f2324fa39dea640c5846ee	308	0	task_0308(HexInt32 A10_len, HexInt32 A11_rlen)		WWAN_TRACE_FLAG_DIM	task_0	Informational		
Microsoft-Windows-WwanProtDim_8ae583a328f2324fa39dea640c5846ee	309	0	task_0309(HexInt32 A10_pRegisterStateuStatus)		WWAN_TRACE_FLAG_DIM	task_0	Informational		
Microsoft-Windows-WwanProtDim_8ae583a328f2324fa39dea640c5846ee	310	0	task_0310(HexInt32 A10_pRegisterStateRegistrationStateuNwError)		WWAN_TRACE_FLAG_DIM	task_0	Informational		
Microsoft-Windows-WwanProtDim_8ae583a328f2324fa39dea640c5846ee	311	0	task_0311(UnicodeString A10_RegisterStateToStringpRegisterStateRegistrationStateRegisterState, HexInt32 A11_pRegisterStateRegistrationStateRegisterState)		WWAN_TRACE_FLAG_DIM	task_0	Informational		
Microsoft-Windows-WwanProtDim_8ae583a328f2324fa39dea640c5846ee	312	0	task_0312(UnicodeString A10_RegisterModeToStringpRegisterStateRegistrationStateRegisterMode, HexInt32 A11_pRegisterStateRegistrationStateRegisterMode)		WWAN_TRACE_FLAG_DIM	task_0	Informational		
Microsoft-Windows-WwanProtDim_8ae583a328f2324fa39dea640c5846ee	313	0	task_0313(UnicodeString A10_pRegisterStateRegistrationStateProviderId)		WWAN_TRACE_FLAG_DIM	task_0	Informational		
Microsoft-Windows-WwanProtDim_8ae583a328f2324fa39dea640c5846ee	314	0	task_0314(UnicodeString A10_pRegisterStateRegistrationStateProviderName)		WWAN_TRACE_FLAG_DIM	task_0	Informational		
Microsoft-Windows-WwanProtDim_8ae583a328f2324fa39dea640c5846ee	315	0	task_0315(UnicodeString A10_pRegisterStateRegistrationStateRoamingText)		WWAN_TRACE_FLAG_DIM	task_0	Informational		
Microsoft-Windows-WwanProtDim_8ae583a328f2324fa39dea640c5846ee	316	0	task_0316(UnicodeString A10_RegFlagsToStringInBuffpRegisterStateRegistrationStateWwanRegFlagsBuffMAX_BUFFER_STRING, HexInt32 A11_pRegisterStateRegistrationStateWwanRegFlags)		WWAN_TRACE_FLAG_DIM	task_0	Informational		
Microsoft-Windows-WwanProtDim_8ae583a328f2324fa39dea640c5846ee	317	0	task_0317(UnicodeString A10_CellularClassToStringpRegisterStateRegistrationStateCurrentCellularClass, HexInt32 A11_pRegisterStateRegistrationStateCurrentCellularClass)		WWAN_TRACE_FLAG_DIM	task_0	Informational		
Microsoft-Windows-WwanProtDim_8ae583a328f2324fa39dea640c5846ee	318	0	task_0318(HexInt32 A10_pRegisterStateRegistrationStatePreferredDataClasses)		WWAN_TRACE_FLAG_DIM	task_0	Informational		
Microsoft-Windows-WwanProtDim_8ae583a328f2324fa39dea640c5846ee	319	0	task_0319(HexInt32 A10_len, HexInt32 A11_rlen)		WWAN_TRACE_FLAG_DIM	task_0	Informational		
Microsoft-Windows-WwanProtDim_8ae583a328f2324fa39dea640c5846ee	320	0	task_0320(HexInt32 A10_pPacketServiceStateuStatus)		WWAN_TRACE_FLAG_DIM	task_0	Informational		
Microsoft-Windows-WwanProtDim_8ae583a328f2324fa39dea640c5846ee	321	0	task_0321(HexInt32 A10_pPacketServiceStatePacketServiceuNwError)		WWAN_TRACE_FLAG_DIM	task_0	Informational		
Microsoft-Windows-WwanProtDim_8ae583a328f2324fa39dea640c5846ee	322	0	task_0322(UnicodeString A10_PacketServiceStateToStringpPacketServiceStatePacketServicePacketServiceState, HexInt32 A11_pPacketServiceStatePacketServicePacketServiceState)		WWAN_TRACE_FLAG_DIM	task_0	Informational		
Microsoft-Windows-WwanProtDim_8ae583a328f2324fa39dea640c5846ee	323	0	task_0323(HexInt32 A10_pPacketServiceStatePacketServiceAvailableDataClass)		WWAN_TRACE_FLAG_DIM	task_0	Informational		
Microsoft-Windows-WwanProtDim_8ae583a328f2324fa39dea640c5846ee	324	0	task_0324(HexInt32 A10_pPacketServiceStatePacketServiceCurrentDataClass)		WWAN_TRACE_FLAG_DIM	task_0	Informational		
Microsoft-Windows-WwanProtDim_8ae583a328f2324fa39dea640c5846ee	325	0	task_0325(UnicodeString A10_FrequencyRangeToStringpPacketServiceStatePacketServiceFrequencyRange)		WWAN_TRACE_FLAG_DIM	task_0	Informational		
Microsoft-Windows-WwanProtDim_8ae583a328f2324fa39dea640c5846ee	326	0	task_0326(HexInt32 A10_len, HexInt32 A11_rlen)		WWAN_TRACE_FLAG_DIM	task_0	Verbose		
Microsoft-Windows-WwanProtDim_8ae583a328f2324fa39dea640c5846ee	327	0	task_0327(HexInt32 A10_pSignalStateuStatus)		WWAN_TRACE_FLAG_DIM	task_0	Informational		
Microsoft-Windows-WwanProtDim_8ae583a328f2324fa39dea640c5846ee	328	0	task_0328(HexInt32 A10_pSignalStateSignalStateRssi)		WWAN_TRACE_FLAG_DIM	task_0	Informational		
Microsoft-Windows-WwanProtDim_8ae583a328f2324fa39dea640c5846ee	329	0	task_0329(HexInt32 A10_pSignalStateSignalStateErrorRate)		WWAN_TRACE_FLAG_DIM	task_0	Informational		
Microsoft-Windows-WwanProtDim_8ae583a328f2324fa39dea640c5846ee	330	0	task_0330(HexInt32 A10_pSignalStateSignalStateRssiInterval)		WWAN_TRACE_FLAG_DIM	task_0	Informational		
Microsoft-Windows-WwanProtDim_8ae583a328f2324fa39dea640c5846ee	331	0	task_0331(HexInt32 A10_pSignalStateSignalStateRssiThreshold)		WWAN_TRACE_FLAG_DIM	task_0	Informational		
Microsoft-Windows-WwanProtDim_8ae583a328f2324fa39dea640c5846ee	332	0	task_0332(HexInt32 A10_pSignalStateSignalStateSignalStateListHeaderElementType)		WWAN_TRACE_FLAG_DIM	task_0	Informational		
Microsoft-Windows-WwanProtDim_8ae583a328f2324fa39dea640c5846ee	333	0	task_0333(HexInt32 A10_pSignalStateSignalStateSignalStateListHeaderElementCount)		WWAN_TRACE_FLAG_DIM	task_0	Informational		
Microsoft-Windows-WwanProtDim_8ae583a328f2324fa39dea640c5846ee	334	0	task_0334(Int32 A10_pRSRP)		WWAN_TRACE_FLAG_DIM	task_0	Informational		
Microsoft-Windows-WwanProtDim_8ae583a328f2324fa39dea640c5846ee	335	0	task_0335(HexInt32 A10_pRSRPThreshold)		WWAN_TRACE_FLAG_DIM	task_0	Informational		
Microsoft-Windows-WwanProtDim_8ae583a328f2324fa39dea640c5846ee	336	0	task_0336(Int32 A10_pSNR)		WWAN_TRACE_FLAG_DIM	task_0	Informational		
Microsoft-Windows-WwanProtDim_8ae583a328f2324fa39dea640c5846ee	337	0	task_0337(HexInt32 A10_pSNRThreshold)		WWAN_TRACE_FLAG_DIM	task_0	Informational		
Microsoft-Windows-WwanProtDim_8ae583a328f2324fa39dea640c5846ee	338	0	task_0338(UnicodeString A10_DataClassToStringInBuffpDataClassBuffMAX_BUFFER_STRING, HexInt32 A11_pDataClass)		WWAN_TRACE_FLAG_DIM	task_0	Informational		
Microsoft-Windows-WwanProtDim_8ae583a328f2324fa39dea640c5846ee	339	0	task_0339(HexInt32 A10_len, HexInt32 A11_rlen)		WWAN_TRACE_FLAG_DIM	task_0	Informational		
Microsoft-Windows-WwanProtDim_8ae583a328f2324fa39dea640c5846ee	340	0	task_0340(HexInt32 A10_pProvisionedContextsuStatus)		WWAN_TRACE_FLAG_DIM	task_0	Informational		
Microsoft-Windows-WwanProtDim_8ae583a328f2324fa39dea640c5846ee	341	0	task_0341(HexInt32 A10_pProvisionedContextsContextListHeaderElementType)		WWAN_TRACE_FLAG_DIM	task_0	Informational		
Microsoft-Windows-WwanProtDim_8ae583a328f2324fa39dea640c5846ee	342	0	task_0342(HexInt32 A10_pProvisionedContextsContextListHeaderElementCount)		WWAN_TRACE_FLAG_DIM	task_0	Informational		
Microsoft-Windows-WwanProtDim_8ae583a328f2324fa39dea640c5846ee	343	0	task_0343(HexInt32 A10_pContextId)		WWAN_TRACE_FLAG_DIM	task_0	Informational		
Microsoft-Windows-WwanProtDim_8ae583a328f2324fa39dea640c5846ee	344	0	task_0344(UnicodeString A10_ContextTypeToStringpContextType, HexInt32 A11_pContextType)		WWAN_TRACE_FLAG_DIM	task_0	Informational		
Microsoft-Windows-WwanProtDim_8ae583a328f2324fa39dea640c5846ee	345	0	task_0345(UnicodeString A10_pAccessString)		WWAN_TRACE_FLAG_DIM	task_0	Informational		
Microsoft-Windows-WwanProtDim_8ae583a328f2324fa39dea640c5846ee	346	0	task_0346(UnicodeString A10_CompressionTypeToStringpCompression, HexInt32 A11_pCompression)		WWAN_TRACE_FLAG_DIM	task_0	Informational		
Microsoft-Windows-WwanProtDim_8ae583a328f2324fa39dea640c5846ee	347	0	task_0347(UnicodeString A10_AuthenticationProtocolTypeToStringpAuthType, HexInt32 A11_pAuthType)		WWAN_TRACE_FLAG_DIM	task_0	Informational		
Microsoft-Windows-WwanProtDim_8ae583a328f2324fa39dea640c5846ee	348	0	task_0348(HexInt32 A10_len)		WWAN_TRACE_FLAG_DIM	task_0	Error		
Microsoft-Windows-WwanProtDim_8ae583a328f2324fa39dea640c5846ee	349	0	task_0349(Int32 A10_pContextStateHeaderRevision)		WWAN_TRACE_FLAG_DIM	task_0	Error		
Microsoft-Windows-WwanProtDim_8ae583a328f2324fa39dea640c5846ee	350	0	task_0350(HexInt32 A10_len, HexInt32 A11_rlen)		WWAN_TRACE_FLAG_DIM	task_0	Error		
Microsoft-Windows-WwanProtDim_8ae583a328f2324fa39dea640c5846ee	351	0	task_0351(HexInt32 A10_pContextStateuStatus)		WWAN_TRACE_FLAG_DIM	task_0	Informational		
Microsoft-Windows-WwanProtDim_8ae583a328f2324fa39dea640c5846ee	352	0	task_0352(HexInt32 A10_pContextStateContextStateuNwError)		WWAN_TRACE_FLAG_DIM	task_0	Informational		
Microsoft-Windows-WwanProtDim_8ae583a328f2324fa39dea640c5846ee	353	0	task_0353(HexInt32 A10_pContextStateContextStateConnectionId)		WWAN_TRACE_FLAG_DIM	task_0	Informational		
Microsoft-Windows-WwanProtDim_8ae583a328f2324fa39dea640c5846ee	354	0	task_0354(UnicodeString A10_ActivationStateToStringpContextStateContextStateActivationState, HexInt32 A11_pContextStateContextStateActivationState)		WWAN_TRACE_FLAG_DIM	task_0	Informational		
Microsoft-Windows-WwanProtDim_8ae583a328f2324fa39dea640c5846ee	355	0	task_0355(UnicodeString A10_VoiceCallStateToStringpContextStateContextStateVoiceCallState, HexInt32 A11_pContextStateContextStateVoiceCallState)		WWAN_TRACE_FLAG_DIM	task_0	Informational		
Microsoft-Windows-WwanProtDim_8ae583a328f2324fa39dea640c5846ee	356	0	task_0356(UnicodeString A10_IPTypeToStringpContextStateContextStateIPType, HexInt32 A11_pContextStateContextStateIPType)		WWAN_TRACE_FLAG_DIM	task_0	Informational		
Microsoft-Windows-WwanProtDim_8ae583a328f2324fa39dea640c5846ee	357	0	task_0357(UnicodeString A10_ConnectionMediaToStringpContextStateContextStateConnectionMedia, HexInt32 A11_pContextStateContextStateConnectionMedia)		WWAN_TRACE_FLAG_DIM	task_0	Informational		
Microsoft-Windows-WwanProtDim_8ae583a328f2324fa39dea640c5846ee	358	0	task_0358(UnicodeString A10_pContextStateContextStateAccessString)		WWAN_TRACE_FLAG_DIM	task_0	Informational		
Microsoft-Windows-WwanProtDim_8ae583a328f2324fa39dea640c5846ee	359	0	task_0359(HexInt32 A10_pContextStateContextStateFoundMatchingConnectionId)		WWAN_TRACE_FLAG_DIM	task_0	Informational		
Microsoft-Windows-WwanProtDim_8ae583a328f2324fa39dea640c5846ee	360	0	task_0360(HexInt32 A10_pContextStateContextStateTrafficParametersOffset)		WWAN_TRACE_FLAG_DIM	task_0	Informational		
Microsoft-Windows-WwanProtDim_8ae583a328f2324fa39dea640c5846ee	361	0	task_0361(HexInt32 A10_pContextStateContextStateTrafficParametersSize)		WWAN_TRACE_FLAG_DIM	task_0	Informational		
Microsoft-Windows-WwanProtDim_8ae583a328f2324fa39dea640c5846ee	362	0	task_0362(HexInt32 A10_len, HexInt32 A11_sizeofNDIS_WWAN_SMS_CONFIGURATION)		WWAN_TRACE_FLAG_DIM	task_0	Error		
Microsoft-Windows-WwanProtDim_8ae583a328f2324fa39dea640c5846ee	363	0	task_0363(HexInt32 A10_pNdisSmsConfigurationuStatus)		WWAN_TRACE_FLAG_DIM	task_0	Informational		
Microsoft-Windows-WwanProtDim_8ae583a328f2324fa39dea640c5846ee	364	0	task_0364(AnsiString A10_pNdisSmsConfigurationSmsConfigurationScAddress)		WWAN_TRACE_FLAG_DIM	task_0	Informational		
Microsoft-Windows-WwanProtDim_8ae583a328f2324fa39dea640c5846ee	365	0	task_0365(UnicodeString A10_SmsFormatToStringpNdisSmsConfigurationSmsConfigurationSmsFormat, HexInt32 A11_pNdisSmsConfigurationSmsConfigurationSmsFormat)		WWAN_TRACE_FLAG_DIM	task_0	Informational		
Microsoft-Windows-WwanProtDim_8ae583a328f2324fa39dea640c5846ee	366	0	task_0366(Int32 A10_pNdisSmsConfigurationSmsConfigurationulMaxMessageIndex)		WWAN_TRACE_FLAG_DIM	task_0	Informational		
Microsoft-Windows-WwanProtDim_8ae583a328f2324fa39dea640c5846ee	367	0	task_0367(HexInt32 A10_len, HexInt32 A11_sizeofNDIS_WWAN_SMS_RECEIVE)		WWAN_TRACE_FLAG_DIM	task_0	Error		
Microsoft-Windows-WwanProtDim_8ae583a328f2324fa39dea640c5846ee	368	0	task_0368(HexInt32 A10_pNdisSmsReceiveuStatus)		WWAN_TRACE_FLAG_DIM	task_0	Informational		
Microsoft-Windows-WwanProtDim_8ae583a328f2324fa39dea640c5846ee	369	0	task_0369(HexInt32 A10_len, HexInt32 A11_sizeofNDIS_WWAN_SMS_SEND_STATUS)		WWAN_TRACE_FLAG_DIM	task_0	Error		
Microsoft-Windows-WwanProtDim_8ae583a328f2324fa39dea640c5846ee	370	0	task_0370(HexInt32 A10_pNdisSmsSenduStatus)		WWAN_TRACE_FLAG_DIM	task_0	Informational		
Microsoft-Windows-WwanProtDim_8ae583a328f2324fa39dea640c5846ee	371	0	task_0371(Int32 A10_pNdisSmsSendMessageReference)		WWAN_TRACE_FLAG_DIM	task_0	Informational		
Microsoft-Windows-WwanProtDim_8ae583a328f2324fa39dea640c5846ee	372	0	task_0372(HexInt32 A10_len, HexInt32 A11_sizeofNDIS_WWAN_SMS_DELETE_STATUS)		WWAN_TRACE_FLAG_DIM	task_0	Error		
Microsoft-Windows-WwanProtDim_8ae583a328f2324fa39dea640c5846ee	373	0	task_0373(HexInt32 A10_pNdisSmsDeleteuStatus)		WWAN_TRACE_FLAG_DIM	task_0	Informational		
Microsoft-Windows-WwanProtDim_8ae583a328f2324fa39dea640c5846ee	374	0	task_0374(HexInt32 A10_len, HexInt32 A11_sizeofNDIS_WWAN_SMS_STATUS)		WWAN_TRACE_FLAG_DIM	task_0	Error		
Microsoft-Windows-WwanProtDim_8ae583a328f2324fa39dea640c5846ee	375	0	task_0375(HexInt32 A10_pNdisSmsStatusuStatus)		WWAN_TRACE_FLAG_DIM	task_0	Informational		
Microsoft-Windows-WwanProtDim_8ae583a328f2324fa39dea640c5846ee	376	0	task_0376(HexInt32 A10_pNdisSmsStatusSmsStatusuFlag)		WWAN_TRACE_FLAG_DIM	task_0	Informational		
Microsoft-Windows-WwanProtDim_8ae583a328f2324fa39dea640c5846ee	377	0	task_0377(Int32 A10_pNdisSmsStatusSmsStatusMessageIndex)		WWAN_TRACE_FLAG_DIM	task_0	Informational		
Microsoft-Windows-WwanProtDim_8ae583a328f2324fa39dea640c5846ee	378	0	task_0378(Int32 A10_len)		WWAN_TRACE_FLAG_DIM	task_0	Informational		
Microsoft-Windows-WwanProtDim_8ae583a328f2324fa39dea640c5846ee	379	0	task_0379(HexInt32 A10_len, HexInt32 A11_sizeofNDIS_WWAN_AUTH_RESPONSE)		WWAN_TRACE_FLAG_DIM	task_0	Error		
Microsoft-Windows-WwanProtDim_8ae583a328f2324fa39dea640c5846ee	380	0	task_0380(HexInt32 A10_pNdisAuthResponseuStatus)		WWAN_TRACE_FLAG_DIM	task_0	Informational		
Microsoft-Windows-WwanProtDim_8ae583a328f2324fa39dea640c5846ee	381	0	task_0381(HexInt32 A10_len, HexInt32 A11_sizeofNDIS_WWAN_USSD_EVENT)		WWAN_TRACE_FLAG_DIM	task_0	Error		
Microsoft-Windows-WwanProtDim_8ae583a328f2324fa39dea640c5846ee	382	0	task_0382(HexInt32 A10_pNdisUssdEventuStatus)		WWAN_TRACE_FLAG_DIM	task_0	Informational		
Microsoft-Windows-WwanProtDim_8ae583a328f2324fa39dea640c5846ee	383	0	task_0383()		WWAN_TRACE_FLAG_DIM	task_0	Informational		
Microsoft-Windows-WwanProtDim_8ae583a328f2324fa39dea640c5846ee	384	0	task_0384()		WWAN_TRACE_FLAG_DIM	task_0	Informational		
Microsoft-Windows-WwanProtDim_8ae583a328f2324fa39dea640c5846ee	385	0	task_0385()		WWAN_TRACE_FLAG_DIM	task_0	Informational		
Microsoft-Windows-WwanProtDim_8ae583a328f2324fa39dea640c5846ee	386	0	task_0386()		WWAN_TRACE_FLAG_DIM	task_0	Informational		
Microsoft-Windows-WwanProtDim_8ae583a328f2324fa39dea640c5846ee	387	0	task_0387()		WWAN_TRACE_FLAG_DIM	task_0	Informational		
Microsoft-Windows-WwanProtDim_8ae583a328f2324fa39dea640c5846ee	388	0	task_0388()		WWAN_TRACE_FLAG_DIM	task_0	Informational		
Microsoft-Windows-WwanProtDim_8ae583a328f2324fa39dea640c5846ee	389	0	task_0389(UInt32 A10_pNdisUssdEventUssdEventEventType)		WWAN_TRACE_FLAG_DIM	task_0	Informational		
Microsoft-Windows-WwanProtDim_8ae583a328f2324fa39dea640c5846ee	390	0	task_0390()		WWAN_TRACE_FLAG_DIM	task_0	Informational		
Microsoft-Windows-WwanProtDim_8ae583a328f2324fa39dea640c5846ee	391	0	task_0391()		WWAN_TRACE_FLAG_DIM	task_0	Informational		
Microsoft-Windows-WwanProtDim_8ae583a328f2324fa39dea640c5846ee	392	0	task_0392(UInt32 A10_pNdisUssdEventUssdEventSessionState)		WWAN_TRACE_FLAG_DIM	task_0	Informational		
Microsoft-Windows-WwanProtDim_8ae583a328f2324fa39dea640c5846ee	393	0	task_0393(HexInt32 A10_unsignedpNdisUssdEventUssdEventUssdStringDataCodingScheme)		WWAN_TRACE_FLAG_DIM	task_0	Informational		
Microsoft-Windows-WwanProtDim_8ae583a328f2324fa39dea640c5846ee	394	0	task_0394(UInt32 A10_unsignedpNdisUssdEventUssdEventUssdStringStringLength)		WWAN_TRACE_FLAG_DIM	task_0	Informational		
Microsoft-Windows-WwanProtDim_8ae583a328f2324fa39dea640c5846ee	395	0	task_0395(HexInt32 A10_len, HexInt32 A11_sizeofNDIS_WWAN_SUPPORTED_DEVICE_SERVICES)		WWAN_TRACE_FLAG_DIM	task_0	Error		
Microsoft-Windows-WwanProtDim_8ae583a328f2324fa39dea640c5846ee	396	0	task_0396(HexInt32 A10_pDeviceServicesuStatus)		WWAN_TRACE_FLAG_DIM	task_0	Informational		
Microsoft-Windows-WwanProtDim_8ae583a328f2324fa39dea640c5846ee	397	0	task_0397(HexInt32 A10_pDeviceServicesDeviceServicesuMaxCommandDataSize)		WWAN_TRACE_FLAG_DIM	task_0	Informational		
Microsoft-Windows-WwanProtDim_8ae583a328f2324fa39dea640c5846ee	398	0	task_0398(HexInt32 A10_pDeviceServicesDeviceServicesuMaxSessionDataSize)		WWAN_TRACE_FLAG_DIM	task_0	Informational		
Microsoft-Windows-WwanProtDim_8ae583a328f2324fa39dea640c5846ee	399	0	task_0399(HexInt32 A10_pDeviceServicesDeviceServicesuMaxSessionCount)		WWAN_TRACE_FLAG_DIM	task_0	Informational		
Microsoft-Windows-WwanProtDim_8ae583a328f2324fa39dea640c5846ee	400	0	task_0400(HexInt32 A10_pDeviceServicesDeviceServicesListHeaderElementType)		WWAN_TRACE_FLAG_DIM	task_0	Informational		
Microsoft-Windows-WwanProtDim_8ae583a328f2324fa39dea640c5846ee	401	0	task_0401(HexInt32 A10_pDeviceServicesDeviceServicesListHeaderElementCount)		WWAN_TRACE_FLAG_DIM	task_0	Informational		
Microsoft-Windows-WwanProtDim_8ae583a328f2324fa39dea640c5846ee	402	0	task_0402(GUID A10__pServiceEntryDeviceServiceGuid)		WWAN_TRACE_FLAG_DIM	task_0	Informational		
Microsoft-Windows-WwanProtDim_8ae583a328f2324fa39dea640c5846ee	403	0	task_0403(Int32 A10_pServiceEntryuMaxSessionInstances)		WWAN_TRACE_FLAG_DIM	task_0	Informational		
Microsoft-Windows-WwanProtDim_8ae583a328f2324fa39dea640c5846ee	404	0	task_0404(Int32 A10_pServiceEntrySessionCapability)		WWAN_TRACE_FLAG_DIM	task_0	Informational		
Microsoft-Windows-WwanProtDim_8ae583a328f2324fa39dea640c5846ee	405	0	task_0405(HexInt32 A10_len, HexInt32 A11_sizeofNDIS_WWAN_DEVICE_SERVICE_RESPONSE)		WWAN_TRACE_FLAG_DIM	task_0	Error		
Microsoft-Windows-WwanProtDim_8ae583a328f2324fa39dea640c5846ee	406	0	task_0406(HexInt32 A10_pDeviceServiceuStatus)		WWAN_TRACE_FLAG_DIM	task_0	Informational		
Microsoft-Windows-WwanProtDim_8ae583a328f2324fa39dea640c5846ee	407	0	task_0407(GUID A10__pDeviceServiceResponseDeviceServiceGuid)		WWAN_TRACE_FLAG_DIM	task_0	Informational		
Microsoft-Windows-WwanProtDim_8ae583a328f2324fa39dea640c5846ee	408	0	task_0408(HexInt32 A10_pDeviceServiceResponseResponseID)		WWAN_TRACE_FLAG_DIM	task_0	Informational		
Microsoft-Windows-WwanProtDim_8ae583a328f2324fa39dea640c5846ee	409	0	task_0409(Int32 A10_pDeviceServiceResponseuDataSize)		WWAN_TRACE_FLAG_DIM	task_0	Informational		
Microsoft-Windows-WwanProtDim_8ae583a328f2324fa39dea640c5846ee	410	0	task_0410(HexInt32 A10_len, HexInt32 A11_sizeofNDIS_WWAN_DEVICE_SERVICE_EVENT)		WWAN_TRACE_FLAG_DIM	task_0	Error		
Microsoft-Windows-WwanProtDim_8ae583a328f2324fa39dea640c5846ee	411	0	task_0411(GUID A10__pDeviceServiceEventDeviceServiceGuid)		WWAN_TRACE_FLAG_DIM	task_0	Informational		
Microsoft-Windows-WwanProtDim_8ae583a328f2324fa39dea640c5846ee	412	0	task_0412(HexInt32 A10_pDeviceServiceEventEventID)		WWAN_TRACE_FLAG_DIM	task_0	Informational		
Microsoft-Windows-WwanProtDim_8ae583a328f2324fa39dea640c5846ee	413	0	task_0413(Int32 A10_pDeviceServiceEventuDataSize)		WWAN_TRACE_FLAG_DIM	task_0	Informational		
Microsoft-Windows-WwanProtDim_8ae583a328f2324fa39dea640c5846ee	414	0	task_0414(HexInt32 A10_len, HexInt32 A11_sizeofNDIS_WWAN_DEVICE_SERVICE_SUBSCRIPTION)		WWAN_TRACE_FLAG_DIM	task_0	Error		
Microsoft-Windows-WwanProtDim_8ae583a328f2324fa39dea640c5846ee	415	0	task_0415(HexInt32 A10_pDeviceServiceuStatus)		WWAN_TRACE_FLAG_DIM	task_0	Informational		
Microsoft-Windows-WwanProtDim_8ae583a328f2324fa39dea640c5846ee	416	0	task_0416(HexInt32 A10_len, HexInt32 A11_sizeofNDIS_WWAN_DEVICE_SERVICE_SUPPORTED_COMMANDS)		WWAN_TRACE_FLAG_DIM	task_0	Error		
Microsoft-Windows-WwanProtDim_8ae583a328f2324fa39dea640c5846ee	417	0	task_0417(HexInt32 A10_pDsSupportedCmdsuStatus)		WWAN_TRACE_FLAG_DIM	task_0	Informational		
Microsoft-Windows-WwanProtDim_8ae583a328f2324fa39dea640c5846ee	418	0	task_0418(GUID A10__pDsSupportedCmdsSupportedCommandsDeviceServiceGuid)		WWAN_TRACE_FLAG_DIM	task_0	Informational		
Microsoft-Windows-WwanProtDim_8ae583a328f2324fa39dea640c5846ee	419	0	task_0419(HexInt32 A10_pDsSupportedCmdsSupportedCommandsListHeaderElementType)		WWAN_TRACE_FLAG_DIM	task_0	Informational		
Microsoft-Windows-WwanProtDim_8ae583a328f2324fa39dea640c5846ee	420	0	task_0420(HexInt32 A10_pDsSupportedCmdsSupportedCommandsListHeaderElementCount)		WWAN_TRACE_FLAG_DIM	task_0	Informational		
Microsoft-Windows-WwanProtDim_8ae583a328f2324fa39dea640c5846ee	421	0	task_0421(HexInt32 A10_pDsSupportedCmdsSupportedCommandsListHeaderElementCount, HexInt32 A11_sizeofULONG, HexInt32 A12_hr)		WWAN_TRACE_FLAG_DIM	task_0	Error		
Microsoft-Windows-WwanProtDim_8ae583a328f2324fa39dea640c5846ee	422	0	task_0422(HexInt32 A10_reqLen, HexInt32 A11_sizeofNDIS_WWAN_DEVICE_SERVICE_SUPPORTED_COMMANDS, HexInt32 A12_hr)		WWAN_TRACE_FLAG_DIM	task_0	Error		
Microsoft-Windows-WwanProtDim_8ae583a328f2324fa39dea640c5846ee	423	0	task_0423(HexInt32 A10_len, HexInt32 A11_reqLen)		WWAN_TRACE_FLAG_DIM	task_0	Error		
Microsoft-Windows-WwanProtDim_8ae583a328f2324fa39dea640c5846ee	424	0	task_0424(Int32 A10_pCmdcmdIndex)		WWAN_TRACE_FLAG_DIM	task_0	Informational		
Microsoft-Windows-WwanProtDim_8ae583a328f2324fa39dea640c5846ee	425	0	task_0425(HexInt32 A10_len, HexInt32 A11_rlen)		WWAN_TRACE_FLAG_DIM	task_0	Informational		
Microsoft-Windows-WwanProtDim_8ae583a328f2324fa39dea640c5846ee	426	0	task_0426(Int32 A10_pPowerState)		WWAN_TRACE_FLAG_DIM	task_0	Informational		
Microsoft-Windows-WwanProtDim_8ae583a328f2324fa39dea640c5846ee	427	0	task_0427()		WWAN_TRACE_FLAG_DIM	task_0	Informational		
Microsoft-Windows-WwanProtDim_8ae583a328f2324fa39dea640c5846ee	428	0	task_0428(HexInt32 A10_len, HexInt32 A11_rlen)		WWAN_TRACE_FLAG_DIM	task_0	Informational		
Microsoft-Windows-WwanProtDim_8ae583a328f2324fa39dea640c5846ee	429	0	task_0429(HexInt32 A10_pReadyInfoFlags)		WWAN_TRACE_FLAG_DIM	task_0	Informational		
Microsoft-Windows-WwanProtDim_8ae583a328f2324fa39dea640c5846ee	430	0	task_0430(HexInt32 A10_len, HexInt32 A11_rlen)		WWAN_TRACE_FLAG_DIM	task_0	Informational		
Microsoft-Windows-WwanProtDim_8ae583a328f2324fa39dea640c5846ee	431	0	task_0431(HexInt32 A10_pPreshutdownStateuStatus)		WWAN_TRACE_FLAG_DIM	task_0	Informational		
Microsoft-Windows-WwanProtDim_8ae583a328f2324fa39dea640c5846ee	432	0	task_0432(HexInt32 A10_len, HexInt32 A11_rlen)		WWAN_TRACE_FLAG_DIM	task_0	Informational		
Microsoft-Windows-WwanProtDim_8ae583a328f2324fa39dea640c5846ee	433	0	task_0433(HexInt32 A10_pPsMediaProfStateuStatus)		WWAN_TRACE_FLAG_DIM	task_0	Informational		
Microsoft-Windows-WwanProtDim_8ae583a328f2324fa39dea640c5846ee	434	0	task_0434(HexInt32 A10_pPsMediaProfStatenNumItems)		WWAN_TRACE_FLAG_DIM	task_0	Informational		
Microsoft-Windows-WwanProtDim_8ae583a328f2324fa39dea640c5846ee	435	0	task_0435(HexInt32 A10_len, HexInt32 A11_rlen)		WWAN_TRACE_FLAG_DIM	task_0	Informational		
Microsoft-Windows-WwanProtDim_8ae583a328f2324fa39dea640c5846ee	436	0	task_0436(HexInt32 A10_pSarConfiguStatus)		WWAN_TRACE_FLAG_DIM	task_0	Informational		
Microsoft-Windows-WwanProtDim_8ae583a328f2324fa39dea640c5846ee	437	0	task_0437(HexInt32 A10_pSarConfigSarConfigSarMode, HexInt32 A11_pSarConfigSarConfigSarBackoffStatus, HexInt32 A12_pSarConfigSarConfigSarWifiIntegration)		WWAN_TRACE_FLAG_DIM	task_0	Informational		
Microsoft-Windows-WwanProtDim_8ae583a328f2324fa39dea640c5846ee	438	0	task_0438(HexInt32 A10_pSarConfigSarConfigSarConfigIndexListHeaderElementCount, HexInt32 A11_pSarConfigSarConfigSarConfigIndexListHeaderElementType)		WWAN_TRACE_FLAG_DIM	task_0	Informational		
Microsoft-Windows-WwanProtDim_8ae583a328f2324fa39dea640c5846ee	439	0	task_0439(HexInt32 A10_len, HexInt32 A11_rlen)		WWAN_TRACE_FLAG_DIM	task_0	Informational		
Microsoft-Windows-WwanProtDim_8ae583a328f2324fa39dea640c5846ee	440	0	task_0440(HexInt32 A10_pTransmissionStatusuStatus)		WWAN_TRACE_FLAG_DIM	task_0	Informational		
Microsoft-Windows-WwanProtDim_8ae583a328f2324fa39dea640c5846ee	441	0	task_0441(HexInt32 A10_pTransmissionStatusTransmissionStatusChannelNotification, HexInt32 A11_pTransmissionStatusTransmissionStatusTransmissionStatus, HexInt32 A12_pTransmissionStatusTransmissionStatusHysteresisTimer)		WWAN_TRACE_FLAG_DIM	task_0	Informational		
Microsoft-Windows-WwanProtDim_8ae583a328f2324fa39dea640c5846ee	442	0	task_0442(HexInt32 A10_len, HexInt32 A11_rlen)		WWAN_TRACE_FLAG_DIM	task_0	Informational		
Microsoft-Windows-WwanProtDim_8ae583a328f2324fa39dea640c5846ee	443	0	task_0443(HexInt32 A10_pLteAttachContextuStatus)		WWAN_TRACE_FLAG_DIM	task_0	Informational		
Microsoft-Windows-WwanProtDim_8ae583a328f2324fa39dea640c5846ee	444	0	task_0444(HexInt32 A10_len, HexInt32 A11_rlen)		WWAN_TRACE_FLAG_DIM	task_0	Informational		
Microsoft-Windows-WwanProtDim_8ae583a328f2324fa39dea640c5846ee	445	0	task_0445(HexInt32 A10_pLteAttachStatusuStatus)		WWAN_TRACE_FLAG_DIM	task_0	Informational		
Microsoft-Windows-WwanProtDim_8ae583a328f2324fa39dea640c5846ee	446	0	task_0446(HexInt32 A10_len, HexInt32 A11_rlen)		WWAN_TRACE_FLAG_DIM	task_0	Informational		
Microsoft-Windows-WwanProtDim_8ae583a328f2324fa39dea640c5846ee	447	0	task_0447(HexInt32 A10_pSysCapuStatus)		WWAN_TRACE_FLAG_DIM	task_0	Informational		
Microsoft-Windows-WwanProtDim_8ae583a328f2324fa39dea640c5846ee	448	0	task_0448(HexInt32 A10_pSysCapSysCapsInfoNumberOfExecutors)		WWAN_TRACE_FLAG_DIM	task_0	Informational		
Microsoft-Windows-WwanProtDim_8ae583a328f2324fa39dea640c5846ee	449	0	task_0449(HexInt32 A10_pSysCapSysCapsInfoNumberOfSlots)		WWAN_TRACE_FLAG_DIM	task_0	Informational		
Microsoft-Windows-WwanProtDim_8ae583a328f2324fa39dea640c5846ee	450	0	task_0450(HexInt32 A10_pSysCapSysCapsInfoConcurrency)		WWAN_TRACE_FLAG_DIM	task_0	Informational		
Microsoft-Windows-WwanProtDim_8ae583a328f2324fa39dea640c5846ee	451	0	task_0451(HexInt32 A10_ULONGpSysCapSysCapsInfoModemID32, HexInt32 A11_ULONGpSysCapSysCapsInfoModemID)		WWAN_TRACE_FLAG_DIM	task_0	Informational		
Microsoft-Windows-WwanProtDim_8ae583a328f2324fa39dea640c5846ee	452	0	task_0452(HexInt32 A10_len, HexInt32 A11_rlen)		WWAN_TRACE_FLAG_DIM	task_0	Informational		
Microsoft-Windows-WwanProtDim_8ae583a328f2324fa39dea640c5846ee	453	0	task_0453(HexInt32 A10_pSlotMappinguStatus)		WWAN_TRACE_FLAG_DIM	task_0	Informational		
Microsoft-Windows-WwanProtDim_8ae583a328f2324fa39dea640c5846ee	454	0	task_0454(HexInt32 A10_pSlotMappingDeviceSlotMappingInfoSlotMapListHeaderElementType)		WWAN_TRACE_FLAG_DIM	task_0	Informational		
Microsoft-Windows-WwanProtDim_8ae583a328f2324fa39dea640c5846ee	455	0	task_0455(HexInt32 A10_pSlotMappingDeviceSlotMappingInfoSlotMapListHeaderElementCount)		WWAN_TRACE_FLAG_DIM	task_0	Informational		
Microsoft-Windows-WwanProtDim_8ae583a328f2324fa39dea640c5846ee	456	0	task_0456(Int32 A10_i, Int32 A11_pMap)		WWAN_TRACE_FLAG_DIM	task_0	Informational		
Microsoft-Windows-WwanProtDim_8ae583a328f2324fa39dea640c5846ee	457	0	task_0457(HexInt32 A10_len, HexInt32 A11_rlen)		WWAN_TRACE_FLAG_DIM	task_0	Informational		
Microsoft-Windows-WwanProtDim_8ae583a328f2324fa39dea640c5846ee	458	0	task_0458(HexInt32 A10_pSlotInfouStatus)		WWAN_TRACE_FLAG_DIM	task_0	Informational		
Microsoft-Windows-WwanProtDim_8ae583a328f2324fa39dea640c5846ee	459	0	task_0459(HexInt32 A10_pSlotInfoSlotInfoSlotIndex)		WWAN_TRACE_FLAG_DIM	task_0	Informational		
Microsoft-Windows-WwanProtDim_8ae583a328f2324fa39dea640c5846ee	460	0	task_0460(UnicodeString A10_SlotStateToStringpSlotInfoSlotInfoState, HexInt32 A11_pSlotInfoSlotInfoState)		WWAN_TRACE_FLAG_DIM	task_0	Informational		
Microsoft-Windows-WwanProtDim_8ae583a328f2324fa39dea640c5846ee	461	0	task_0461(HexInt32 A10_len)		WWAN_TRACE_FLAG_DIM	task_0	Error		
Microsoft-Windows-WwanProtDim_8ae583a328f2324fa39dea640c5846ee	462	0	task_0462(Int32 A10_pDeviceCapsHeaderRevision)		WWAN_TRACE_FLAG_DIM	task_0	Informational		
Microsoft-Windows-WwanProtDim_8ae583a328f2324fa39dea640c5846ee	463	0	task_0463(HexInt32 A10_len, HexInt32 A11_rlen)		WWAN_TRACE_FLAG_DIM	task_0	Informational		
Microsoft-Windows-WwanProtDim_8ae583a328f2324fa39dea640c5846ee	464	0	task_0464(HexInt32 A10_pDeviceCapsuStatus)		WWAN_TRACE_FLAG_DIM	task_0	Informational		
Microsoft-Windows-WwanProtDim_8ae583a328f2324fa39dea640c5846ee	465	0	task_0465(UnicodeString A10_DeviceTypeToStringpCapsWwanDeviceType, HexInt32 A11_pCapsWwanDeviceType)		WWAN_TRACE_FLAG_DIM	task_0	Informational		
Microsoft-Windows-WwanProtDim_8ae583a328f2324fa39dea640c5846ee	466	0	task_0466(UnicodeString A10_CellularClassToStringpCapsWwanCellularClass, HexInt32 A11_pCapsWwanCellularClass)		WWAN_TRACE_FLAG_DIM	task_0	Informational		
Microsoft-Windows-WwanProtDim_8ae583a328f2324fa39dea640c5846ee	467	0	task_0467(UnicodeString A10_VoiceClassToStringpCapsWwanVoiceClass, HexInt32 A11_pCapsWwanVoiceClass)		WWAN_TRACE_FLAG_DIM	task_0	Informational		
Microsoft-Windows-WwanProtDim_8ae583a328f2324fa39dea640c5846ee	468	0	task_0468(UnicodeString A10_SimClassToStringpCapsWwanSimClass, HexInt32 A11_pCapsWwanSimClass)		WWAN_TRACE_FLAG_DIM	task_0	Informational		
Microsoft-Windows-WwanProtDim_8ae583a328f2324fa39dea640c5846ee	469	0	task_0469(UnicodeString A10_DataClassToStringInBuffpCapsWwanDataClassBuffMAX_BUFFER_STRING, HexInt32 A11_pCapsWwanDataClass)		WWAN_TRACE_FLAG_DIM	task_0	Informational		
Microsoft-Windows-WwanProtDim_8ae583a328f2324fa39dea640c5846ee	470	0	task_0470(UnicodeString A10_pCapsWwanDataClass_WWAN_DATA_CLASS_CUSTOMpCapsCustomDataClassLNOTUSEDFIELD)		WWAN_TRACE_FLAG_DIM	task_0	Informational		
Microsoft-Windows-WwanProtDim_8ae583a328f2324fa39dea640c5846ee	471	0	task_0471(UnicodeString A10_DataSubClassToStringInBuffULONGpDeviceCapsDeviceCapsWwanDataSubClassBuffMAX_BUFFER_STRING, HexInt32 A11_ULONGpDeviceCapsDeviceCapsWwanDataSubClass)		WWAN_TRACE_FLAG_DIM	task_0	Informational		
Microsoft-Windows-WwanProtDim_8ae583a328f2324fa39dea640c5846ee	472	0	task_0472(UnicodeString A10_GsmBandClassToStringInBuffpCapsWwanGsmBandClassBuffMAX_BUFFER_STRING, HexInt32 A11_pCapsWwanGsmBandClass)		WWAN_TRACE_FLAG_DIM	task_0	Informational		
Microsoft-Windows-WwanProtDim_8ae583a328f2324fa39dea640c5846ee	473	0	task_0473(UnicodeString A10_CdmaBandClassToStringInBuffpCapsWwanCdmaBandClassBuffMAX_BUFFER_STRING, HexInt32 A11_pCapsWwanCdmaBandClass)		WWAN_TRACE_FLAG_DIM	task_0	Informational		
Microsoft-Windows-WwanProtDim_8ae583a328f2324fa39dea640c5846ee	474	0	task_0474(UnicodeString A10_SmsCapsToStringInBuffpCapsWwanSmsCapsBuffMAX_BUFFER_STRING, HexInt32 A11_pCapsWwanSmsCaps)		WWAN_TRACE_FLAG_DIM	task_0	Informational		
Microsoft-Windows-WwanProtDim_8ae583a328f2324fa39dea640c5846ee	475	0	task_0475(UnicodeString A10_ControlCapsToStringInBuffpCapsWwanControlCapsBuffMAX_BUFFER_STRING, HexInt32 A11_pCapsWwanControlCaps)		WWAN_TRACE_FLAG_DIM	task_0	Informational		
Microsoft-Windows-WwanProtDim_8ae583a328f2324fa39dea640c5846ee	476	0	task_0476(UnicodeString A10_AuthAlgoCapsToStringInBuffpCapsWwanAuthAlgoCapsBuffMAX_BUFFER_STRING, HexInt32 A11_pCapsWwanControlCaps)		WWAN_TRACE_FLAG_DIM	task_0	Informational		
Microsoft-Windows-WwanProtDim_8ae583a328f2324fa39dea640c5846ee	477	0	task_0477(UnicodeString A10_ElementTypeToStringpCapsCellularClassListHeaderElementType, HexInt32 A11_pCapsCellularClassListHeaderElementType)		WWAN_TRACE_FLAG_DIM	task_0	Informational		
Microsoft-Windows-WwanProtDim_8ae583a328f2324fa39dea640c5846ee	478	0	task_0478(HexInt32 A10_pCapsCellularClassListHeaderElementCount)		WWAN_TRACE_FLAG_DIM	task_0	Informational		
Microsoft-Windows-WwanProtDim_8ae583a328f2324fa39dea640c5846ee	479	0	task_0479(UnicodeString A10_pCapsDeviceId)		WWAN_TRACE_FLAG_DIM	task_0	Informational		
Microsoft-Windows-WwanProtDim_8ae583a328f2324fa39dea640c5846ee	480	0	task_0480(UnicodeString A10_pCapsManufacturer)		WWAN_TRACE_FLAG_DIM	task_0	Informational		
Microsoft-Windows-WwanProtDim_8ae583a328f2324fa39dea640c5846ee	481	0	task_0481(UnicodeString A10_pCapsModel)		WWAN_TRACE_FLAG_DIM	task_0	Informational		
Microsoft-Windows-WwanProtDim_8ae583a328f2324fa39dea640c5846ee	482	0	task_0482(UnicodeString A10_pCapsFirmwareInfo)		WWAN_TRACE_FLAG_DIM	task_0	Informational		
Microsoft-Windows-WwanProtDim_8ae583a328f2324fa39dea640c5846ee	483	0	task_0483(HexInt32 A10_pCapsMaxActivatedContexts)		WWAN_TRACE_FLAG_DIM	task_0	Informational		
Microsoft-Windows-WwanProtDim_8ae583a328f2324fa39dea640c5846ee	484	0	task_0484(HexInt32 A10_pCapsExecutorIndex)		WWAN_TRACE_FLAG_DIM	task_0	Informational		
Microsoft-Windows-WwanProtDim_8ae583a328f2324fa39dea640c5846ee	485	0	task_0485()		WWAN_TRACE_FLAG_DIM	task_0	Informational		
Microsoft-Windows-WwanProtDim_8ae583a328f2324fa39dea640c5846ee	486	0	task_0486(UnicodeString A10_LSupported)		WWAN_TRACE_FLAG_DIM	task_0	Informational		
Microsoft-Windows-WwanProtDim_8ae583a328f2324fa39dea640c5846ee	487	0	task_0487(UnicodeString A10_LNotSupported)		WWAN_TRACE_FLAG_DIM	task_0	Informational		
Microsoft-Windows-WwanProtDim_8ae583a328f2324fa39dea640c5846ee	488	0	task_0488(UnicodeString A10_LSupported)		WWAN_TRACE_FLAG_DIM	task_0	Informational		
Microsoft-Windows-WwanProtDim_8ae583a328f2324fa39dea640c5846ee	489	0	task_0489(UnicodeString A10_LNotSupported)		WWAN_TRACE_FLAG_DIM	task_0	Informational		
Microsoft-Windows-WwanProtDim_8ae583a328f2324fa39dea640c5846ee	490	0	task_0490(UnicodeString A10_LSupported)		WWAN_TRACE_FLAG_DIM	task_0	Informational		
Microsoft-Windows-WwanProtDim_8ae583a328f2324fa39dea640c5846ee	491	0	task_0491(UnicodeString A10_LNotSupported)		WWAN_TRACE_FLAG_DIM	task_0	Informational		
Microsoft-Windows-WwanProtDim_8ae583a328f2324fa39dea640c5846ee	492	0	task_0492(UnicodeString A10_LSupported)		WWAN_TRACE_FLAG_DIM	task_0	Informational		
Microsoft-Windows-WwanProtDim_8ae583a328f2324fa39dea640c5846ee	493	0	task_0493(UnicodeString A10_LNotSupported)		WWAN_TRACE_FLAG_DIM	task_0	Informational		
Microsoft-Windows-WwanProtDim_8ae583a328f2324fa39dea640c5846ee	494	0	task_0494(UnicodeString A10_LSupported)		WWAN_TRACE_FLAG_DIM	task_0	Informational		
Microsoft-Windows-WwanProtDim_8ae583a328f2324fa39dea640c5846ee	495	0	task_0495(UnicodeString A10_LNotSupported)		WWAN_TRACE_FLAG_DIM	task_0	Informational		
Microsoft-Windows-WwanProtDim_8ae583a328f2324fa39dea640c5846ee	496	0	task_0496(UnicodeString A10_LSupported)		WWAN_TRACE_FLAG_DIM	task_0	Informational		
Microsoft-Windows-WwanProtDim_8ae583a328f2324fa39dea640c5846ee	497	0	task_0497(UnicodeString A10_LNotSupported)		WWAN_TRACE_FLAG_DIM	task_0	Informational		
Microsoft-Windows-WwanProtDim_8ae583a328f2324fa39dea640c5846ee	498	0	task_0498(UnicodeString A10_LSupported)		WWAN_TRACE_FLAG_DIM	task_0	Informational		
Microsoft-Windows-WwanProtDim_8ae583a328f2324fa39dea640c5846ee	499	0	task_0499(UnicodeString A10_LNotSupported)		WWAN_TRACE_FLAG_DIM	task_0	Informational		
Microsoft-Windows-WwanProtDim_8ae583a328f2324fa39dea640c5846ee	500	0	task_0500(UnicodeString A10_LSupported)		WWAN_TRACE_FLAG_DIM	task_0	Informational		
Microsoft-Windows-WwanProtDim_8ae583a328f2324fa39dea640c5846ee	501	0	task_0501(UnicodeString A10_LNotSupported)		WWAN_TRACE_FLAG_DIM	task_0	Informational		
Microsoft-Windows-WwanProtDim_8ae583a328f2324fa39dea640c5846ee	502	0	task_0502(UnicodeString A10_LSupported)		WWAN_TRACE_FLAG_DIM	task_0	Informational		
Microsoft-Windows-WwanProtDim_8ae583a328f2324fa39dea640c5846ee	503	0	task_0503(UnicodeString A10_LNotSupported)		WWAN_TRACE_FLAG_DIM	task_0	Informational		
Microsoft-Windows-WwanProtDim_8ae583a328f2324fa39dea640c5846ee	504	0	task_0504(UnicodeString A10_LSupported)		WWAN_TRACE_FLAG_DIM	task_0	Informational		
Microsoft-Windows-WwanProtDim_8ae583a328f2324fa39dea640c5846ee	505	0	task_0505(UnicodeString A10_LNotSupported)		WWAN_TRACE_FLAG_DIM	task_0	Informational		
Microsoft-Windows-WwanProtDim_8ae583a328f2324fa39dea640c5846ee	506	0	task_0506(UnicodeString A10_LSupported)		WWAN_TRACE_FLAG_DIM	task_0	Informational		
Microsoft-Windows-WwanProtDim_8ae583a328f2324fa39dea640c5846ee	507	0	task_0507(UnicodeString A10_LNotSupported)		WWAN_TRACE_FLAG_DIM	task_0	Informational		
Microsoft-Windows-WwanProtDim_8ae583a328f2324fa39dea640c5846ee	508	0	task_0508(HexInt32 A10_len, HexInt32 A11_rlen)		WWAN_TRACE_FLAG_DIM	task_0	Informational		
Microsoft-Windows-WwanProtDim_8ae583a328f2324fa39dea640c5846ee	509	0	task_0509(HexInt32 A10_pModemConfigStatusuStatus)		WWAN_TRACE_FLAG_DIM	task_0	Informational		
Microsoft-Windows-WwanProtDim_8ae583a328f2324fa39dea640c5846ee	510	0	task_0510(UnicodeString A10_ModemConfigModeToStringconfigInfoConfigMode, HexInt32 A11_configInfoConfigMode)		WWAN_TRACE_FLAG_DIM	task_0	Informational		
Microsoft-Windows-WwanProtDim_8ae583a328f2324fa39dea640c5846ee	511	0	task_0511(UnicodeString A10_ModemConfigStatusToStringconfigInfoConfigState, HexInt32 A11_configInfoConfigState)		WWAN_TRACE_FLAG_DIM	task_0	Informational		
Microsoft-Windows-WwanProtDim_8ae583a328f2324fa39dea640c5846ee	512	0	task_0512(UnicodeString A10_ModemConfigReasonToStringconfigInfoConfigReason, HexInt32 A11_configInfoConfigReason)		WWAN_TRACE_FLAG_DIM	task_0	Informational		
Microsoft-Windows-WwanProtDim_8ae583a328f2324fa39dea640c5846ee	513	0	task_0513(HexInt32 A10_configInfoPreviousConfigIDConfigIdLen)		WWAN_TRACE_FLAG_DIM	task_0	Informational		
Microsoft-Windows-WwanProtDim_8ae583a328f2324fa39dea640c5846ee	514	0	task_0514(AnsiString A10_ModemConfigIDToStringconfigInfoPreviousConfigIDConfigIdLenconfigInfoPreviousConfigIDConfigIdasciiString)		WWAN_TRACE_FLAG_DIM	task_0	Informational		
Microsoft-Windows-WwanProtDim_8ae583a328f2324fa39dea640c5846ee	515	0	task_0515(HexInt32 A10_configInfoCurrentConfigIDConfigIdLen)		WWAN_TRACE_FLAG_DIM	task_0	Informational		
Microsoft-Windows-WwanProtDim_8ae583a328f2324fa39dea640c5846ee	516	0	task_0516(AnsiString A10_ModemConfigIDToStringconfigInfoCurrentConfigIDConfigIdLenconfigInfoCurrentConfigIDConfigIdasciiString)		WWAN_TRACE_FLAG_DIM	task_0	Informational		
Microsoft-Windows-WwanProtDim_8ae583a328f2324fa39dea640c5846ee	517	0	task_0517(UnicodeString A10_configInfoIsCurrentConfigDefaultLTrueLFalse)		WWAN_TRACE_FLAG_DIM	task_0	Informational		
Microsoft-Windows-WwanProtDim_8ae583a328f2324fa39dea640c5846ee	518	0	task_0518(UnicodeString A10_configInfoConfigName)		WWAN_TRACE_FLAG_DIM	task_0	Informational		
Microsoft-Windows-WwanProtDim_8ae583a328f2324fa39dea640c5846ee	519	0	task_0519(UnicodeString A10_ElementTypeToStringconfigInfoNSSAIListHeaderElementType, HexInt32 A11_configInfoNSSAIListHeaderElementType)		WWAN_TRACE_FLAG_DIM	task_0	Informational		
Microsoft-Windows-WwanProtDim_8ae583a328f2324fa39dea640c5846ee	520	0	task_0520(HexInt32 A10_configInfoNSSAIListHeaderElementCount)		WWAN_TRACE_FLAG_DIM	task_0	Informational		
Microsoft-Windows-WwanProtDim_8ae583a328f2324fa39dea640c5846ee	521	0	task_0521(HexInt32 A10_len, HexInt32 A11_rlen)		WWAN_TRACE_FLAG_DIM	task_0	Informational		
Microsoft-Windows-WwanProtDim_8ae583a328f2324fa39dea640c5846ee	522	0	task_0522(HexInt32 A10_pNdisBaseStationsInfouStatus)		WWAN_TRACE_FLAG_DIM	task_0	Informational		
Microsoft-Windows-WwanProtDim_8ae583a328f2324fa39dea640c5846ee	523	0	task_0523(UnicodeString A10_DataClassToStringInBuffpBaseStationsInfoSystemTypeBuffMAX_BUFFER_STRING)		WWAN_TRACE_FLAG_DIM	task_0	Informational		
Microsoft-Windows-WwanProtDim_8ae583a328f2324fa39dea640c5846ee	524	0	task_0524(Int32 A10_pBaseStationsInfoGSMServingCellSize10, Int32 A11_neighboringCellCount)		WWAN_TRACE_FLAG_DIM	task_0	Informational		
Microsoft-Windows-WwanProtDim_8ae583a328f2324fa39dea640c5846ee	525	0	task_0525(Int32 A10_pBaseStationsInfoUMTSServingCellSize10, Int32 A11_neighboringCellCount)		WWAN_TRACE_FLAG_DIM	task_0	Informational		
Microsoft-Windows-WwanProtDim_8ae583a328f2324fa39dea640c5846ee	526	0	task_0526(Int32 A10_pBaseStationsInfoTDSCDMAServingCellSize10, Int32 A11_neighboringCellCount)		WWAN_TRACE_FLAG_DIM	task_0	Informational		
Microsoft-Windows-WwanProtDim_8ae583a328f2324fa39dea640c5846ee	527	0	task_0527(Int32 A10_pBaseStationsInfoLTEServingCellSize10, Int32 A11_neighboringCellCount)		WWAN_TRACE_FLAG_DIM	task_0	Informational		
Microsoft-Windows-WwanProtDim_8ae583a328f2324fa39dea640c5846ee	528	0	task_0528(Int32 A10_neighboringCellCount)		WWAN_TRACE_FLAG_DIM	task_0	Informational		
Microsoft-Windows-WwanProtDim_8ae583a328f2324fa39dea640c5846ee	529	0	task_0529(HexInt32 A10_len, HexInt32 A11_rlen)		WWAN_TRACE_FLAG_DIM	task_0	Informational		
Microsoft-Windows-WwanProtDim_8ae583a328f2324fa39dea640c5846ee	530	0	task_0530(HexInt32 A10_pMPDPStateuStatus, Int32 A11_pMPDPStateInfoOperation, GUID A12__pMPDPStateInfoChildInterfaceGUID)		WWAN_TRACE_FLAG_DIM	task_0	Informational		
Microsoft-Windows-WwanProtDim_8ae583a328f2324fa39dea640c5846ee	531	0	task_0531(HexInt32 A10_len, HexInt32 A11_rlen)		WWAN_TRACE_FLAG_DIM	task_0	Informational		
Microsoft-Windows-WwanProtDim_8ae583a328f2324fa39dea640c5846ee	532	0	task_0532(HexInt32 A10_pMPDPListuStatus, Int32 A11_pMPDPListChildInterfaceListElementType, Int32 A12_pMPDPListChildInterfaceListElementCount)		WWAN_TRACE_FLAG_DIM	task_0	Informational		
Microsoft-Windows-WwanProtDim_8ae583a328f2324fa39dea640c5846ee	533	0	task_0533(Int32 A10_pMPDPListChildInterfaceListElementType, Int32 A11_WwanStructMPDPChildInterface)		WWAN_TRACE_FLAG_DIM	task_0	Informational		
Microsoft-Windows-WwanProtDim_8ae583a328f2324fa39dea640c5846ee	534	0	task_0534(HexInt32 A10_len, HexInt32 A11_pMPDPListChildInterfaceListElementCount)		WWAN_TRACE_FLAG_DIM	task_0	Informational		
Microsoft-Windows-WwanProtDim_8ae583a328f2324fa39dea640c5846ee	535	0	task_0535(Int32 A10_i1, GUID A11_pGuid)		WWAN_TRACE_FLAG_DIM	task_0	Informational		
Microsoft-Windows-WwanProtDim_8ae583a328f2324fa39dea640c5846ee	536	0	task_0536(HexInt32 A10_len, HexInt32 A11_rlen)		WWAN_TRACE_FLAG_DIM	task_0	Informational		
Microsoft-Windows-WwanProtDim_8ae583a328f2324fa39dea640c5846ee	537	0	task_0537(HexInt32 A10_pNitzInfouStatus, Int32 A11_pNitzInfoNitzInfoYear, Int32 A12_pNitzInfoNitzInfoMonth, Int32 A13_pNitzInfoNitzInfoDay, Int32 A14_pNitzInfoNitzInfoHour, Int32 A15_pNitzInfoNitzInfoMinute, Int32 A16_pNitzInfoNitzInfoSecond, Int32 A17_pNitzInfoNitzInfoTimeZoneOffsetMinutes, Int32 A18_pNitzInfoNitzInfoDaylightSavingTimeOffsetMinutes, Int32 A19_pNitzInfoNitzInfoDataClasses)		WWAN_TRACE_FLAG_DIM	task_0	Informational		
Microsoft-Windows-WwanProtDim_8ae583a328f2324fa39dea640c5846ee	538	0	task_0538(HexInt32 A10_len, HexInt32 A11_rlen)		WWAN_TRACE_FLAG_DIM	task_0	Informational		
Microsoft-Windows-WwanProtDim_8ae583a328f2324fa39dea640c5846ee	539	0	task_0539(HexInt32 A10_pAppListuStatus, Int32 A11_pAppListUiccAppListVersion, Int32 A12_pAppListUiccAppListAppCount, Int32 A13_pAppListUiccAppListActiveAppIndex, Int32 A14_pAppListUiccAppListAppListSize)		WWAN_TRACE_FLAG_DIM	task_0	Informational		
Microsoft-Windows-WwanProtDim_8ae583a328f2324fa39dea640c5846ee	540	0	task_0540(Int32 A10_appIndex1, UnicodeString A11_UiccAppTypeToStringpAppInfoAppType, AnsiString A12_AppIDToStringpAppInfoAppIdSizepAppInfoAppIdappIdString, AnsiString A13_pAppInfoAppName, Int32 A14_pAppInfoNumPins)		WWAN_TRACE_FLAG_DIM	task_0	Informational		
Microsoft-Windows-WwanProtDim_8ae583a328f2324fa39dea640c5846ee	541	0	task_0541(HexInt32 A10_len, HexInt32 A11_rlen)		WWAN_TRACE_FLAG_DIM	task_0	Informational		
Microsoft-Windows-WwanProtDim_8ae583a328f2324fa39dea640c5846ee	542	0	task_0542(HexInt32 A10_pFileStatusuStatus, Int32 A11_pFileStatusUiccFileStatusVersion, Int32 A12_pFileStatusUiccFileStatusStatusWord1, Int32 A13_pFileStatusUiccFileStatusStatusWord2, UnicodeString A14_UiccFileAccessibilityToStringpFileStatusUiccFileStatusFileAccessibility, UnicodeString A15_UiccFileTypeToStringpFileStatusUiccFileStatusFileType, UnicodeString A16_UiccFileStructureToStringpFileStatusUiccFileStatusFileStructure, Int32 A17_pFileStatusUiccFileStatusItemCount, Int32 A18_pFileStatusUiccFileStatusItemSize)		WWAN_TRACE_FLAG_DIM	task_0	Informational		
Microsoft-Windows-WwanProtDim_8ae583a328f2324fa39dea640c5846ee	543	0	task_0543(Int32 A10_i1, UnicodeString A11_PinTypeToStringpFileStatusUiccFileStatusFileLockStatusi)		WWAN_TRACE_FLAG_DIM	task_0	Informational		
Microsoft-Windows-WwanProtDim_8ae583a328f2324fa39dea640c5846ee	544	0	task_0544(HexInt32 A10_len, HexInt32 A11_rlen)		WWAN_TRACE_FLAG_DIM	task_0	Informational		
Microsoft-Windows-WwanProtDim_8ae583a328f2324fa39dea640c5846ee	545	0	task_0545(HexInt32 A10_pUiccResponseuStatus, Int32 A11_pUiccResponseUiccResponseStatusWord1, Int32 A12_pUiccResponseUiccResponseStatusWord2, Int32 A13_pUiccResponseUiccResponseResponseDataSize)		WWAN_TRACE_FLAG_DIM	task_0	Informational		
Microsoft-Windows-WwanProtDim_8ae583a328f2324fa39dea640c5846ee	546	0	task_0546(HexInt32 A10_len, HexInt32 A11_rlen)		WWAN_TRACE_FLAG_DIM	task_0	Informational		
Microsoft-Windows-WwanProtDim_8ae583a328f2324fa39dea640c5846ee	547	0	task_0547(HexInt32 A10_pModemLoggingConfiguStatus, UInt32 A11_pModemLoggingConfigModemLoggingConfigVersion, UInt32 A12_pModemLoggingConfigModemLoggingConfigMaxSegmentSize, UInt32 A13_pModemLoggingConfigModemLoggingConfigMaxFlushTime, UnicodeString A14_LevelConfigToStringpModemLoggingConfigModemLoggingConfigLevelConfig)		WWAN_TRACE_FLAG_DIM	task_0	Informational		
Microsoft-Windows-WwanProtDim_8ae583a328f2324fa39dea640c5846ee	548	0	task_0548(HexInt32 A10_len, HexInt32 A11_rlen)		WWAN_TRACE_FLAG_DIM	task_0	Informational		
Microsoft-Windows-WwanProtDim_8ae583a328f2324fa39dea640c5846ee	549	0	task_0549(HexInt32 A10_pRegParamsuStatus, UInt32 A11_pRegParamsRegisterParamsInfoMicoMode, UInt32 A12_pRegParamsRegisterParamsInfoDRXParam, UInt32 A13_pRegParamsRegisterParamsInfoLADNInfo)		WWAN_TRACE_FLAG_DIM	task_0	Informational		
Microsoft-Windows-WwanProtDim_8ae583a328f2324fa39dea640c5846ee	550	0	task_0550(Int32 A10_len, Int32 A11_rlen)		WWAN_TRACE_FLAG_DIM	task_0	Informational		
Microsoft-Windows-WwanProtDim_8ae583a328f2324fa39dea640c5846ee	551	0	task_0551(Int32 A10_len, Int32 A11_rlen, Int32 A12_pNwParamsNetworkParamsInfoTaiListSize, Int32 A13_pNwParamsNetworkParamsInfoAllowedNssaiListSize, Int32 A14_pNwParamsNetworkParamsInfoConfiguredNssaiListSize, Int32 A15_pNwParamsNetworkParamsInfoRejectedNssaiListSize, Int32 A16_pNwParamsNetworkParamsInfoDefaultConfiguredNssaiListSize, Int32 A17_pNwParamsNetworkParamsInfoLadnListSize)		WWAN_TRACE_FLAG_DIM	task_0	Informational		
Microsoft-Windows-WwanProtDim_8ae583a328f2324fa39dea640c5846ee	552	0	task_0552(HexInt32 A10_pNwParamsuStatus, UInt32 A11_pNwParamsNetworkParamsInfoCurrentMicoIndication, UInt32 A12_pNwParamsNetworkParamsInfoCurrentDRXParams, UInt32 A13_pNwParamsNetworkParamsInfoTaiListSize, UInt32 A14_pNwParamsNetworkParamsInfoAllowedNssaiListSize, UInt32 A15_pNwParamsNetworkParamsInfoConfiguredNssaiListSize, UInt32 A16_pNwParamsNetworkParamsInfoRejectedNssaiListSize, UInt32 A17_pNwParamsNetworkParamsInfoDefaultConfiguredNssaiListSize, UInt32 A18_pNwParamsNetworkParamsInfoLadnListSize)		WWAN_TRACE_FLAG_DIM	task_0	Informational		
Microsoft-Windows-WwanProtDim_8ae583a328f2324fa39dea640c5846ee	553	0	task_0553(HexInt32 A10_len, HexInt32 A11_rlen)		WWAN_TRACE_FLAG_DIM	task_0	Informational		
Microsoft-Windows-WwanProtDim_8ae583a328f2324fa39dea640c5846ee	554	0	task_0554(HexInt32 A10_pUePolicyuStatus, UInt32 A11_pUePolicyUePolicyInfoRawTdOnlyDataOffset, UInt32 A12_pUePolicyUePolicyInfoRawTdOnlyDataSize)		WWAN_TRACE_FLAG_DIM	task_0	Informational		
Microsoft-Windows-WwanProtDim_8ae583a328f2324fa39dea640c5846ee	555	0	task_0555(HexInt32 A10_len, HexInt32 A11_rlenpUePolicyUePolicyInfoRawTdOnlyDataSize)		WWAN_TRACE_FLAG_DIM	task_0	Informational		
Microsoft-Windows-WwanProtDim_8ae583a328f2324fa39dea640c5846ee	556	0	task_0556()		WWAN_TRACE_FLAG_DIM	task_0	Error		
Microsoft-Windows-WwanProtDim_8ae583a328f2324fa39dea640c5846ee	557	0	task_0557(UnicodeString A10_InterfaceName)		WWAN_TRACE_FLAG_DIM	task_0	Informational		
Microsoft-Windows-WwanProtDim_8ae583a328f2324fa39dea640c5846ee	558	0	task_0558(UnicodeString A10_OidToStringOid, HexInt32 A11_Oid, HexInt32 A12_ULONGULONG_PTRRequestId, HexInt32 A13_Error)		WWAN_TRACE_FLAG_DIM	task_0	Informational		
Microsoft-Windows-WwanProtDim_8ae583a328f2324fa39dea640c5846ee	559	0	task_0559(UnicodeString A10_InterfaceName)		WWAN_TRACE_FLAG_DIM	task_0	Informational		
Microsoft-Windows-WwanProtDim_8ae583a328f2324fa39dea640c5846ee	560	0	task_0560(UnicodeString A10_OidToStringOid, HexInt32 A11_Oid, HexInt32 A12_ULONGULONG_PTRRequestId, HexInt32 A13_len, HexInt32 A14_Error)		WWAN_TRACE_FLAG_DIM	task_0	Informational		
Microsoft-Windows-WwanProtDim_8ae583a328f2324fa39dea640c5846ee	561	0	task_0561()		WWAN_TRACE_FLAG_DIM	task_0	Informational		
Microsoft-Windows-WwanProtDim_8ae583a328f2324fa39dea640c5846ee	562	0	task_0562(UnicodeString A10_NdisStatusToStringdataStatus, HexInt32 A11_dataStatus)		WWAN_TRACE_FLAG_DIM	task_0	Informational		
Microsoft-Windows-WwanProtDim_8ae583a328f2324fa39dea640c5846ee	563	0	task_0563(HexInt32 A10_ULONGdataRequestId)		WWAN_TRACE_FLAG_DIM	task_0	Informational		
Microsoft-Windows-WwanProtDim_8ae583a328f2324fa39dea640c5846ee	564	0	task_0564(HexInt32 A10_dataDataLength)		WWAN_TRACE_FLAG_DIM	task_0	Informational		
Microsoft-Windows-WwanProtDim_8ae583a328f2324fa39dea640c5846ee	565	0	task_0565()		WWAN_TRACE_FLAG_DIM	task_0	Verbose		
Microsoft-Windows-WwanProtDim_8ae583a328f2324fa39dea640c5846ee	566	0	task_0566(HexInt32 A10_errCode)		WWAN_TRACE_FLAG_DIM	task_0	Error		
Microsoft-Windows-WwanProtDim_8ae583a328f2324fa39dea640c5846ee	567	0	task_0567()		WWAN_TRACE_FLAG_DIM	task_0	Error		
Microsoft-Windows-WwanProtDim_8ae583a328f2324fa39dea640c5846ee	568	0	task_0568(HexInt32 A10_errCode)		WWAN_TRACE_FLAG_DIM	task_0	Error		
Microsoft-Windows-WwanProtDim_8ae583a328f2324fa39dea640c5846ee	569	0	task_0569(HexInt32 A10_Status)		WWAN_TRACE_FLAG_DIM	task_0	Error		
Microsoft-Windows-WwanProtDim_8ae583a328f2324fa39dea640c5846ee	570	0	task_0570(HexInt32 A10_Error)		WWAN_TRACE_FLAG_DIM	task_0	Error		
Microsoft-Windows-WwanProtDim_8ae583a328f2324fa39dea640c5846ee	571	0	task_0571(HexInt32 A10_Error)		WWAN_TRACE_FLAG_DIM	task_0	Error		
Microsoft-Windows-WwanProtDim_8ae583a328f2324fa39dea640c5846ee	572	0	task_0572(GUID A10__pDimContextselfGuid, GUID A11__pDimContextparentGuid)		WWAN_TRACE_FLAG_DIM	task_0	Verbose		
Microsoft-Windows-WwanProtDim_8ae583a328f2324fa39dea640c5846ee	573	0	task_0573(GUID A10__pDimContextselfGuid)		WWAN_TRACE_FLAG_DIM	task_0	Error		
Microsoft-Windows-WwanProtDim_8ae583a328f2324fa39dea640c5846ee	574	0	task_0574(HexInt32 A10_ndisPhysicalMedium, HexInt32 A11_PhysicalMedium)		WWAN_TRACE_FLAG_DIM	task_0	Error		
Microsoft-Windows-WwanProtDim_8ae583a328f2324fa39dea640c5846ee	575	0	task_0575(Int32 A10_PhysicalMedium)		WWAN_TRACE_FLAG_DIM	task_0	Informational		
Microsoft-Windows-WwanProtDim_8ae583a328f2324fa39dea640c5846ee	576	0	task_0576(HexInt32 A10_dataSize)		WWAN_TRACE_FLAG_DIM	task_0	Error		
Microsoft-Windows-WwanProtDim_8ae583a328f2324fa39dea640c5846ee	577	0	task_0577(HexInt32 A10_result)		WWAN_TRACE_FLAG_DIM	task_0	Error		
Microsoft-Windows-WwanProtDim_8ae583a328f2324fa39dea640c5846ee	578	0	task_0578(HexInt32 A10_result)		WWAN_TRACE_FLAG_DIM	task_0	Error		
Microsoft-Windows-WwanProtDim_8ae583a328f2324fa39dea640c5846ee	579	0	task_0579(UnicodeString A10_pDimContextname, Int32 A11_media, Int32 A12_result)		WWAN_TRACE_FLAG_DIM	task_0	Informational		
Microsoft-Windows-WwanProtDim_8ae583a328f2324fa39dea640c5846ee	580	0	task_0580(GUID A10__pDimContextselfGuid, UInt32 A11_result)		WWAN_TRACE_FLAG_DIM	task_0	Error		
Microsoft-Windows-WwanProtDim_8ae583a328f2324fa39dea640c5846ee	581	0	task_0581(HexInt32 A10_dataSize)		WWAN_TRACE_FLAG_DIM	task_0	Error		
Microsoft-Windows-WwanProtDim_8ae583a328f2324fa39dea640c5846ee	582	0	task_0582(HexInt32 A10_result)		WWAN_TRACE_FLAG_DIM	task_0	Error		
Microsoft-Windows-WwanProtDim_8ae583a328f2324fa39dea640c5846ee	583	0	task_0583()		WWAN_TRACE_FLAG_DIM	task_0	Warning		
Microsoft-Windows-WwanProtDim_8ae583a328f2324fa39dea640c5846ee	584	0	task_0584(Int32 A10_g_supportedOidsioid)		WWAN_TRACE_FLAG_DIM	task_0	Error		
Microsoft-Windows-WwanProtDim_8ae583a328f2324fa39dea640c5846ee	585	0	task_0585()		WWAN_TRACE_FLAG_DIM	task_0	Error		
Microsoft-Windows-WwanProtDim_8ae583a328f2324fa39dea640c5846ee	586	0	task_0586()		WWAN_TRACE_FLAG_DIM	task_0	Error		
Microsoft-Windows-WwanProtDim_8ae583a328f2324fa39dea640c5846ee	587	0	task_0587()		WWAN_TRACE_FLAG_DIM	task_0	Informational		
Microsoft-Windows-WwanProtDim_8ae583a328f2324fa39dea640c5846ee	588	0	task_0588(UnicodeString A10_pDimContextname, Int32 A11_result)		WWAN_TRACE_FLAG_DIM	task_0	Informational		
Microsoft-Windows-WwanProtDim_8ae583a328f2324fa39dea640c5846ee	589	0	task_0589(GUID A10__pDimContextselfGuid, UInt32 A11_result)		WWAN_TRACE_FLAG_DIM	task_0	Error		
Microsoft-Windows-WwanProtDim_8ae583a328f2324fa39dea640c5846ee	590	0	task_0590(Int32 A10_result)		WWAN_TRACE_FLAG_DIM	task_0	Informational		
Microsoft-Windows-WwanProtDim_8ae583a328f2324fa39dea640c5846ee	591	0	task_0591(HexInt32 A10_version, HexInt32 A11_WWAN_CURRENT_VERSION)		WWAN_TRACE_FLAG_DIM	task_0	Informational		
Microsoft-Windows-WwanProtDim_8ae583a328f2324fa39dea640c5846ee	592	0	task_0592(HexInt32 A10_version)		WWAN_TRACE_FLAG_DIM	task_0	Error		
Microsoft-Windows-WwanProtDim_8ae583a328f2324fa39dea640c5846ee	593	0	task_0593(HexInt32 A10_result)		WWAN_TRACE_FLAG_DIM	task_0	Error		
Microsoft-Windows-WwanProtDim_8ae583a328f2324fa39dea640c5846ee	594	0	task_0594(HexInt32 A10_pDimContextndisVersion)		WWAN_TRACE_FLAG_DIM	task_0	Informational		
Microsoft-Windows-WwanProtDim_8ae583a328f2324fa39dea640c5846ee	595	0	task_0595(UnicodeString A10_pDimContextname)		WWAN_TRACE_FLAG_DIM	task_0	Warning		
Microsoft-Windows-WwanProtDim_8ae583a328f2324fa39dea640c5846ee	596	0	task_0596(Int32 A10_result)		WWAN_TRACE_FLAG_DIM	task_0	Warning		
Microsoft-Windows-WwanProtDim_8ae583a328f2324fa39dea640c5846ee	597	0	task_0597(UnicodeString A10_pDimContextname, Int32 A11_result)		WWAN_TRACE_FLAG_DIM	task_0	Informational		
Microsoft-Windows-WwanProtDim_8ae583a328f2324fa39dea640c5846ee	598	0	task_0598(GUID A10__pDimContextselfGuid, UInt32 A11_result)		WWAN_TRACE_FLAG_DIM	task_0	Error		
Microsoft-Windows-WwanProtDim_8ae583a328f2324fa39dea640c5846ee	599	0	task_0599(GUID A10__pDimContextselfGuid, UInt32 A11_result)		WWAN_TRACE_FLAG_DIM	task_0	Error		
Microsoft-Windows-WwanProtDim_8ae583a328f2324fa39dea640c5846ee	600	0	task_0600(GUID A10__pDimContextselfGuid, UInt32 A11_result)		WWAN_TRACE_FLAG_DIM	task_0	Warning		
Microsoft-Windows-WwanProtDim_8ae583a328f2324fa39dea640c5846ee	601	0	task_0601(UInt32 A10_result)		WWAN_TRACE_FLAG_DIM	task_0	Warning		
Microsoft-Windows-WwanProtDim_8ae583a328f2324fa39dea640c5846ee	602	0	task_0602(Int32 A10_returnDataSize, Int32 A11_SIZEOF_NDIS_WWAN_MBIM_VERSION_1)		WWAN_TRACE_FLAG_DIM	task_0	Warning		
Microsoft-Windows-WwanProtDim_8ae583a328f2324fa39dea640c5846ee	603	0	task_0603(Int32 A10_ndisWwanMbimVersionHeaderRevision)		WWAN_TRACE_FLAG_DIM	task_0	Warning		
Microsoft-Windows-WwanProtDim_8ae583a328f2324fa39dea640c5846ee	604	0	task_0604(HexInt32 A10_pDimContextHeaderMbimVersionInfoMbimVersion, HexInt32 A11_pDimContextHeaderMbimVersionInfoMbimExtendedVersion)		WWAN_TRACE_FLAG_DIM	task_0	Informational		
Microsoft-Windows-WwanProtDim_8ae583a328f2324fa39dea640c5846ee	605	0	task_0605(HexInt32 A10_pDimContextHeaderMbimVersionInfoMbimVersion)		WWAN_TRACE_FLAG_DIM	task_0	Informational		
Microsoft-Windows-WwanProtDim_8ae583a328f2324fa39dea640c5846ee	606	0	task_0606(HexInt32 A10_ulResult)		WWAN_TRACE_FLAG_DIM	task_0	Error		
Microsoft-Windows-WwanProtDim_8ae583a328f2324fa39dea640c5846ee	607	0	task_0607(HexInt32 A10_ulResult)		WWAN_TRACE_FLAG_DIM	task_0	Error		
Microsoft-Windows-WwanProtDim_8ae583a328f2324fa39dea640c5846ee	608	0	task_0608(HexInt32 A10_ulResult)		WWAN_TRACE_FLAG_DIM	task_0	Informational		
Microsoft-Windows-WwanProtDim_8ae583a328f2324fa39dea640c5846ee	609	0	task_0609(Pointer A10_pContext)		WWAN_TRACE_FLAG_DIM	task_0	Informational		
Microsoft-Windows-WwanProtDim_8ae583a328f2324fa39dea640c5846ee	610	0	task_0610()		WWAN_TRACE_FLAG_DIM	task_0	Informational		
Microsoft-Windows-WwanProtDim_8ae583a328f2324fa39dea640c5846ee	611	0	task_0611()		WWAN_TRACE_FLAG_DIM	task_0	Error		
Microsoft-Windows-WwanProtDim_8ae583a328f2324fa39dea640c5846ee	612	0	task_0612()		WWAN_TRACE_FLAG_DIM	task_0	Error		
Microsoft-Windows-WwanProtDim_8ae583a328f2324fa39dea640c5846ee	613	0	task_0613(Int32 A10_TotalLen)		WWAN_TRACE_FLAG_DIM	task_0	Error		
Microsoft-Windows-WwanProtDim_8ae583a328f2324fa39dea640c5846ee	614	0	task_0614(Int32 A10_TotalLen)		WWAN_TRACE_FLAG_DIM	task_0	Error		
Microsoft-Windows-WwanProtDim_8ae583a328f2324fa39dea640c5846ee	615	0	task_0615(UInt32 A10_Status)		WWAN_TRACE_FLAG_DIM	task_0	Error		
Microsoft-Windows-WwanProtDim_8ae583a328f2324fa39dea640c5846ee	616	0	task_0616(UInt32 A10_Status)		WWAN_TRACE_FLAG_DIM	task_0	Error		
Microsoft-Windows-WwanProtDim_8ae583a328f2324fa39dea640c5846ee	617	0	task_0617()		WWAN_TRACE_FLAG_DIM	task_0	Error		
Microsoft-Windows-WwanProtDim_8ae583a328f2324fa39dea640c5846ee	618	0	task_0618(Int32 A10_GetSetType, HexInt32 A11_dimStatus)		WWAN_TRACE_FLAG_DIM	task_0	Error		
Microsoft-Windows-WwanProtDim_8ae583a328f2324fa39dea640c5846ee	619	0	task_0619()		WWAN_TRACE_FLAG_DIM	task_0	Error		
Microsoft-Windows-WwanProtDim_8ae583a328f2324fa39dea640c5846ee	620	0	task_0620()		WWAN_TRACE_FLAG_DIM	task_0	Error		
Microsoft-Windows-WwanProtDim_8ae583a328f2324fa39dea640c5846ee	621	0	task_0621(Int32 A10_TotalLen)		WWAN_TRACE_FLAG_DIM	task_0	Error		
Microsoft-Windows-WwanProtDim_8ae583a328f2324fa39dea640c5846ee	622	0	task_0622(HexInt32 A10_Error)		WWAN_TRACE_FLAG_DIM	task_0	Error		
Microsoft-Windows-WwanProtDim_8ae583a328f2324fa39dea640c5846ee	623	0	task_0623(HexInt32 A10_Statuscode, HexInt32 A11_DataLen)		WWAN_TRACE_FLAG_DIM	task_0	Error		
Microsoft-Windows-WwanProtDim_8ae583a328f2324fa39dea640c5846ee	624	0	task_0624(HexInt32 A10_Statuscode, HexInt32 A11_DataLen)		WWAN_TRACE_FLAG_DIM	task_0	Error		
Microsoft-Windows-WwanProtDim_8ae583a328f2324fa39dea640c5846ee	625	0	task_0625(HexInt32 A10_Statuscode, HexInt32 A11_DataLen)		WWAN_TRACE_FLAG_DIM	task_0	Error		
Microsoft-Windows-WwanProtDim_8ae583a328f2324fa39dea640c5846ee	626	0	task_0626(HexInt32 A10_Statuscode, HexInt32 A11_DataLen)		WWAN_TRACE_FLAG_DIM	task_0	Error		
Microsoft-Windows-WwanProtDim_8ae583a328f2324fa39dea640c5846ee	627	0	task_0627(HexInt32 A10_Statuscode, HexInt32 A11_DataLen)		WWAN_TRACE_FLAG_DIM	task_0	Error		
Microsoft-Windows-WwanProtDim_8ae583a328f2324fa39dea640c5846ee	628	0	task_0628()		WWAN_TRACE_FLAG_DIM	task_0	Error		
Microsoft-Windows-WwanProtDim_8ae583a328f2324fa39dea640c5846ee	629	0	task_0629(HexInt32 A10_dimStatus)		WWAN_TRACE_FLAG_DIM	task_0	Error		
Microsoft-Windows-WwanProtDim_8ae583a328f2324fa39dea640c5846ee	630	0	task_0630(HexInt32 A10_Statuscode, HexInt32 A11_DataLen)		WWAN_TRACE_FLAG_DIM	task_0	Error		
Microsoft-Windows-WwanProtDim_8ae583a328f2324fa39dea640c5846ee	631	0	task_0631(HexInt32 A10_Statuscode, HexInt32 A11_DataLen)		WWAN_TRACE_FLAG_DIM	task_0	Error		
Microsoft-Windows-WwanProtDim_8ae583a328f2324fa39dea640c5846ee	632	0	task_0632(HexInt32 A10_Statuscode, HexInt32 A11_DataLen)		WWAN_TRACE_FLAG_DIM	task_0	Error		
Microsoft-Windows-WwanProtDim_8ae583a328f2324fa39dea640c5846ee	633	0	task_0633(HexInt32 A10_Statuscode, HexInt32 A11_DataLen)		WWAN_TRACE_FLAG_DIM	task_0	Error		
Microsoft-Windows-WwanProtDim_8ae583a328f2324fa39dea640c5846ee	634	0	task_0634(AnsiString A10_DevName, HexInt32 A11_Statuscode)		WWAN_TRACE_FLAG_DIM	task_0	Error		
Microsoft-Windows-WwanProtDim_8ae583a328f2324fa39dea640c5846ee	635	0	task_0635()		WWAN_TRACE_FLAG_DIM	task_0	Verbose		
Microsoft-Windows-WwanProtDim_8ae583a328f2324fa39dea640c5846ee	636	0	task_0636(Int32 A10_DimOpenCount)		WWAN_TRACE_FLAG_DIM	task_0	Verbose		
Microsoft-Windows-WwanProtDim_8ae583a328f2324fa39dea640c5846ee	637	0	task_0637(HexInt32 A10_Error)		WWAN_TRACE_FLAG_DIM	task_0	Critical		
Microsoft-Windows-WwanProtDim_8ae583a328f2324fa39dea640c5846ee	638	0	task_0638(HexInt32 A10_Error)		WWAN_TRACE_FLAG_DIM	task_0	Critical		
Microsoft-Windows-WwanProtDim_8ae583a328f2324fa39dea640c5846ee	639	0	task_0639(HexInt32 A10_DimOpenCount)		WWAN_TRACE_FLAG_DIM	task_0	Verbose		
Microsoft-Windows-WwanProtDim_8ae583a328f2324fa39dea640c5846ee	640	0	task_0640()		WWAN_TRACE_FLAG_DIM	task_0	Verbose		
Microsoft-Windows-WwanProtDim_8ae583a328f2324fa39dea640c5846ee	641	0	task_0641()		WWAN_TRACE_FLAG_DIM	task_0	Informational		
Microsoft-Windows-WwanProtDim_8ae583a328f2324fa39dea640c5846ee	642	0	task_0642(HexInt32 A10_DimOpenCount)		WWAN_TRACE_FLAG_DIM	task_0	Verbose		
Microsoft-Windows-WwanProtDim_8ae583a328f2324fa39dea640c5846ee	643	0	task_0643(HexInt32 A10_Error)		WWAN_TRACE_FLAG_DIM	task_0	Error		
Microsoft-Windows-WwanProtDim_8ae583a328f2324fa39dea640c5846ee	644	0	task_0644()		WWAN_TRACE_FLAG_DIM	task_0	Verbose		
Microsoft-Windows-WwanProtDim_8ae583a328f2324fa39dea640c5846ee	645	0	task_0645()		WWAN_TRACE_FLAG_DIM	task_0	Verbose		
Microsoft-Windows-WwanProtDim_8ae583a328f2324fa39dea640c5846ee	646	0	task_0646()		WWAN_TRACE_FLAG_DIM	task_0	Verbose		
Microsoft-Windows-WwanProtDim_8ae583a328f2324fa39dea640c5846ee	647	0	task_0647(Int32 A10_Error)		WWAN_TRACE_FLAG_DIM	task_0	Critical		
Microsoft-Windows-WwanProtDim_8ae583a328f2324fa39dea640c5846ee	648	0	task_0648(Int32 A10_bufferSize)		WWAN_TRACE_FLAG_DIM	task_0	Warning		
Microsoft-Windows-WwanProtDim_8ae583a328f2324fa39dea640c5846ee	649	0	task_0649(HexInt32 A10_Error)		WWAN_TRACE_FLAG_DIM	task_0	Warning		
Microsoft-Windows-WwanProtDim_8ae583a328f2324fa39dea640c5846ee	650	0	task_0650(Int32 A10_bufferSize)		WWAN_TRACE_FLAG_DIM	task_0	Warning		
Microsoft-Windows-WwanProtDim_8ae583a328f2324fa39dea640c5846ee	651	0	task_0651(HexInt32 A10_bufferSize)		WWAN_TRACE_FLAG_DIM	task_0	Informational		
Microsoft-Windows-WwanProtDim_8ae583a328f2324fa39dea640c5846ee	652	0	task_0652(HexInt32 A10_IndicationDropCount)		WWAN_TRACE_FLAG_DIM	task_0	Warning		
Microsoft-Windows-WwanProtDim_8ae583a328f2324fa39dea640c5846ee	653	0	task_0653()		WWAN_TRACE_FLAG_DIM	task_0	Informational		
Microsoft-Windows-WwanProtDim_8ae583a328f2324fa39dea640c5846ee	654	0	task_0654(HexInt32 A10_GetLastError)		WWAN_TRACE_FLAG_DIM	task_0	Critical		
Microsoft-Windows-WwanProtDim_8ae583a328f2324fa39dea640c5846ee	655	0	task_0655()		WWAN_TRACE_FLAG_DIM	task_0	Informational		
Microsoft-Windows-WwanProtDim_8ae583a328f2324fa39dea640c5846ee	656	0	task_0656(Int32 A10_ulSourceDataSizesizeofULONGsizeofULONG, HexInt32 A11_ndisStatus)		WWAN_TRACE_FLAG_DIM	task_0	Error		
Microsoft-Windows-WwanProtDim_8ae583a328f2324fa39dea640c5846ee	657	0	task_0657(Int32 A10_ulSourceDataSize, Int32 A11_pulTargetDataSize, Int32 A12_FIELD_OFFSETWWAN_READY_INFO_REV1TNListHeader, Int32 A13_FIELD_OFFSETWWAN_READY_INFOTNListHeader)		WWAN_TRACE_FLAG_DIM	task_0	Verbose		
Microsoft-Windows-WwanProtDim_8ae583a328f2324fa39dea640c5846ee	658	0	task_0658(Int32 A10_ulSourceDataSizesizeofULONG, HexInt32 A11_ndisStatus)		WWAN_TRACE_FLAG_DIM	task_0	Error		
Microsoft-Windows-WwanProtDim_8ae583a328f2324fa39dea640c5846ee	659	0	task_0659(Int32 A10_ulSourceDataSize, Int32 A11_pulTargetDataSize, Int32 A12_FIELD_OFFSETWWAN_READY_INFO_REV2_PRE2170TNListHeader, Int32 A13_FIELD_OFFSETWWAN_READY_INFOTNListHeader)		WWAN_TRACE_FLAG_DIM	task_0	Verbose		
Microsoft-Windows-WwanProtDim_8ae583a328f2324fa39dea640c5846ee	660	0	task_0660(Int32 A10_ulSourceDataSizesizeofULONG, HexInt32 A11_ndisStatus)		WWAN_TRACE_FLAG_DIM	task_0	Error		
Microsoft-Windows-WwanProtDim_8ae583a328f2324fa39dea640c5846ee	661	0	task_0661(HexInt32 A10_ndisStatus, Int32 A11_sourceVersion, Int32 A12_sourceRevision, Int32 A13_wwanDataSizeSource)		WWAN_TRACE_FLAG_DIM	task_0	Informational		
Microsoft-Windows-WwanProtDim_8ae583a328f2324fa39dea640c5846ee	662	0	task_0662(HexInt32 A10_ndisStatus, Int32 A11_sourceDynamicDataSize, Int32 A12_targetSizeInBytestargetFixedDataSize)		WWAN_TRACE_FLAG_DIM	task_0	Error		
Microsoft-Windows-WwanProtDim_8ae583a328f2324fa39dea640c5846ee	663	0	task_0663(Int32 A10_pulTargetDataSize, HexInt32 A11_ndisStatus)		WWAN_TRACE_FLAG_DIM	task_0	Error		
Microsoft-Windows-WwanProtDim_8ae583a328f2324fa39dea640c5846ee	664	0	task_0664()		WWAN_TRACE_FLAG_DIM	task_0	Informational		
Microsoft-Windows-WwanProtDim_8ae583a328f2324fa39dea640c5846ee	665	0	task_0665(Int32 A10_pulTargetDataSize, HexInt32 A11_ndisStatus)		WWAN_TRACE_FLAG_DIM	task_0	Error		
Microsoft-Windows-WwanProtDim_8ae583a328f2324fa39dea640c5846ee	666	0	task_0666(HexInt32 A10_ulSourceDataSize, HexInt32 A11_sizeofWWAN_SET_SMS_CONFIGURATION)		WWAN_TRACE_FLAG_DIM	task_0	Error		
Microsoft-Windows-WwanProtDim_8ae583a328f2324fa39dea640c5846ee	667	0	task_0667(HexInt32 A10_targetRevision)		WWAN_TRACE_FLAG_DIM	task_0	Informational		
Microsoft-Windows-WwanProtDim_8ae583a328f2324fa39dea640c5846ee	668	0	task_0668(HexInt32 A10_ulTargetWwanDataSize)		WWAN_TRACE_FLAG_DIM	task_0	Error		
Microsoft-Windows-WwanProtDim_8ae583a328f2324fa39dea640c5846ee	669	0	task_0669(Int32 A10_pulTargetDataSize)		WWAN_TRACE_FLAG_DIM	task_0	Error		
Microsoft-Windows-WwanProtDim_8ae583a328f2324fa39dea640c5846ee	670	0	task_0670(HexInt32 A10_ulSourceDataSize, HexInt32 A11_sizeofWWAN_SET_UICC_TERMINAL_CAPABILITY)		WWAN_TRACE_FLAG_DIM	task_0	Error		
Microsoft-Windows-WwanProtDim_8ae583a328f2324fa39dea640c5846ee	671	0	task_0671(HexInt32 A10_ulTargetWwanDataSize)		WWAN_TRACE_FLAG_DIM	task_0	Error		
Microsoft-Windows-WwanProtDim_8ae583a328f2324fa39dea640c5846ee	672	0	task_0672(Int32 A10_pulTargetDataSize)		WWAN_TRACE_FLAG_DIM	task_0	Error		
Microsoft-Windows-WwanProtDim_8ae583a328f2324fa39dea640c5846ee	673	0	task_0673(HexInt32 A10_ulTargetWwanDataSize)		WWAN_TRACE_FLAG_DIM	task_0	Error		
Microsoft-Windows-WwanProtDim_8ae583a328f2324fa39dea640c5846ee	674	0	task_0674(Int32 A10_pulTargetDataSize)		WWAN_TRACE_FLAG_DIM	task_0	Error		
Microsoft-Windows-WwanProtDim_8ae583a328f2324fa39dea640c5846ee	675	0	task_0675(HexInt32 A10_ndisStatus, Int32 A11_pDataNormalizationEntryulSourceDataSize, Int32 A12_ulWwanDataSize)		WWAN_TRACE_FLAG_DIM	task_0	Error		
Microsoft-Windows-WwanProtDim_8ae583a328f2324fa39dea640c5846ee	676	0	task_0676(HexInt32 A10_ndisStatus, HexInt32 A11_pDataNormalizationEntrysourceVersion, Int32 A12_pNdisHeaderRevision, Int32 A13_pDataNormalizationEntryulSourceDataSize, Int32 A14_ulWwanDataSize, Int32 A15_pDataNormalizationEntryulTargetDataSize)		WWAN_TRACE_FLAG_DIM	task_0	Informational		
Microsoft-Windows-WwanProtDim_8ae583a328f2324fa39dea640c5846ee	677	0	task_0677(HexInt32 A10_ndisStatus, HexInt32 A11_dimStatus)		WWAN_TRACE_FLAG_DIM	task_0	Error		
Microsoft-Windows-WwanProtDim_8ae583a328f2324fa39dea640c5846ee	678	0	task_0678(Int32 A10_pDataNormalizationEntryulTargetDataSize, HexInt32 A11_ndisStatus)		WWAN_TRACE_FLAG_DIM	task_0	Error		
Microsoft-Windows-WwanProtDim_8ae583a328f2324fa39dea640c5846ee	679	0	task_0679(HexInt32 A10_ndisOid, Int32 A11_pDataSpecializationEntryulSourceDataSize, Int32 A12_ulWwanDataSize, HexInt32 A13_pDataSpecializationEntrytargetVersion, HexInt32 A14_pDimContextVersion)		WWAN_TRACE_FLAG_DIM	task_0	Error		
Microsoft-Windows-WwanProtDim_8ae583a328f2324fa39dea640c5846ee	680	0	task_0680(HexInt32 A10_ndisOid, Int32 A11_ulWwanDataSize, Int32 A12_pDataSpecializationEntryulTargetDataSize, HexInt32 A13_pDataSpecializationEntrytargetVersion, HexInt32 A14_pDimContextVersion)		WWAN_TRACE_FLAG_DIM	task_0	Error		
Microsoft-Windows-WwanProtDim_8ae583a328f2324fa39dea640c5846ee	681	0	task_0681(HexInt32 A10_ndisOid, Int32 A11_isSet, HexInt32 A12_pDataSpecializationEntrytargetVersion, Int32 A13_pDataSpecializationEntryulSourceDataSize, Int32 A14_ulWwanDataSize, Int32 A15_pDataSpecializationEntryulTargetDataSize)		WWAN_TRACE_FLAG_DIM	task_0	Informational		
Microsoft-Windows-WwanProtDim_8ae583a328f2324fa39dea640c5846ee	682	0	task_0682(HexInt32 A10_ndisOid, HexInt32 A11_dimStatus)		WWAN_TRACE_FLAG_DIM	task_0	Error		
Microsoft-Windows-WwanProtDim_8ae583a328f2324fa39dea640c5846ee	683	0	task_0683(HexInt32 A10_ndisOid, HexInt32 A11_ulTargetWwanDataSize)		WWAN_TRACE_FLAG_DIM	task_0	Error		
Microsoft-Windows-WwanProtDim_8ae583a328f2324fa39dea640c5846ee	684	0	task_0684(Int32 A10_ulTargetOidDataSize, HexInt32 A11_ndisOid)		WWAN_TRACE_FLAG_DIM	task_0	Error		
Microsoft-Windows-WwanProtDim_8ae583a328f2324fa39dea640c5846ee	685	0	task_0685(Int32 A10_pDimContextMbimVersionInfoMbimExtendedVersion)		WWAN_TRACE_FLAG_DIM	task_0	Warning		
Microsoft-Windows-WwanProtDim_8ae583a328f2324fa39dea640c5846ee	686	0	task_0686(Int32 A10_pDimContextMbimVersionInfoMbimExtendedVersion)		WWAN_TRACE_FLAG_DIM	task_0	Warning		
Microsoft-Windows-WwanProtDim_8ae583a328f2324fa39dea640c5846ee	687	0	task_0687(Int32 A10_pDimContextMbimVersionInfoMbimExtendedVersion)		WWAN_TRACE_FLAG_DIM	task_0	Warning		
Microsoft-Windows-WwanProtDim_8ae583a328f2324fa39dea640c5846ee	688	0	task_0688(HexInt32 A10_DWORDpDevCapWwanDataSubClass, Int32 A11_pDimContextMbimVersionInfoMbimExtendedVersion)		WWAN_TRACE_FLAG_DIM	task_0	Warning		
Microsoft-Windows-WwanProtDim_8ae583a328f2324fa39dea640c5846ee	689	0	task_0689(HexInt32 A10_DWORDpDevCapWwanDataClass, Int32 A11_pDimContextMbimVersionInfoMbimExtendedVersion)		WWAN_TRACE_FLAG_DIM	task_0	Warning		
Microsoft-Windows-WwanProtDim_8ae583a328f2324fa39dea640c5846ee	690	0	task_0690(UInt32 A10_result, Int32 A11_returnDataSize, Int32 A12_returnDataSizesizeofNDIS_OBJECT_HEADERpNdisWwanMbimVersionHeaderRevision0)		WWAN_TRACE_FLAG_DIM	task_0	Warning		
Microsoft-Windows-WwanProtDim_8ae583a328f2324fa39dea640c5846ee	691	0	task_0691()		WWAN_TRACE_FLAG_DIM	task_0	Warning		
Microsoft-Windows-WwanProtDim_8ae583a328f2324fa39dea640c5846ee	692	0	task_0692(HexInt32 A10_version, UInt32 A11_result, Int32 A12_returnDataSize, Int32 A13_returnDataSizesizeofNDIS_OBJECT_HEADERpNdisWwanMbimVersionHeaderRevision0)		WWAN_TRACE_FLAG_DIM	task_0	Warning		
