provider	event_id	version	event(fields)	opcode	keywords	task	level	evtlog_channel	evtlog_message
Microsoft-Windows-NtfsLog_e7344f8a791031178b28432890f6bc10	10	0	task_0(HexInt64 A10_Vcn, HexInt64 A11_AttributeFormNonresidentLowestVcn, HexInt64 A12_AttributeFormNonresidentHighestVcn, HexInt64 A13_AllocationClusters)		DUMMY	task_0	Error		
Microsoft-Windows-NtfsLog_e7344f8a791031178b28432890f6bc10	11	0	task_011(Pointer A10_IrpContext, Pointer A11_Scb)		MFT_ATTR_LIST	task_0	Informational		
Microsoft-Windows-NtfsLog_e7344f8a791031178b28432890f6bc10	12	0	task_012(Pointer A10_FileObject, Pointer A11_Scb, HexInt64 A12_StartingVcn, HexInt64 A13_ClusterCount, HexInt32 A14_Flags, Pointer A15_CcbForWriteExtend)		ALLOC_FREE_CLUS	task_0	Informational		
Microsoft-Windows-NtfsLog_e7344f8a791031178b28432890f6bc10	13	0	task_013(Pointer A10_IrpContext, Pointer A11_FileObject, Pointer A12_Scb, HexInt64 A13_StartingVcn, HexInt64 A14_ClusterCount, HexInt32 A15_Flags, Pointer A16_CcbForWriteExtend)		MFT_ATTR_LIST	task_0	Informational		
Microsoft-Windows-NtfsLog_e7344f8a791031178b28432890f6bc10	14	0	task_014(Pointer A10_Scb, HexInt64 A11_PurgeOffset)		DAX	task_0	Error		
Microsoft-Windows-NtfsLog_e7344f8a791031178b28432890f6bc10	15	0	task_015(Pointer A10_Scb, HexInt64 A11_PurgeOffset, HexInt32 A12_PurgeChunkLength)		DAX	task_0	Error		
Microsoft-Windows-NtfsLog_e7344f8a791031178b28432890f6bc10	16	0	task_016(Pointer A10_IrpContext, HexInt64 A11_LastVcn, HexInt32 A12_AttributeInstance)		MFT_ATTR_LIST	task_0	Informational		
Microsoft-Windows-NtfsLog_e7344f8a791031178b28432890f6bc10	17	0	task_017(HexInt64 A10_NtfsFullFileRefNumber_FcbFileReference)		DUMMY	task_0	Error		
Microsoft-Windows-NtfsLog_e7344f8a791031178b28432890f6bc10	18	0	task_018(HexInt64 A10_NtfsFullFileRefNumber_FcbFileReference)		DUMMY	task_0	Error		
Microsoft-Windows-NtfsLog_e7344f8a791031178b28432890f6bc10	19	0	task_019(Pointer A10_IrpContext, HexInt32 A11_ValueLength, HexInt32 A12_AttributeFlags)		MFT_ATTR_LIST	task_0	Informational		
Microsoft-Windows-NtfsLog_e7344f8a791031178b28432890f6bc10	20	0	task_020(Pointer A10_Vcb, Pointer A11_IrpContext, Pointer A12_Scb, HexInt64 A13_PULONGLONG_ScbFcbFileReference, HexInt64 A14_LastVcn, HexInt64 A15_NewHighestVcn, HexInt32 A16_PassCount)		FRSCONSOLIDATION	task_0	Informational		
Microsoft-Windows-NtfsLog_e7344f8a791031178b28432890f6bc10	21	0	task_021(Pointer A10_Vcb, Pointer A11_IrpContext, Pointer A12_Scb, HexInt64 A13_PULONGLONG_ScbFcbFileReference, HexInt64 A14_ContextFoundAttributeAttributeFormNonresidentLowestVcn, HexInt64 A15_ContextFoundAttributeAttributeFormNonresidentHighestVcn, HexInt64 A16_ContextAttributeListEntryLowestVcn)		FRSCONSOLIDATION	task_0	Informational		
Microsoft-Windows-NtfsLog_e7344f8a791031178b28432890f6bc10	22	0	task_022(Pointer A10_Vcb, Pointer A11_IrpContext, Pointer A12_Scb, HexInt64 A13_PULONGLONG_ScbFcbFileReference, HexInt64 A14_ContextFoundAttributeAttributeFormNonresidentLowestVcn, HexInt64 A15_ContextFoundAttributeAttributeFormNonresidentHighestVcn, HexInt64 A16_ContextAttributeListEntryLowestVcn)		FRSCONSOLIDATION	task_0	Informational		
Microsoft-Windows-NtfsLog_e7344f8a791031178b28432890f6bc10	23	0	task_023(Pointer A10_Vcb, Pointer A11_IrpContext, Pointer A12_Scb, HexInt64 A13_PULONGLONG_ScbFcbFileReference, HexInt64 A14_ContextFoundAttributeAttributeFormNonresidentLowestVcn, HexInt64 A15_ContextFoundAttributeAttributeFormNonresidentHighestVcn, HexInt64 A16_ContextAttributeListEntryLowestVcn, HexInt32 A17_PassCount)		FRSCONSOLIDATION	task_0	Informational		
Microsoft-Windows-NtfsLog_e7344f8a791031178b28432890f6bc10	24	0	task_024(Pointer A10_Vcb, Pointer A11_IrpContext, Pointer A12_Scb, HexInt64 A13_PULONGLONG_ScbFcbFileReference, HexInt64 A14_ContextFoundAttributeAttributeFormNonresidentLowestVcn, HexInt64 A15_ContextFoundAttributeAttributeFormNonresidentHighestVcn, HexInt64 A16_ContextAttributeListEntryLowestVcn)		FRSCONSOLIDATION	task_0	Informational		
Microsoft-Windows-NtfsLog_e7344f8a791031178b28432890f6bc10	25	0	task_025(Pointer A10_Vcb, Pointer A11_IrpContext, Pointer A12_Scb, HexInt64 A13_PULONGLONG_ScbFcbFileReference, HexInt32 A14_NtfsFrsConsolidationStatisticsMergeSkipCount)		FRSCONSOLIDATION	task_0	Informational		
Microsoft-Windows-NtfsLog_e7344f8a791031178b28432890f6bc10	26	0	task_026(HexInt32 A10_FileRecordSegmentNumberHighPart, HexInt32 A11_FileRecordSegmentNumberLowPart, HexInt64 A12_NtfsFullSegmentNumber_FileRecordBaseFileRecordSegment, HexInt32 A13_AttributeTypeCode)		MFT_ATTR_LIST	task_0	Informational		
Microsoft-Windows-NtfsLog_e7344f8a791031178b28432890f6bc10	27	0	task_027(HexInt32 A10_FileRecordSegmentNumberHighPart, HexInt32 A11_FileRecordSegmentNumberLowPart, HexInt64 A12_NtfsFullSegmentNumber_FileRecordBaseFileRecordSegment, HexInt32 A13_AttributeTypeCode)		MFT_ATTR_LIST	task_0	Informational		
Microsoft-Windows-NtfsLog_e7344f8a791031178b28432890f6bc10	28	0	task_028(Pointer A10_FcbVcb, Pointer A11_IrpContext, HexInt64 A12_PULONGLONG_FcbFileReference, HexInt32 A13_StdInfoAttrListEntrySignature, HexInt32 A14_StdInfoAttrListEntryLastCompactedSize, HexInt32 A15_CurrentAttributeListSize)		FRSCONSOLIDATION	task_0	Informational		
Microsoft-Windows-NtfsLog_e7344f8a791031178b28432890f6bc10	29	0	task_029(Pointer A10_FcbVcb, Pointer A11_IrpContext, HexInt64 A12_PULONGLONG_FcbFileReference, HexInt32 A13_StdInfoAttrListEntrySignature, HexInt32 A14_StdInfoAttrListEntryLastCompactedSize, HexInt32 A15_NewStdInfoAttrListEntryLastCompactedSize)		FRSCONSOLIDATION	task_0	Informational		
Microsoft-Windows-NtfsLog_e7344f8a791031178b28432890f6bc10	30	0	task_030(Pointer A10_IrpContext, HexInt32 A11_i, HexInt32 A12_MAX_MOVEABLE_ATTRIBUTES, HexInt32 A13_AttributeTypeCode, HexInt32 A14_AttributeRecordLength, HexInt32 A15_AttributeInstance)		MFT_ATTR_LIST	task_0	Informational		
Microsoft-Windows-NtfsLog_e7344f8a791031178b28432890f6bc10	31	0	task_031(Pointer A10_IrpContext, HexInt32 A11_SizeNeeded, HexInt32 A12_AttributeTypeCode, HexInt32 A13_AttributeRecordLength, HexInt32 A14_AttributeFormCode, HexInt32 A15_AttributeInstance)		MFT_ATTR_LIST	task_0	Informational		
Microsoft-Windows-NtfsLog_e7344f8a791031178b28432890f6bc10	32	0	task_032(Pointer A10_IrpContext, HexInt32 A11_SizeNeeded, HexInt32 A12_BytesToFree, HexInt32 A13_MappingPairSize, HexInt32 A14_NewMappingPairSize)		MFT_ATTR_LIST	task_0	Informational		
Microsoft-Windows-NtfsLog_e7344f8a791031178b28432890f6bc10	33	0	task_033(HexInt32 A10_FileRecordSegmentNumberHighPart, HexInt32 A11_FileRecordSegmentNumberLowPart, HexInt64 A12_NtfsFullSegmentNumber_FileRecordBaseFileRecordSegment, HexInt32 A13_StartZero, HexInt32 A14_ZeroLength)		MFT_ATTR_LIST	task_0	Informational		
Microsoft-Windows-NtfsLog_e7344f8a791031178b28432890f6bc10	34	0	task_034(Pointer A10_Vcb, Pointer A11_IrpContext, Pointer A12_Scb, HexInt64 A13_PULONGLONG_ScbFcbFileReference, HexInt32 A14_ScbAttributeTypeCode, CountedUtf16String A15__ScbAttributeName, HexInt64 A16_NewStartVcn, HexInt64 A17_NewHalfWayVcn, HexInt64 A18_NewFinalVcn, HexInt32 A19_PackedMode, HexInt32 A20_TryPrior)		FRSCONSOLIDATION	task_0	Informational		
Microsoft-Windows-NtfsLog_e7344f8a791031178b28432890f6bc10	35	0	task_035(Pointer A10_Vcb, Pointer A11_IrpContext, Pointer A12_Scb, HexInt64 A13_PULONGLONG_ScbFcbFileReference, HexInt32 A14_ScbAttributeTypeCode, CountedUtf16String A15__ScbAttributeName, HexInt32 A16_FileRecordSequenceNumber, HexInt32 A17_FileRecordSegmentNumberLowPart, HexInt64 A18_NewStartVcn, HexInt64 A19_LastVcn, HexInt64 A20_NewFinalVcn)		FRSCONSOLIDATION	task_0	Informational		
Microsoft-Windows-NtfsLog_e7344f8a791031178b28432890f6bc10	36	0	task_036(Pointer A10_Vcb, Pointer A11_IrpContext, Pointer A12_Scb, HexInt64 A13_PULONGLONG_ScbFcbFileReference, HexInt32 A14_ScbAttributeTypeCode, CountedUtf16String A15__ScbAttributeName, HexInt32 A16_FileRecordSequenceNumber, HexInt32 A17_FileRecordSegmentNumberLowPart, HexInt64 A18_NewStartVcn, HexInt64 A19_LastVcn, HexInt64 A20_NewFinalVcn)		FRSCONSOLIDATION	task_0	Informational		
Microsoft-Windows-NtfsLog_e7344f8a791031178b28432890f6bc10	37	0	task_037(Pointer A10_ScbVcb, Pointer A11_IrpContext, Pointer A12_Scb, HexInt64 A13_PULONGLONG_ScbFcbFileReference, HexInt64 A14_NewFinalVcn)		FRSCONSOLIDATION	task_0	Informational		
Microsoft-Windows-NtfsLog_e7344f8a791031178b28432890f6bc10	38	0	task_038(Pointer A10_ScbVcb, Pointer A11_IrpContext, Pointer A12_Scb, HexInt64 A13_PULONGLONG_ScbFcbFileReference, HexInt64 A14_NewHalfWayVcn, Pointer A15_RangePtr)		FRSCONSOLIDATION	task_0	Informational		
Microsoft-Windows-NtfsLog_e7344f8a791031178b28432890f6bc10	39	0	task_039(Pointer A10_ScbVcb, Pointer A11_IrpContext, Pointer A12_Scb, HexInt64 A13_PULONGLONG_ScbFcbFileReference, HexInt64 A14_NewHalfWayVcn, Pointer A15_RangePtr)		FRSCONSOLIDATION	task_0	Informational		
Microsoft-Windows-NtfsLog_e7344f8a791031178b28432890f6bc10	40	0	task_040(Pointer A10_ScbVcb, Pointer A11_IrpContext, Pointer A12_Scb, HexInt64 A13_PULONGLONG_ScbFcbFileReference, Pointer A14_NtfsMcbArray, HexInt64 A15_NtfsMcbArrayStartingVcn, HexInt64 A16_NtfsMcbArrayEndingVcn)		FRSCONSOLIDATION	task_0	Informational		
Microsoft-Windows-NtfsLog_e7344f8a791031178b28432890f6bc10	41	0	task_041(Pointer A10_ScbVcb, Pointer A11_IrpContext, Pointer A12_Scb, HexInt64 A13_PULONGLONG_ScbFcbFileReference, Pointer A14_NtfsMcbArray, HexInt64 A15_NtfsMcbArrayStartingVcn, HexInt64 A16_NtfsMcbArrayEndingVcn)		FRSCONSOLIDATION	task_0	Informational		
Microsoft-Windows-NtfsLog_e7344f8a791031178b28432890f6bc10	42	0	task_042(Pointer A10_ScbVcb, Pointer A11_IrpContext, Pointer A12_Scb, HexInt64 A13_PULONGLONG_ScbFcbFileReference, Pointer A14_NtfsMcbArray, HexInt64 A15_NtfsMcbArrayStartingVcn, HexInt64 A16_NtfsMcbArrayEndingVcn)		FRSCONSOLIDATION	task_0	Informational		
Microsoft-Windows-NtfsLog_e7344f8a791031178b28432890f6bc10	43	0	task_043(Pointer A10_ScbVcb, Pointer A11_IrpContext, Pointer A12_Scb, HexInt64 A13_PULONGLONG_ScbFcbFileReference, Pointer A14_NtfsMcbArray, HexInt64 A15_NtfsMcbArrayStartingVcn, HexInt64 A16_NtfsMcbArrayEndingVcn)		FRSCONSOLIDATION	task_0	Informational		
Microsoft-Windows-NtfsLog_e7344f8a791031178b28432890f6bc10	44	0	task_044(Pointer A10_ScbVcb, Pointer A11_IrpContext, Pointer A12_Scb, HexInt64 A13_PULONGLONG_ScbFcbFileReference, HexInt64 A14_NewFinalVcnInMcb, HexInt64 A15_NewFinalVcn)		FRSCONSOLIDATION	task_0	Informational		
Microsoft-Windows-NtfsLog_e7344f8a791031178b28432890f6bc10	45	0	task_045(Pointer A10_ScbVcb, Pointer A11_IrpContext, Pointer A12_Scb, HexInt64 A13_PULONGLONG_ScbFcbFileReference, HexInt64 A14_NewStartVcn, HexInt64 A15_LastVcn, HexInt64 A16_NewFinalVcn, HexInt64 A17_NewFinalVcnInMcb, HexInt32 A18_NumberOfRanges, HexInt32 A19_DeletedNextAttribute, HexInt32 A20_Mcb1StartWithNewStartVcn, HexInt32 A21_Mcb1HoldNewStartVcn, HexInt32 A22_Mcb2StartWithNewStartVcn, HexInt32 A23_Mcb2HoldNewStartVcn, Int32 A24_McbArraySizeInUseChange)		FRSCONSOLIDATION	task_0	Informational		
Microsoft-Windows-NtfsLog_e7344f8a791031178b28432890f6bc10	46	0	task_046(Pointer A10_ScbVcb, Pointer A11_IrpContext, Pointer A12_Scb, HexInt64 A13_PULONGLONG_ScbFcbFileReference, HexInt64 A14_NewStartVcn, HexInt64 A15_DeletedNextAttributeNewFinalVcnInMcbLastVcn1)		FRSCONSOLIDATION	task_0	Informational		
Microsoft-Windows-NtfsLog_e7344f8a791031178b28432890f6bc10	47	0	task_047(Pointer A10_ScbVcb, Pointer A11_IrpContext, Pointer A12_Scb, HexInt64 A13_PULONGLONG_ScbFcbFileReference, HexInt64 A14_LastVcn, HexInt64 A15_NewFinalVcnInMcb)		FRSCONSOLIDATION	task_0	Informational		
Microsoft-Windows-NtfsLog_e7344f8a791031178b28432890f6bc10	48	0	task_048(Pointer A10_ScbVcb, Pointer A11_IrpContext, Pointer A12_Scb, HexInt64 A13_PULONGLONG_ScbFcbFileReference, HexInt32 A14_ScbAttributeTypeCode, CountedUtf16String A15__ScbAttributeName, HexInt64 A16_PULONGLONG_ContextAttributeListEntrySegmentReference, HexInt64 A17_OldLowestVcn, HexInt64 A18_StartVcn, HexInt32 A19_NewAttributeInstance)		FRSCONSOLIDATION	task_0	Informational		
Microsoft-Windows-NtfsLog_e7344f8a791031178b28432890f6bc10	49	0	task_049(Pointer A10_ScbVcb, Pointer A11_IrpContext, Pointer A12_Scb, HexInt64 A13_PULONGLONG_ScbFcbFileReference, HexInt32 A14_ScbAttributeTypeCode, CountedUtf16String A15__ScbAttributeName, HexInt64 A16_OldLowestVcn, HexInt64 A17_StartVcn, HexInt64 A18_OldHighestVcn, HexInt64 A19_LastVcn, HexInt32 A20_FileRecordSequenceNumber, HexInt32 A21_FileRecordSegmentNumberLowPart)		FRSCONSOLIDATION	task_0	Informational		
Microsoft-Windows-NtfsLog_e7344f8a791031178b28432890f6bc10	50	0	task_050(Pointer A10_PsGetCurrentThread)		ACCESS_DENIED	task_0	Informational		
Microsoft-Windows-NtfsLog_e7344f8a791031178b28432890f6bc10	51	0	task_051(Pointer A10_PsGetCurrentThread, Pointer A11_Vcb, CountedUtf16String A12__VcbVolumeName, CountedUtf16String A13_WppCountedStringWVcbVpbVolumeLabelSAFE_VPB_VOLUME_LABEL_LENGTHVcbVpb, CountedUtf16String A14__VolumeId, HexInt32 A15_VcbVcbState)		ACCESS_DENIED	task_0	Informational		
Microsoft-Windows-NtfsLog_e7344f8a791031178b28432890f6bc10	52	0	task_052(Pointer A10_Vcb, Pointer A11_IrpContext, Pointer A12_Fcb, HexInt64 A13_PULONGLONG_FcbFileReference, HexInt32 A14_AllFlagsFirstRequest)		FRSCONSOLIDATION	task_0	Informational		
Microsoft-Windows-NtfsLog_e7344f8a791031178b28432890f6bc10	53	0	task_053(Pointer A10_Vcb, Pointer A11_IrpContext, Pointer A12_Fcb, HexInt64 A13_PULONGLONG_FcbFileReference)		FRSCONSOLIDATION	task_0	Informational		
Microsoft-Windows-NtfsLog_e7344f8a791031178b28432890f6bc10	54	0	task_054(Pointer A10_Vcb, Pointer A11_IrpContext, Pointer A12_Fcb, HexInt64 A13_PULONGLONG_FcbFileReference)		FRSCONSOLIDATION	task_0	Informational		
Microsoft-Windows-NtfsLog_e7344f8a791031178b28432890f6bc10	55	0	task_055(Pointer A10_Vcb, Pointer A11_IrpContext, Pointer A12_Fcb, HexInt64 A13_PULONGLONG_FcbFileReference, HexInt32 A14_FrsConsolidationContextRestartAttributeTypeCode, CountedUtf16String A15__FrsConsolidationContextRestartAttributeName, HexInt64 A16_FrsConsolidationContextRestartVcn, HexInt32 A17_FrsConsolidationContextRestartAttributeListEntryOffset, HexInt32 A18_AttributeListEntryOffset, HexInt64 A19_AttrContextAttributeListAttributeListFormNonresidentValidDataLength, HexInt32 A20_AttributeListGrowBy, Int32 A21_AttributeListGrowBy)		FRSCONSOLIDATION	task_0	Informational		
Microsoft-Windows-NtfsLog_e7344f8a791031178b28432890f6bc10	56	0	task_056(Pointer A10_Vcb, Pointer A11_IrpContext, Pointer A12_Fcb, HexInt64 A13_PULONGLONG_FcbFileReference, HexInt32 A14_FrsConsolidationContextRestartAttributeTypeCode, CountedUtf16String A15__FrsConsolidationContextRestartAttributeName, HexInt64 A16_FrsConsolidationContextRestartVcn, HexInt32 A17_FrsConsolidationContextInstance, HexInt32 A18_FrsConsolidationContextRestartAttributeListEntryOffset, HexInt64 A19_AttrContextAttributeListAttributeListFormNonresidentValidDataLength)		FRSCONSOLIDATION	task_0	Informational		
Microsoft-Windows-NtfsLog_e7344f8a791031178b28432890f6bc10	57	0	task_057(Pointer A10_Vcb, Pointer A11_IrpContext, Pointer A12_Fcb, HexInt64 A13_PULONGLONG_FcbFileReference, HexInt32 A14_FrsConsolidationContextRestartAttributeTypeCode, CountedUtf16String A15__FrsConsolidationContextRestartAttributeName, HexInt64 A16_FrsConsolidationContextRestartVcn, HexInt32 A17_FrsConsolidationContextInstance, HexInt32 A18_FrsConsolidationContextRestartAttributeListEntryOffset, HexInt64 A19_AttrContextAttributeListAttributeListFormNonresidentValidDataLength)		FRSCONSOLIDATION	task_0	Informational		
Microsoft-Windows-NtfsLog_e7344f8a791031178b28432890f6bc10	58	0	task_058(Pointer A10_Vcb, Pointer A11_IrpContext, Pointer A12_Fcb, HexInt64 A13_PULONGLONG_FcbFileReference, Pointer A14_Scb)		FRSCONSOLIDATION	task_0	Informational		
Microsoft-Windows-NtfsLog_e7344f8a791031178b28432890f6bc10	59	0	task_059(Pointer A10_Vcb, Pointer A11_IrpContext, Pointer A12_Fcb, HexInt64 A13_PULONGLONG_FcbFileReference)		FRSCONSOLIDATION	task_0	Informational		
Microsoft-Windows-NtfsLog_e7344f8a791031178b28432890f6bc10	60	0	task_060(Pointer A10_Vcb, Pointer A11_IrpContext, HexInt64 A12_PULONGLONG_FrsConsolidationContextFileReference, HexInt32 A13_IrpContextExceptionStatus)		FRSCONSOLIDATION	task_0	Informational		
Microsoft-Windows-NtfsLog_e7344f8a791031178b28432890f6bc10	61	0	task_061(Pointer A10_Vcb, Pointer A11_IrpContext, Pointer A12_Fcb, HexInt64 A13_PULONGLONG_FcbFileReference)		FRSCONSOLIDATION	task_0	Informational		
Microsoft-Windows-NtfsLog_e7344f8a791031178b28432890f6bc10	62	0	task_062(Pointer A10_Vcb, Pointer A11_IrpContext, Pointer A12_Fcb, HexInt64 A13_PULONGLONG_FcbFileReference)		FRSCONSOLIDATION	task_0	Informational		
Microsoft-Windows-NtfsLog_e7344f8a791031178b28432890f6bc10	63	0	task_063(Pointer A10_Vcb, Pointer A11_IrpContext, Pointer A12_Fcb, HexInt64 A13_FileRef, HexInt32 A14_ExceptionStatus)		FRSCONSOLIDATION	task_0	Informational		
Microsoft-Windows-NtfsLog_e7344f8a791031178b28432890f6bc10	64	0	task_064(Pointer A10_Vcb, Pointer A11_IrpContext, Pointer A12_Fcb, HexInt64 A13_FileRef, HexInt32 A14_RemovedFcb, HexInt32 A15_AllFlagsFcbAcquired, HexInt32 A16_IrpContextTransactionId)		FRSCONSOLIDATION	task_0	Informational		
Microsoft-Windows-NtfsLog_e7344f8a791031178b28432890f6bc10	65	0	task_065(Pointer A10_Vcb, Pointer A11_IrpContext, Int64 A12_EndTimeQuadPart1000NtfsPerformanceFrequencyQuadPart, Int64 A13_FrsConsolidationContextTotalTime1000NtfsPerformanceFrequencyQuadPart)		FRSCONSOLIDATION	task_0	Informational		
Microsoft-Windows-NtfsLog_e7344f8a791031178b28432890f6bc10	66	0	task_066(Pointer A10_FcbVcb, Pointer A11_IrpContext, HexInt64 A12_PULONGLONG_FcbFileReference, HexInt32 A13_StdInfoAttrListEntrySignature, HexInt32 A14_StdInfoAttrListEntryLastCompactedSize, HexInt32 A15_AttributeListSize)		FRSCONSOLIDATION	task_0	Informational		
Microsoft-Windows-NtfsLog_e7344f8a791031178b28432890f6bc10	67	0	task_067(Pointer A10_IrpContext, Pointer A11_Vcb, Pointer A12_Scb, Pointer A13__ScbMcb, HexInt64 A14_OriginalStartingVcn, HexInt64 A15_ClusterCount, UInt32 A16_AllocateAll, HexInt64 A17_TargetLcnNULLTargetLcnULONGLONG1, UInt32 A18_PreAllocated, UInt32 A19_UseDelayedAllocation)		ALLOC_FREE_CLUS	task_0	Informational		
Microsoft-Windows-NtfsLog_e7344f8a791031178b28432890f6bc10	68	0	task_068(Pointer A10_IrpContext, Pointer A11_Vcb, Pointer A12_Scb, Pointer A13__ScbMcb, HexInt64 A14_OriginalStartingVcn, HexInt64 A15_ClusterCount, UInt32 A16_AllocateAll, HexInt64 A17_TargetLcnNULLTargetLcnULONGLONG1, UInt32 A18_PreAllocated, UInt32 A19_UseDelayedAllocation)		MFT_ATTR_LIST	task_0	Informational		
Microsoft-Windows-NtfsLog_e7344f8a791031178b28432890f6bc10	69	0	task_069(HexInt64 A10_FoundClusterCount, Pointer A11_Scb, HexInt64 A12_ScbTotalAllocated)		ALLOC_FREE_CLUS	task_0	Informational		
Microsoft-Windows-NtfsLog_e7344f8a791031178b28432890f6bc10	70	0	task_070(HexInt64 A10_FoundClusterCount, Pointer A11_Scb, HexInt64 A12_ScbTotalAllocated, HexInt32 A13_ScbState, HexInt64 A14_IrpContextState2, Int32 A15_AllocateWithNoHole)		ALLOC_FREE_CLUS	task_0	Informational		
Microsoft-Windows-NtfsLog_e7344f8a791031178b28432890f6bc10	71	0	task_071(Pointer A10_IrpContext, UInt32 A11_ClustersAllocated)		ALLOC_FREE_CLUS	task_0	Informational		
Microsoft-Windows-NtfsLog_e7344f8a791031178b28432890f6bc10	72	0	task_072(Pointer A10_IrpContext, UInt32 A11_ClustersAllocated)		MFT_ATTR_LIST	task_0	Informational		
Microsoft-Windows-NtfsLog_e7344f8a791031178b28432890f6bc10	73	0	task_073(Pointer A10_IrpContext, Pointer A11_Vcb, Pointer A12_Scb, Pointer A13__ScbMcb, HexInt64 A14_StartingVcn, HexInt64 A15_EndingVcn)		ALLOC_FREE_CLUS	task_0	Informational		
Microsoft-Windows-NtfsLog_e7344f8a791031178b28432890f6bc10	74	0	task_074(Pointer A10_Vcb, HexInt64 A11_PULONGLONG_ScbFcbFileReference, HexInt64 A12_StartingVcn, HexInt64 A13_EndingVcn)		DELNOTIFY	task_0	Informational		
Microsoft-Windows-NtfsLog_e7344f8a791031178b28432890f6bc10	75	0	task_075(Pointer A10_IrpContext, Pointer A11_Vcb, Pointer A12_Scb, Pointer A13__ScbMcb, HexInt64 A14_StartingVcn, HexInt64 A15_EndingVcn)		MFT_ATTR_LIST	task_0	Informational		
Microsoft-Windows-NtfsLog_e7344f8a791031178b28432890f6bc10	76	0	task_076(Pointer A10_Vcb, HexInt64 A11_PULONGLONG_ScbFcbFileReference, HexInt64 A12_AdjLcn, HexInt64 A13_AdjClusterCount)		DELNOTIFY	task_0	Informational		
Microsoft-Windows-NtfsLog_e7344f8a791031178b28432890f6bc10	77	0	task_077(Pointer A10_Vcb)		DELNOTIFY	task_0	Informational		
Microsoft-Windows-NtfsLog_e7344f8a791031178b28432890f6bc10	78	0	task_078(Pointer A10_Vcb, Pointer A11_DeallocatedClusters, HexInt64 A12_DeallocatedClustersLsnQuadPart, HexInt64 A13_DeallocatedClustersClusterCount, HexInt32 A14_DeallocatedClustersFlags, HexInt64 A15_VcbDeallocatedClusters, HexInt64 A16_VcbDeallocatedClustersAdjClusterCount)		DELNOTIFY	task_0	Informational		
Microsoft-Windows-NtfsLog_e7344f8a791031178b28432890f6bc10	79	0	task_079(HexInt64 A10_ClusterCount, Pointer A11_Scb, HexInt64 A12_TotalAllocated, Pointer A13_TotalAllocated)		ALLOC_FREE_CLUS	task_0	Informational		
Microsoft-Windows-NtfsLog_e7344f8a791031178b28432890f6bc10	80	0	task_080(HexInt64 A10_ClusterCount, Pointer A11_Scb, Pointer A12_TotalAllocated, HexInt32 A13_ScbState, HexInt64 A14_IrpContextState2)		ALLOC_FREE_CLUS	task_0	Informational		
Microsoft-Windows-NtfsLog_e7344f8a791031178b28432890f6bc10	81	0	task_081(Pointer A10_Vcb, HexInt64 A11_VcbDeallocatedClusters, HexInt64 A12_VcbDeallocatedClustersClustersRemoved)		DELNOTIFY	task_0	Informational		
Microsoft-Windows-NtfsLog_e7344f8a791031178b28432890f6bc10	82	0	task_082(Pointer A10_IrpContext, UInt32 A11_ClustersDeallocated)		ALLOC_FREE_CLUS	task_0	Informational		
Microsoft-Windows-NtfsLog_e7344f8a791031178b28432890f6bc10	83	0	task_083(Pointer A10_IrpContext, UInt32 A11_ClustersDeallocated)		MFT_ATTR_LIST	task_0	Informational		
Microsoft-Windows-NtfsLog_e7344f8a791031178b28432890f6bc10	84	0	task_084(Pointer A10_IrpContext, Pointer A11_Vcb, HexInt64 A12_FirstBit, HexInt64 A13_BeyondFinalBit, HexInt32 A14_RedoOperation, HexInt32 A15_UndoOperation)		ALLOC_FREE_CLUS	task_0	Informational		
Microsoft-Windows-NtfsLog_e7344f8a791031178b28432890f6bc10	85	0	task_085(Pointer A10_IrpContext, Pointer A11__Bitmap, HexInt64 A12_BaseLcn, HexInt64 A13_CurrentLcn)		ALLOC_FREE_CLUS	task_0	Informational		
Microsoft-Windows-NtfsLog_e7344f8a791031178b28432890f6bc10	86	0	task_086(Pointer A10_IrpContext, Pointer A11_Vcb, HexInt64 A12_StartingLcn, HexInt64 A13_ClusterCount)		ALLOC_FREE_CLUS	task_0	Informational		
Microsoft-Windows-NtfsLog_e7344f8a791031178b28432890f6bc10	87	0	task_087(Pointer A10_IrpContext, Pointer A11__Bitmap, HexInt64 A12_BaseLcn, HexInt64 A13_StartingLcn)		ALLOC_FREE_CLUS	task_0	Informational		
Microsoft-Windows-NtfsLog_e7344f8a791031178b28432890f6bc10	88	0	task_088(Pointer A10_IrpContext, Pointer A11_Bitmap, HexInt32 A12_BitMapOffset, HexInt32 A13_NumberOfBits)		ALLOC_FREE_CLUS	task_0	Informational		
Microsoft-Windows-NtfsLog_e7344f8a791031178b28432890f6bc10	89	0	task_089(Pointer A10_IrpContext, Pointer A11_Vcb, HexInt64 A12_StartingLcn, HexInt64 A13_ClusterCount)		ALLOC_FREE_CLUS	task_0	Informational		
Microsoft-Windows-NtfsLog_e7344f8a791031178b28432890f6bc10	90	0	task_090(Pointer A10_IrpContext, Pointer A11__Bitmap, HexInt64 A12_BaseLcn, HexInt64 A13_StartingLcn)		ALLOC_FREE_CLUS	task_0	Informational		
Microsoft-Windows-NtfsLog_e7344f8a791031178b28432890f6bc10	91	0	task_091(Pointer A10_IrpContext, Pointer A11_Bitmap, HexInt32 A12_BitMapOffset, HexInt32 A13_NumberOfBits)		ALLOC_FREE_CLUS	task_0	Informational		
Microsoft-Windows-NtfsLog_e7344f8a791031178b28432890f6bc10	92	0	task_092(Pointer A10_IrpContext, Pointer A11_Vcb, Pointer A12_Bitmap, HexInt64 A13_StartingBitmapLcn, UInt32 A14_SetBits)		ALLOC_FREE_CLUS	task_0	Informational		
Microsoft-Windows-NtfsLog_e7344f8a791031178b28432890f6bc10	93	0	task_093(Pointer A10_IrpContext, Pointer A11_Bitmap, HexInt64 A12_StartingBit, HexInt64 A13_EndingBit)		ALLOC_FREE_CLUS	task_0	Informational		
Microsoft-Windows-NtfsLog_e7344f8a791031178b28432890f6bc10	94	0	task_094(Pointer A10_IrpContext, UInt32 A11_Results)		ALLOC_FREE_CLUS	task_0	Informational		
Microsoft-Windows-NtfsLog_e7344f8a791031178b28432890f6bc10	95	0	task_095(HexInt32 A10_i, HexInt32 A11_OriginalSystemBitmapisizeofOriginalSystemBitmap0)		DUMMY	task_0	Error		
Microsoft-Windows-NtfsLog_e7344f8a791031178b28432890f6bc10	96	0	task_096()		CACHEDRUNS	task_0	Verbose		
Microsoft-Windows-NtfsLog_e7344f8a791031178b28432890f6bc10	97	0	task_097(Int64 A10_Length, UInt32 A11_BinIndex, UInt32 A12_Key, Int32 A13_BitPosition, Int32 A14_GroupIndex, Int32 A15_GroupShiftFactor)		CACHEDRUNS	task_0	Verbose		
Microsoft-Windows-NtfsLog_e7344f8a791031178b28432890f6bc10	98	0	task_098(Int64 A10_Length, UInt32 A11_BinIndex, UInt32 A12_TotalBins)		CACHEDRUNS	task_0	Verbose		
Microsoft-Windows-NtfsLog_e7344f8a791031178b28432890f6bc10	99	0	task_099(UInt32 A10_BinIndex, Int64 A11_MAXLONGLONG, UInt32 A12_TotalBins)		CACHEDRUNS	task_0	Verbose		
Microsoft-Windows-NtfsLog_e7344f8a791031178b28432890f6bc10	100	0	task_0100(UInt32 A10_BinIndex, Int64 A11_MaxLength, Int32 A12_GroupIndex, Int32 A13_RelativeBinIndex, UInt32 A14_MaxKey)		CACHEDRUNS	task_0	Verbose		
Microsoft-Windows-NtfsLog_e7344f8a791031178b28432890f6bc10	101	0	task_0101(Int32 A10_NtfsCachedRunBinGroupShift, UInt32 A11_NtfsCachedRunBinGroupSize, HexInt32 A12_NtfsCachedRunBinGroupMask)		CACHEDRUNS	task_0	Informational		
Microsoft-Windows-NtfsLog_e7344f8a791031178b28432890f6bc10	102	0	task_0102(UInt32 A10_BinIndex, UInt64 A11_MaxLength, HexInt64 A12_MaxLength)		CACHEDRUNS	task_0	Informational		
Microsoft-Windows-NtfsLog_e7344f8a791031178b28432890f6bc10	103	0	task_0103(HexInt64 A10_StartingCluster, HexInt64 A11_ClusterCount, HexInt64 A12_VcbTotalClustersCommitted, HexInt64 A13_VcbTotalClusters, HexInt64 A14_VcbFreeClusters)		VOLBITMAP	task_0	Informational		
Microsoft-Windows-NtfsLog_e7344f8a791031178b28432890f6bc10	104	0	task_0104(Pointer A10_Vcb, HexInt32 A11_FirstBitToClear, HexInt32 A12_BeyondLastBitToClear1)		DELNOTIFY	task_0	Informational		
Microsoft-Windows-NtfsLog_e7344f8a791031178b28432890f6bc10	105	0	task_0105(Pointer A10_Vcb)		DELNOTIFY	task_0	Informational		
Microsoft-Windows-NtfsLog_e7344f8a791031178b28432890f6bc10	106	0	task_0106(Pointer A10_Vcb, HexInt64 A11_FreeClusterBase1, HexInt64 A12_FreeClusterCount1)		DELNOTIFY	task_0	Informational		
Microsoft-Windows-NtfsLog_e7344f8a791031178b28432890f6bc10	107	0	task_0107(Pointer A10_Vcb)		DELNOTIFY	task_0	Informational		
Microsoft-Windows-NtfsLog_e7344f8a791031178b28432890f6bc10	108	0	task_0108(Pointer A10_Vcb, HexInt64 A11_FreeClusterBase2, HexInt64 A12_FreeClusterCount2)		DELNOTIFY	task_0	Informational		
Microsoft-Windows-NtfsLog_e7344f8a791031178b28432890f6bc10	109	0	task_0109(Pointer A10_Vcb, Pointer A11_PsGetCurrentThread, HexInt64 A12_VcbTotalClustersCommitted, HexInt64 A13_VcbTotalClusters, HexInt32 A14_VcbTPMapSizeOfBitMap)		VOLBITMAP	task_0	Error		
Microsoft-Windows-NtfsLog_e7344f8a791031178b28432890f6bc10	110	0	task_0110(UInt32 A10_IrpContextMajorFunction)		DUMMY	task_0	Critical		
Microsoft-Windows-NtfsLog_e7344f8a791031178b28432890f6bc10	111	0	task_0111(Pointer A10_Scb, HexInt64 A11_StartingZero, HexInt64 A12_ByteCount, Pointer A13_ExtentsDescriptor, Int32 A14_ExtentsDescriptorIndex, HexInt64 A15_ExtentsDescriptorStartOffset, HexInt64 A16_Offset, Int32 A17_MaxRuns)		DAX	task_0	Informational		
Microsoft-Windows-NtfsLog_e7344f8a791031178b28432890f6bc10	112	0	task_0112(Int32 A10_RunIndex, HexInt64 A11_ExtentsDescriptorRunRunIndexBasePage, HexInt64 A12_ExtentsDescriptorRunRunIndexPageCount, HexInt64 A13_ExtentLength, HexInt64 A14_Offset, HexInt64 A15_RunIndexStartOffset)		DAX	task_0	Informational		
Microsoft-Windows-NtfsLog_e7344f8a791031178b28432890f6bc10	113	0	task_0113()		DAX	task_0	Informational		
Microsoft-Windows-NtfsLog_e7344f8a791031178b28432890f6bc10	114	0	task_0114(HexInt64 A10_LengthInExtent, HexInt64 A11_ByteCount)		DAX	task_0	Informational		
Microsoft-Windows-NtfsLog_e7344f8a791031178b28432890f6bc10	115	0	task_0115(HexInt64 A10_StartingPhysicalAddrQuadPart, HexInt64 A11_LengthInExtent)		DAX	task_0	Informational		
Microsoft-Windows-NtfsLog_e7344f8a791031178b28432890f6bc10	116	0	task_0116(Int32 A10_ExtentsDescriptorIndex, HexInt64 A11_ExtentsDescriptorStartOffset)		DAX	task_0	Informational		
Microsoft-Windows-NtfsLog_e7344f8a791031178b28432890f6bc10	117	0	task_0117(Pointer A10_Scb, HexInt64 A11_StartingOffset, HexInt64 A12_BeyondEndOffset)		DAX	task_0	Informational		
Microsoft-Windows-NtfsLog_e7344f8a791031178b28432890f6bc10	118	0	task_0118(Int32 A10_DataSetRangeIndex, HexInt64 A11_DsmBufferDataSetRangesDataSetRangeIndexStartingOffset, HexInt64 A12_DsmBufferDataSetRangesDataSetRangeIndexLengthInBytes)		DAX	task_0	Informational		
Microsoft-Windows-NtfsLog_e7344f8a791031178b28432890f6bc10	119	0	task_0119(HexInt64 A10_RemainingClusterCount, Int32 A11_DataSetRangeIndex)		DAX	task_0	Informational		
Microsoft-Windows-NtfsLog_e7344f8a791031178b28432890f6bc10	120	0	task_0120(Int32 A10_DsmByteAddressRangesTotalNumberOfRanges, Int32 A11_DsmByteAddressRangesNumberOfRangesReturned)		DAX	task_0	Informational		
Microsoft-Windows-NtfsLog_e7344f8a791031178b28432890f6bc10	121	0	task_0121(Int32 A10_Index, HexInt64 A11_DsmByteAddressRangesRangesIndexStartAddress, HexInt64 A12_DsmByteAddressRangesRangesIndexLengthInBytes)		DAX	task_0	Informational		
Microsoft-Windows-NtfsLog_e7344f8a791031178b28432890f6bc10	122	0	task_0122(HexInt64 A10_StartingPhysicalAddrQuadPart, HexInt64 A11_LengthInExtent)		DAX	task_0	Informational		
Microsoft-Windows-NtfsLog_e7344f8a791031178b28432890f6bc10	123	0	task_0123(Int32 A10_ExtentsDescriptorIndex, HexInt64 A11_ExtentsDescriptorStartOffset)		DAX	task_0	Informational		
Microsoft-Windows-NtfsLog_e7344f8a791031178b28432890f6bc10	124	0	task_0124(Pointer A10_Scb, HexInt64 A11_StartingZero, HexInt64 A12_BeyondEndOffset, HexInt64 A13_ByteCount, Pointer A14_ExtentsDescriptor, Int32 A15_ExtentsDescriptorIndexExtentsDescriptorIndex0, HexInt64 A16_ExtentsDescriptorStartOffsetExtentsDescriptorStartOffset0)		DAX	task_0	Informational		
Microsoft-Windows-NtfsLog_e7344f8a791031178b28432890f6bc10	125	0	task_0125(Int32 A10_ExtentsDescriptorIndex, HexInt64 A11_ExtentsDescriptorStartOffset)		DAX	task_0	Informational		
Microsoft-Windows-NtfsLog_e7344f8a791031178b28432890f6bc10	126	0	task_0126(Pointer A10_IrpContext, Pointer A11_Scb, HexInt64 A12_StartOffset, HexInt32 A13_ByteCount)		CACHESUP	task_0	Informational		
Microsoft-Windows-NtfsLog_e7344f8a791031178b28432890f6bc10	127	0	task_0127(Pointer A10_IrpContext)		CACHESUP	task_0	Informational		
Microsoft-Windows-NtfsLog_e7344f8a791031178b28432890f6bc10	128	0	task_0128(UInt32 A10_TypeOfOpen)		DUMMY	task_0	Critical		
Microsoft-Windows-NtfsLog_e7344f8a791031178b28432890f6bc10	129	0	task_0129(HexInt32 A10_Status)		DUMMY	task_0	Error		
Microsoft-Windows-NtfsLog_e7344f8a791031178b28432890f6bc10	130	0	task_0130(HexInt32 A10_Status)		DUMMY	task_0	Error		
Microsoft-Windows-NtfsLog_e7344f8a791031178b28432890f6bc10	131	0	task_0131(HexInt32 A10_Status)		DUMMY	task_0	Error		
Microsoft-Windows-NtfsLog_e7344f8a791031178b28432890f6bc10	132	0	task_0132(Pointer A10_Irp, Pointer A11_IrpContext, Pointer A12_Vcb, Pointer A13_CreateContextFileObject, Pointer A14_CreateContextFileObjectRelatedFileObject, 25 A15__CreateContextFileObjectFileName, HexInt32 A16_CreateContextIrpSpParametersCreateOptions, HexInt32 A17_CreateContextIrpSpParametersCreateFileAttributes, HexInt32 A18_CreateContextDesiredAccess, HexInt32 A19_CreateContextIrpSpParametersCreateShareAccess, HexInt32 A20_CreateContextIrpSpParametersCreateEaLength)		OPERATIONS	task_0	Warning		
Microsoft-Windows-NtfsLog_e7344f8a791031178b28432890f6bc10	133	0	task_0133(Pointer A10_Irp, Pointer A11_IrpContext, Pointer A12_Vcb, Pointer A13_CreateContextFileObject, Pointer A14_CreateContextFileObjectRelatedFileObject, CountedUtf16String A15__CreateContextFileObjectFileName, HexInt32 A16_CreateContextIrpSpParametersCreateOptions, HexInt32 A17_CreateContextIrpSpParametersCreateFileAttributes, HexInt32 A18_CreateContextDesiredAccess, HexInt32 A19_CreateContextIrpSpParametersCreateShareAccess, HexInt32 A20_CreateContextIrpSpParametersCreateEaLength)		OPERATIONS	task_0	Warning		
Microsoft-Windows-NtfsLog_e7344f8a791031178b28432890f6bc10	134	0	task_0134(Pointer A10_PsGetCurrentThread, Pointer A11_Vcb, CountedUtf16String A12__VcbVolumeName, CountedUtf16String A13_WppCountedStringWVcbVpbVolumeLabelSAFE_VPB_VOLUME_LABEL_LENGTHVcbVpb, HexInt32 A14_VcbVcbState)		ACCESS_DENIED	task_0	Informational		
Microsoft-Windows-NtfsLog_e7344f8a791031178b28432890f6bc10	135	0	task_0135(Pointer A10_PsGetCurrentThread, HexInt32 A11_CreateDisposition)		ACCESS_DENIED	task_0	Informational		
Microsoft-Windows-NtfsLog_e7344f8a791031178b28432890f6bc10	136	0	task_0136(Pointer A10_PsGetCurrentThread, Pointer A11_Vcb, CountedUtf16String A12__VcbVolumeName, CountedUtf16String A13_WppCountedStringWVcbVpbVolumeLabelSAFE_VPB_VOLUME_LABEL_LENGTHVcbVpb, HexInt32 A14_VcbVcbState)		ACCESS_DENIED	task_0	Informational		
Microsoft-Windows-NtfsLog_e7344f8a791031178b28432890f6bc10	137	0	task_0137(Pointer A10_PsGetCurrentThread, Pointer A11_Vcb, CountedUtf16String A12__VcbVolumeName, CountedUtf16String A13_WppCountedStringWVcbVpbVolumeLabelSAFE_VPB_VOLUME_LABEL_LENGTHVcbVpb, HexInt32 A14_IrpSpParametersCreateShareAccess, Int32 A15_ReadULongNoFence_VcbCleanupCount, Int32 A16_BiasedCleanupCount)		SHARING_VIOLATION	task_0	Informational		
Microsoft-Windows-NtfsLog_e7344f8a791031178b28432890f6bc10	138	0	task_0138(Pointer A10_PsGetCurrentThread, Pointer A11_Vcb, CountedUtf16String A12__VcbVolumeName, CountedUtf16String A13_WppCountedStringWVcbVpbVolumeLabelSAFE_VPB_VOLUME_LABEL_LENGTHVcbVpb, HexInt32 A14_VcbVcbState)		ACCESS_DENIED	task_0	Informational		
Microsoft-Windows-NtfsLog_e7344f8a791031178b28432890f6bc10	139	0	task_0139(Pointer A10_PsGetCurrentThread, Pointer A11_Vcb, CountedUtf16String A12__VcbVolumeName, CountedUtf16String A13_WppCountedStringWVcbVpbVolumeLabelSAFE_VPB_VOLUME_LABEL_LENGTHVcbVpb, HexInt32 A14_IrpSpParametersCreateShareAccess, Int32 A15_VcbReadOnlyCloseCount, Int32 A16_VcbCloseCount, Int32 A17_VcbSystemFileCloseCount)		SHARING_VIOLATION	task_0	Informational		
Microsoft-Windows-NtfsLog_e7344f8a791031178b28432890f6bc10	140	0	task_0140(Pointer A10_PsGetCurrentThread, Pointer A11_FcbVcb, CountedUtf16String A12__FcbVcbVolumeName, CountedUtf16String A13_WppCountedStringWFcbVcbVpbVolumeLabelSAFE_VPB_VOLUME_LABEL_LENGTHFcbVcbVpb, Pointer A14_Fcb, HexInt64 A15_NtfsFullFileRefNumber_FcbFileReference, Int32 A16_FcbCleanupCount, HexInt32 A17_FcbFcbState, HexInt32 A18_IrpSpFlags)		SHARING_VIOLATION	task_0	Informational		
Microsoft-Windows-NtfsLog_e7344f8a791031178b28432890f6bc10	141	0	task_0141(Pointer A10_PsGetCurrentThread, Pointer A11_FcbVcb, CountedUtf16String A12__FcbVcbVolumeName, CountedUtf16String A13_WppCountedStringWFcbVcbVpbVolumeLabelSAFE_VPB_VOLUME_LABEL_LENGTHFcbVcbVpb, Pointer A14_Fcb, HexInt64 A15_NtfsFullFileRefNumber_FcbFileReference, HexInt32 A16_FcbFcbState, HexInt32 A17_IrpSpFlags)		SHARING_VIOLATION	task_0	Informational		
Microsoft-Windows-NtfsLog_e7344f8a791031178b28432890f6bc10	142	0	task_0142(Pointer A10_PsGetCurrentThread, Pointer A11_FcbVcb, CountedUtf16String A12__FcbVcbVolumeName, CountedUtf16String A13_WppCountedStringWFcbVcbVpbVolumeLabelSAFE_VPB_VOLUME_LABEL_LENGTHFcbVcbVpb, Pointer A14_Fcb, HexInt64 A15_NtfsFullFileRefNumber_FcbFileReference, HexInt32 A16_IrpContextState, HexInt32 A17_IrpSpFlags)		SHARING_VIOLATION	task_0	Informational		
Microsoft-Windows-NtfsLog_e7344f8a791031178b28432890f6bc10	143	0	task_0143(Pointer A10_PsGetCurrentThread, Pointer A11_ThisFcbVcb, CountedUtf16String A12__ThisFcbVcbVolumeName, CountedUtf16String A13_WppCountedStringWThisFcbVcbVpbVolumeLabelSAFE_VPB_VOLUME_LABEL_LENGTHThisFcbVcbVpb, Pointer A14_ThisFcb, HexInt64 A15_NtfsFullFileRefNumber_ThisFcbFileReference, HexInt32 A16_ThisFcbFcbState, HexInt32 A17_CreateContextIrpSpParametersCreateOptions24_0x000000ff, HexInt32 A18_CreateContextIrpSpParametersCreateSecurityContextDesiredAccess)		ACCESS_DENIED	task_0	Informational		
Microsoft-Windows-NtfsLog_e7344f8a791031178b28432890f6bc10	144	0	task_0144(Pointer A10_PsGetCurrentThread, Pointer A11_CreateContextCurrentFcbVcb, CountedUtf16String A12__CreateContextCurrentFcbVcbVolumeName, CountedUtf16String A13_WppCountedStringWCreateContextCurrentFcbVcbVpbVolumeLabelSAFE_VPB_VOLUME_LABEL_LENGTHCreateContextCurrentFcbVcbVpb, Pointer A14_CreateContextCurrentFcb, HexInt64 A15_NtfsFullFileRefNumber_CreateContextCurrentFcbFileReference, HexInt32 A16_CreateContextCurrentFcbInfoFileAttributes, HexInt32 A17_CreateContextCurrentFcbTxfRmcbRmState)		ACCESS_DENIED	task_0	Informational		
Microsoft-Windows-NtfsLog_e7344f8a791031178b28432890f6bc10	145	0	task_0145(Pointer A10_PsGetCurrentThread, Pointer A11_CreateContextCurrentFcbVcb, CountedUtf16String A12__CreateContextCurrentFcbVcbVolumeName, CountedUtf16String A13_WppCountedStringWCreateContextCurrentFcbVcbVpbVolumeLabelSAFE_VPB_VOLUME_LABEL_LENGTHCreateContextCurrentFcbVcbVpb, Pointer A14_CreateContextCurrentFcb, HexInt64 A15_NtfsFullFileRefNumber_CreateContextCurrentFcbFileReference, HexInt32 A16_CreateContextCurrentFcbFcbState, HexInt32 A17_CreateContextIrpSpParametersCreateOptions24_0x000000ff, HexInt32 A18_CreateContextIrpSpParametersCreateSecurityContextDesiredAccess)		ACCESS_DENIED	task_0	Informational		
Microsoft-Windows-NtfsLog_e7344f8a791031178b28432890f6bc10	146	0	task_0146(Pointer A10_PsGetCurrentThread, Pointer A11_ThisFcbVcb, CountedUtf16String A12__ThisFcbVcbVolumeName, CountedUtf16String A13_WppCountedStringWThisFcbVcbVpbVolumeLabelSAFE_VPB_VOLUME_LABEL_LENGTHThisFcbVcbVpb, Pointer A14_ThisFcb, HexInt64 A15_NtfsFullFileRefNumber_ThisFcbFileReference, HexInt32 A16_ThisFcbFcbState)		ACCESS_DENIED	task_0	Informational		
Microsoft-Windows-NtfsLog_e7344f8a791031178b28432890f6bc10	147	0	task_0147(Pointer A10_PsGetCurrentThread, Pointer A11_ThisFcbVcb, CountedUtf16String A12__ThisFcbVcbVolumeName, CountedUtf16String A13_WppCountedStringWThisFcbVcbVpbVolumeLabelSAFE_VPB_VOLUME_LABEL_LENGTHThisFcbVcbVpb, Pointer A14_ThisFcb, HexInt64 A15_NtfsFullFileRefNumber_ThisFcbFileReference, HexInt32 A16_ThisFcbFcbState, HexInt32 A17_CreateContextIrpSpParametersCreateOptions24_0x000000ff, HexInt32 A18_CreateContextIrpSpParametersCreateSecurityContextDesiredAccess)		ACCESS_DENIED	task_0	Informational		
Microsoft-Windows-NtfsLog_e7344f8a791031178b28432890f6bc10	148	0	task_0148(Pointer A10_PsGetCurrentThread, Pointer A11_ThisFcbVcb, CountedUtf16String A12__ThisFcbVcbVolumeName, CountedUtf16String A13_WppCountedStringWThisFcbVcbVpbVolumeLabelSAFE_VPB_VOLUME_LABEL_LENGTHThisFcbVcbVpb, Pointer A14_ThisFcb, HexInt64 A15_NtfsFullFileRefNumber_ThisFcbFileReference, HexInt32 A16_ThisFcbTxfRmcbRmState)		ACCESS_DENIED	task_0	Informational		
Microsoft-Windows-NtfsLog_e7344f8a791031178b28432890f6bc10	149	0	task_0149(Pointer A10_PsGetCurrentThread, Pointer A11_ParentScbFcbVcb, CountedUtf16String A12__ParentScbFcbVcbVolumeName, CountedUtf16String A13_WppCountedStringWParentScbFcbVcbVpbVolumeLabelSAFE_VPB_VOLUME_LABEL_LENGTHParentScbFcbVcbVpb, Pointer A14_ParentScbFcb, HexInt64 A15_NtfsFullFileRefNumber_ParentScbFcbFileReference, HexInt32 A16_ParentScbFcbFcbState, HexInt32 A17_ParentScbFcbTxfRmcbRmState, HexInt32 A18_AttrTypeCode)		ACCESS_DENIED	task_0	Informational		
Microsoft-Windows-NtfsLog_e7344f8a791031178b28432890f6bc10	150	0	task_0150(Pointer A10_PsGetCurrentThread, Pointer A11_Vcb, CountedUtf16String A12__ThisFcbVcbVolumeName, CountedUtf16String A13_WppCountedStringWThisFcbVcbVpbVolumeLabelSAFE_VPB_VOLUME_LABEL_LENGTHThisFcbVcbVpb, Pointer A14_ThisFcb, HexInt64 A15_NtfsFullFileRefNumber_ThisFcbFileReference, HexInt32 A16_CreateContextIrpSpParametersCreateOptions, HexInt32 A17_CcbFlags)		ACCESS_DENIED	task_0	Informational		
Microsoft-Windows-NtfsLog_e7344f8a791031178b28432890f6bc10	151	0	task_0151(Pointer A10_PsGetCurrentThread, Pointer A11_ParentScbVcb, CountedUtf16String A12__ParentScbVcbVolumeName, CountedUtf16String A13_WppCountedStringWParentScbVcbVpbVolumeLabelSAFE_VPB_VOLUME_LABEL_LENGTHParentScbVcbVpb, Pointer A14_ParentScbFcb, HexInt64 A15_NtfsFullFileRefNumber_ParentScbFcbFileReference, HexInt32 A16_ParentScbFcbFcbState, HexInt32 A17_ParentScbFcbTxfRmcbRmState)		ACCESS_DENIED	task_0	Informational		
Microsoft-Windows-NtfsLog_e7344f8a791031178b28432890f6bc10	152	0	task_0152(Pointer A10_PsGetCurrentThread, Pointer A11_Vcb, CountedUtf16String A12__VcbVolumeName, CountedUtf16String A13_WppCountedStringWVcbVpbVolumeLabelSAFE_VPB_VOLUME_LABEL_LENGTHVcbVpb, Pointer A14_ThisFcb, HexInt64 A15_NtfsFullFileRefNumber_ThisFcbFileReference, HexInt32 A16_ThisFcbTxfRmcbRmState)		ACCESS_DENIED	task_0	Informational		
Microsoft-Windows-NtfsLog_e7344f8a791031178b28432890f6bc10	153	0	task_0153(Pointer A10_PsGetCurrentThread, Pointer A11_ThisFcbVcb, CountedUtf16String A12__ThisFcbVcbVolumeName, CountedUtf16String A13_WppCountedStringWThisFcbVcbVpbVolumeLabelSAFE_VPB_VOLUME_LABEL_LENGTHThisFcbVcbVpb, Pointer A14_ThisFcb, HexInt64 A15_NtfsFullFileRefNumber_ThisFcbFileReference, Int32 A16_ThisEaInformationNeedEaCount, HexInt32 A17_CreateContextIrpSpParametersCreateOptions, HexInt32 A18_CcbFlags)		ACCESS_DENIED	task_0	Informational		
Microsoft-Windows-NtfsLog_e7344f8a791031178b28432890f6bc10	154	0	task_0154(Pointer A10_PsGetCurrentThread, Pointer A11_ThisFcbVcb, CountedUtf16String A12__ThisFcbVcbVolumeName, CountedUtf16String A13_WppCountedStringWThisFcbVcbVpbVolumeLabelSAFE_VPB_VOLUME_LABEL_LENGTHThisFcbVcbVpb, Pointer A14_ThisFcb, HexInt64 A15_NtfsFullFileRefNumber_ThisFcbFileReference, HexInt32 A16_AttrTypeCode, HexInt32 A17_CreateDisposition)		ACCESS_DENIED	task_0	Informational		
Microsoft-Windows-NtfsLog_e7344f8a791031178b28432890f6bc10	155	0	task_0155(Pointer A10_PsGetCurrentThread, Pointer A11_ThisFcbVcb, CountedUtf16String A12__ThisFcbVcbVolumeName, CountedUtf16String A13_WppCountedStringWThisFcbVcbVpbVolumeLabelSAFE_VPB_VOLUME_LABEL_LENGTHThisFcbVcbVpb, Pointer A14_ThisFcb, HexInt64 A15_NtfsFullFileRefNumber_ThisFcbFileReference, HexInt32 A16_CreateDisposition)		ACCESS_DENIED	task_0	Informational		
Microsoft-Windows-NtfsLog_e7344f8a791031178b28432890f6bc10	156	0	task_0156(Pointer A10_PsGetCurrentThread, Pointer A11_ThisFcbVcb, CountedUtf16String A12__ThisFcbVcbVolumeName, CountedUtf16String A13_WppCountedStringWThisFcbVcbVpbVolumeLabelSAFE_VPB_VOLUME_LABEL_LENGTHThisFcbVcbVpb, Pointer A14_ThisFcb, HexInt64 A15_NtfsFullFileRefNumber_ThisFcbFileReference, HexInt32 A16_ThisFcbFcbState, HexInt32 A17_AttrTypeCode)		ACCESS_DENIED	task_0	Informational		
Microsoft-Windows-NtfsLog_e7344f8a791031178b28432890f6bc10	157	0	task_0157(Pointer A10_PsGetCurrentThread, Pointer A11_ThisFcbVcb, CountedUtf16String A12__ThisFcbVcbVolumeName, CountedUtf16String A13_WppCountedStringWThisFcbVcbVpbVolumeLabelSAFE_VPB_VOLUME_LABEL_LENGTHThisFcbVcbVpb, Pointer A14_ThisFcb, HexInt64 A15_NtfsFullFileRefNumber_ThisFcbFileReference, HexInt32 A16_ThisFcbInfoFileAttributes, HexInt32 A17_FileAttributes)		ACCESS_DENIED	task_0	Informational		
Microsoft-Windows-NtfsLog_e7344f8a791031178b28432890f6bc10	158	0	task_0158(Pointer A10_PsGetCurrentThread, Pointer A11_ThisFcbVcb, CountedUtf16String A12__ThisFcbVcbVolumeName, CountedUtf16String A13_WppCountedStringWThisFcbVcbVpbVolumeLabelSAFE_VPB_VOLUME_LABEL_LENGTHThisFcbVcbVpb, Pointer A14_ThisFcb, HexInt64 A15_NtfsFullFileRefNumber_ThisFcbFileReference, HexInt32 A16_CreateContextIrpSpParametersCreateOptions)		ACCESS_DENIED	task_0	Informational		
Microsoft-Windows-NtfsLog_e7344f8a791031178b28432890f6bc10	159	0	task_0159(Pointer A10_PsGetCurrentThread, Pointer A11_ThisFcbVcb, CountedUtf16String A12__ThisFcbVcbVolumeName, CountedUtf16String A13_WppCountedStringWThisFcbVcbVpbVolumeLabelSAFE_VPB_VOLUME_LABEL_LENGTHThisFcbVcbVpb, Pointer A14_ThisFcb, HexInt64 A15_NtfsFullFileRefNumber_ThisFcbFileReference, HexInt32 A16_CreateContextThisScbAttributeTypeCode, HexInt32 A17_CreateContextThisScbState, Int64 A18_CreateContextThisScbScbTypeDataHighWaterMark)		ACCESS_DENIED	task_0	Informational		
Microsoft-Windows-NtfsLog_e7344f8a791031178b28432890f6bc10	160	0	task_0160(Pointer A10_PsGetCurrentThread, Pointer A11_Vcb, CountedUtf16String A12__VcbVolumeName, CountedUtf16String A13_WppCountedStringWVcbVpbVolumeLabelSAFE_VPB_VOLUME_LABEL_LENGTHVcbVpb, HexInt32 A14_AttrCode, HexInt32 A15_CreateDisposition)		ACCESS_DENIED	task_0	Informational		
Microsoft-Windows-NtfsLog_e7344f8a791031178b28432890f6bc10	161	0	task_0161(Pointer A10_PsGetCurrentThread, Pointer A11_Vcb, CountedUtf16String A12__VcbVolumeName, CountedUtf16String A13_WppCountedStringWVcbVpbVolumeLabelSAFE_VPB_VOLUME_LABEL_LENGTHVcbVpb, HexInt32 A14_AttrCode, HexInt32 A15_IrpSpParametersCreateSecurityContextAccessStateOriginalDesiredAccess)		ACCESS_DENIED	task_0	Informational		
Microsoft-Windows-NtfsLog_e7344f8a791031178b28432890f6bc10	162	0	task_0162(Pointer A10_PsGetCurrentThread, HexInt32 A11_AttrCode)		ACCESS_DENIED	task_0	Informational		
Microsoft-Windows-NtfsLog_e7344f8a791031178b28432890f6bc10	163	0	task_0163(Pointer A10_PsGetCurrentThread, Pointer A11_ThisScbVcb, CountedUtf16String A12__ThisScbVcbVolumeName, CountedUtf16String A13_WppCountedStringWThisScbVcbVpbVolumeLabelSAFE_VPB_VOLUME_LABEL_LENGTHThisScbVcbVpb, Pointer A14_ThisScbFcb, HexInt64 A15_NtfsFullFileRefNumber_ThisScbFcbFileReference, Pointer A16_ThisScb, HexInt32 A17_ThisScbAttributeTypeCode, CountedUtf16String A18__ThisScbAttributeName, HexInt32 A19_IrpSpParametersCreateShareAccess, HexInt32 A20_IrpSpParametersCreateSecurityContextAccessStatePreviouslyGrantedAccess)		SHARING_VIOLATION	task_0	Informational		
Microsoft-Windows-NtfsLog_e7344f8a791031178b28432890f6bc10	164	0	task_0164(Pointer A10_PsGetCurrentThread, Pointer A11_ThisScbVcb, CountedUtf16String A12__ThisScbVcbVolumeName, CountedUtf16String A13_WppCountedStringWThisScbVcbVpbVolumeLabelSAFE_VPB_VOLUME_LABEL_LENGTHThisScbVcbVpb, Pointer A14_ThisScbFcb, HexInt64 A15_NtfsFullFileRefNumber_ThisScbFcbFileReference, Pointer A16_ThisScb, HexInt32 A17_ThisScbAttributeTypeCode, CountedUtf16String A18__ThisScbAttributeName)		ACCESS_DENIED	task_0	Informational		
Microsoft-Windows-NtfsLog_e7344f8a791031178b28432890f6bc10	165	0	task_0165(Pointer A10_PsGetCurrentThread, Pointer A11_ThisScbVcb, CountedUtf16String A12__ThisScbVcbVolumeName, CountedUtf16String A13_WppCountedStringWThisScbVcbVpbVolumeLabelSAFE_VPB_VOLUME_LABEL_LENGTHThisScbVcbVpb, Pointer A14_ThisScbFcb, HexInt64 A15_NtfsFullFileRefNumber_ThisScbFcbFileReference, Pointer A16_ThisScb, HexInt32 A17_ThisScbAttributeTypeCode, CountedUtf16String A18__ThisScbAttributeName, HexInt32 A19_IrpSpParametersCreateSecurityContextAccessStatePreviouslyGrantedAccess)		SHARING_VIOLATION	task_0	Informational		
Microsoft-Windows-NtfsLog_e7344f8a791031178b28432890f6bc10	166	0	task_0166(Pointer A10_PsGetCurrentThread, Pointer A11_ThisScbVcb, CountedUtf16String A12__ThisScbVcbVolumeName, CountedUtf16String A13_WppCountedStringWThisScbVcbVpbVolumeLabelSAFE_VPB_VOLUME_LABEL_LENGTHThisScbVcbVpb, Pointer A14_ThisScbFcb, HexInt64 A15_NtfsFullFileRefNumber_ThisScbFcbFileReference, Pointer A16_ThisScb, Int32 A17_ThisScbMarkHandleDisallowWritesCount, HexInt32 A18_IrpSpParametersCreateSecurityContextDesiredAccess)		ACCESS_DENIED	task_0	Informational		
Microsoft-Windows-NtfsLog_e7344f8a791031178b28432890f6bc10	167	0	task_0167(Pointer A10_PsGetCurrentThread, Pointer A11_ThisScbVcb, CountedUtf16String A12__ThisScbVcbVolumeName, CountedUtf16String A13_WppCountedStringWThisScbVcbVpbVolumeLabelSAFE_VPB_VOLUME_LABEL_LENGTHThisScbVcbVpb, Pointer A14_ThisScbFcb, HexInt64 A15_NtfsFullFileRefNumber_ThisScbFcbFileReference, Pointer A16_ThisScb, HexInt32 A17_ThisScbAttributeTypeCode, CountedUtf16String A18__ThisScbAttributeName, HexInt32 A19_IrpSpParametersCreateShareAccess, HexInt32 A20_GrantedAccess)		SHARING_VIOLATION	task_0	Informational		
Microsoft-Windows-NtfsLog_e7344f8a791031178b28432890f6bc10	168	0	task_0168(Pointer A10_PsGetCurrentThread, Pointer A11_ThisScbVcb, CountedUtf16String A12__ThisScbVcbVolumeName, CountedUtf16String A13_WppCountedStringWThisScbVcbVpbVolumeLabelSAFE_VPB_VOLUME_LABEL_LENGTHThisScbVcbVpb, Pointer A14_ThisScbFcb, HexInt64 A15_NtfsFullFileRefNumber_ThisScbFcbFileReference, HexInt32 A16_IrpSpParametersCreateShareAccess, HexInt32 A17_IrpSpFileObjectFlags)		ACCESS_DENIED	task_0	Informational		
Microsoft-Windows-NtfsLog_e7344f8a791031178b28432890f6bc10	169	0	task_0169(Pointer A10_PsGetCurrentThread, Pointer A11_ThisScbVcb, CountedUtf16String A12__ThisScbVcbVolumeName, CountedUtf16String A13_WppCountedStringWThisScbVcbVpbVolumeLabelSAFE_VPB_VOLUME_LABEL_LENGTHThisScbVcbVpb, Pointer A14_ThisScbFcb, HexInt64 A15_NtfsFullFileRefNumber_ThisScbFcbFileReference, Pointer A16_ThisScb, HexInt32 A17_ThisScbAttributeTypeCode, CountedUtf16String A18__ThisScbAttributeName, HexInt32 A19_IrpSpParametersCreateShareAccess, HexInt32 A20_GrantedAccess)		SHARING_VIOLATION	task_0	Informational		
Microsoft-Windows-NtfsLog_e7344f8a791031178b28432890f6bc10	170	0	task_0170(Pointer A10_PsGetCurrentThread, Pointer A11_ThisFcbVcb, CountedUtf16String A12__ThisFcbVcbVolumeName, CountedUtf16String A13_WppCountedStringWThisFcbVcbVpbVolumeLabelSAFE_VPB_VOLUME_LABEL_LENGTHThisFcbVcbVpb, Pointer A14_ThisFcb, HexInt64 A15_NtfsFullFileRefNumber_ThisFcbFileReference, HexInt32 A16_IrpSpParametersCreateShareAccess, HexInt32 A17_IrpSpFileObjectFlags)		ACCESS_DENIED	task_0	Informational		
Microsoft-Windows-NtfsLog_e7344f8a791031178b28432890f6bc10	171	0	task_0171(Pointer A10_PsGetCurrentThread, Pointer A11_ThisFcbVcb, CountedUtf16String A12__ThisFcbVcbVolumeName, CountedUtf16String A13_WppCountedStringWThisFcbVcbVpbVolumeLabelSAFE_VPB_VOLUME_LABEL_LENGTHThisFcbVcbVpb, Pointer A14_ThisFcb, HexInt64 A15_NtfsFullFileRefNumber_ThisFcbFileReference, HexInt32 A16_IrpSpParametersCreateSecurityContextDesiredAccess, HexInt32 A17_ThisFcbInfoFileAttributes, HexInt32 A18_IrpSpFlags)		ACCESS_DENIED	task_0	Informational		
Microsoft-Windows-NtfsLog_e7344f8a791031178b28432890f6bc10	172	0	task_0172(Pointer A10_PsGetCurrentThread, Pointer A11_CurrentFcbVcb, CountedUtf16String A12__CurrentFcbVcbVolumeName, CountedUtf16String A13_WppCountedStringWCurrentFcbVcbVpbVolumeLabelSAFE_VPB_VOLUME_LABEL_LENGTHCurrentFcbVcbVpb, Pointer A14_CurrentFcb, HexInt64 A15_NtfsFullFileRefNumber_CurrentFcbFileReference, HexInt32 A16_CurrentFcbInfoFileAttributes, HexInt32 A17_NtfsDataFlags)		ACCESS_DENIED	task_0	Informational		
Microsoft-Windows-NtfsLog_e7344f8a791031178b28432890f6bc10	173	0	task_0173(Pointer A10_PsGetCurrentThread, Pointer A11_CurrentFcbVcb, CountedUtf16String A12__CurrentFcbVcbVolumeName, CountedUtf16String A13_WppCountedStringWCurrentFcbVcbVpbVolumeLabelSAFE_VPB_VOLUME_LABEL_LENGTHCurrentFcbVcbVpb, Pointer A14_CurrentFcb, HexInt64 A15_NtfsFullFileRefNumber_CurrentFcbFileReference, HexInt32 A16_CurrentFcbInfoFileAttributes, HexInt32 A17_ThisScbAttributeFlags)		ACCESS_DENIED	task_0	Informational		
Microsoft-Windows-NtfsLog_e7344f8a791031178b28432890f6bc10	174	0	task_0174(Pointer A10_PsGetCurrentThread, Pointer A11_ThisScbVcb, CountedUtf16String A12__ThisScbVcbVolumeName, CountedUtf16String A13_WppCountedStringWThisScbVcbVpbVolumeLabelSAFE_VPB_VOLUME_LABEL_LENGTHThisScbVcbVpb, Pointer A14_ThisScbFcb, HexInt64 A15_NtfsFullFileRefNumber_ThisScbFcbFileReference, Int32 A16_CreateContextCurrentFcbCleanupCount, HexInt32 A17_NtfsDataEncryptionCallBackTableImplementationFlags)		SHARING_VIOLATION	task_0	Informational		
Microsoft-Windows-NtfsLog_e7344f8a791031178b28432890f6bc10	175	0	task_0175(Pointer A10_PsGetCurrentThread, Pointer A11_CurrentFcb, HexInt64 A12_NtfsFullFileRefNumber_CurrentFcbFileReference, HexInt32 A13_CurrentFcbTxfRmcbRmState)		ACCESS_DENIED	task_0	Informational		
Microsoft-Windows-NtfsLog_e7344f8a791031178b28432890f6bc10	176	0	task_0176(Pointer A10_PsGetCurrentThread, Pointer A11_LcbFcbVcb, CountedUtf16String A12__LcbFcbVcbVolumeName, CountedUtf16String A13_WppCountedStringWLcbFcbVcbVpbVolumeLabelSAFE_VPB_VOLUME_LABEL_LENGTHLcbFcbVcbVpb, Pointer A14_LcbFcb, HexInt64 A15_NtfsFullFileRefNumber_LcbFcbFileReference, CountedUtf16String A16_WppCountedStringWLcbFileNameAttrFileNameUSHORTLcbFileNameAttrFileNameLength, HexInt32 A17_DesiredAccess, HexInt32 A18_DesiredShareAccess, HexInt32 A19_IoShareAccessFlags, Int32 A20_LinkShareAccessOpenCount, Int32 A21_LinkShareAccessDeleters, Int32 A22_LinkShareAccessSharedDelete)		SHARING_VIOLATION	task_0	Informational		
Microsoft-Windows-NtfsLog_e7344f8a791031178b28432890f6bc10	177	0	task_0177(Pointer A10_PsGetCurrentThread, Pointer A11_ScbVcb, CountedUtf16String A12__ScbVcbVolumeName, CountedUtf16String A13_WppCountedStringWScbVcbVpbVolumeLabelSAFE_VPB_VOLUME_LABEL_LENGTHScbVcbVpb, Pointer A14_ScbFcb, HexInt64 A15_NtfsFullFileRefNumber_ScbFcbFileReference, HexInt32 A16_ScbAttributeTypeCode, CountedUtf16String A17__ScbAttributeName, HexInt32 A18_DesiredAccess, HexInt32 A19_DesiredShareAccess, HexInt32 A20_IoShareAccessFlags, Int32 A21_ShareAccessOpenCount, Int32 A22_ShareAccessReaders, Int32 A23_ShareAccessWriters, Int32 A24_ShareAccessDeleters, Int32 A25_ShareAccessSharedRead, Int32 A26_ShareAccessSharedWrite, Int32 A27_ShareAccessSharedDelete)		SHARING_VIOLATION	task_0	Informational		
Microsoft-Windows-NtfsLog_e7344f8a791031178b28432890f6bc10	178	0	task_0178(Pointer A10_PsGetCurrentThread, Pointer A11_ScbVcb, CountedUtf16String A12__ScbVcbVolumeName, CountedUtf16String A13_WppCountedStringWScbVcbVpbVolumeLabelSAFE_VPB_VOLUME_LABEL_LENGTHScbVcbVpb, Pointer A14_ScbFcb, HexInt64 A15_NtfsFullFileRefNumber_ScbFcbFileReference, HexInt32 A16_ScbAttributeTypeCode, CountedUtf16String A17__ScbAttributeName, CountedUtf16String A18_WppCountedStringWLcbFileNameAttrFileNameUSHORTLcbFileNameAttrFileNameLength, HexInt32 A19_DesiredAccess, HexInt32 A20_DesiredShareAccess, HexInt32 A21_IoShareAccessFlags, Int32 A22_ShareAccessOpenCount, Int32 A23_ShareAccessReaders, Int32 A24_ShareAccessWriters, Int32 A25_ShareAccessDeleters, Int32 A26_ShareAccessSharedRead, Int32 A27_ShareAccessSharedWrite, Int32 A28_ShareAccessSharedDelete, Int32 A29_LinkShareAccessOpenCount, Int32 A30_LinkShareAccessDeleters, Int32 A31_LinkShareAccessSharedDelete)		SHARING_VIOLATION	task_0	Informational		
Microsoft-Windows-NtfsLog_e7344f8a791031178b28432890f6bc10	179	0	task_0179(Pointer A10_PsGetCurrentThread, Pointer A11_ScbVcb, CountedUtf16String A12__ScbVcbVolumeName, CountedUtf16String A13_WppCountedStringWScbVcbVpbVolumeLabelSAFE_VPB_VOLUME_LABEL_LENGTHScbVcbVpb, Pointer A14_ScbFcb, HexInt64 A15_NtfsFullFileRefNumber_ScbFcbFileReference, HexInt32 A16_ScbAttributeTypeCode, CountedUtf16String A17__ScbAttributeName, CountedUtf16String A18_ARGUMENT_PRESENTLcbWppCountedStringWLcbFileNameAttrFileNameUSHORTLcbFileNameAttrFileNameLengthWppCountedStringWNULL0, HexInt32 A19_AccessStatePreviouslyGrantedAccess, HexInt32 A20_AccessStateFlags, HexInt32 A21_DesiredShareAccess, HexInt32 A22_CreateDisposition, Int32 A23_ScbShareAccessOpenCount, Int32 A24_ScbShareAccessReaders, Int32 A25_ScbShareAccessWriters, Int32 A26_ScbShareAccessDeleters, Int32 A27_ScbShareAccessSharedRead, Int32 A28_ARGUMENT_PRESENTLcbLcbLinkShareAccessDeleters0)		SHARING_VIOLATION	task_0	Informational		
Microsoft-Windows-NtfsLog_e7344f8a791031178b28432890f6bc10	180	0	task_0180(UInt32 A10_FILEID_FROM_SOURCEFileNLine, Int32 A11_LINENUM_FROM_SOURCEFileNLine, HexInt32 A12_Status, CountedMbcsString A13__ProcessName)		STATUS_DEBUG	task_0	Verbose		
Microsoft-Windows-NtfsLog_e7344f8a791031178b28432890f6bc10	181	0	task_0181(UInt32 A10_FILEID_FROM_SOURCEFileNLine, Int32 A11_LINENUM_FROM_SOURCEFileNLine, HexInt32 A12_Status, CountedMbcsString A13__ProcessName)		STATUS_DEBUG	task_0	Informational		
Microsoft-Windows-NtfsLog_e7344f8a791031178b28432890f6bc10	182	0	task_0182(UInt32 A10_FILEID_FROM_SOURCEFileNLine, Int32 A11_LINENUM_FROM_SOURCEFileNLine, HexInt32 A12_Status, CountedMbcsString A13__ProcessName)		STATUS_DEBUG	task_0	Warning		
Microsoft-Windows-NtfsLog_e7344f8a791031178b28432890f6bc10	183	0	task_0183(UInt32 A10_FILEID_FROM_SOURCEFileNLine, Int32 A11_LINENUM_FROM_SOURCEFileNLine, HexInt32 A12_Status, CountedMbcsString A13__ProcessName)		STATUS_DEBUG	task_0	Error		
Microsoft-Windows-NtfsLog_e7344f8a791031178b28432890f6bc10	184	0	task_0184(Pointer A10_Vcb, HexInt64 A11_StartingCluster, HexInt32 A12_RunLength)		DELNOTIFY	task_0	Informational		
Microsoft-Windows-NtfsLog_e7344f8a791031178b28432890f6bc10	185	0	task_0185(Pointer A10_Vcb)		DELNOTIFY	task_0	Informational		
Microsoft-Windows-NtfsLog_e7344f8a791031178b28432890f6bc10	186	0	task_0186(Pointer A10_Vcb, Pointer A11_MarkUnusedContext, Pointer A12_MarkUnusedContextDeallocatedClusters, Pointer A13__MarkUnusedContextDeallocatedClustersMcb)		DELNOTIFY	task_0	Informational		
Microsoft-Windows-NtfsLog_e7344f8a791031178b28432890f6bc10	187	0	task_0187(Pointer A10_Vcb, HexInt64 A11_StartingCluster, HexInt32 A12_RunLength, Pointer A13__MarkUnusedContextDeallocatedClustersMcb)		DELNOTIFY	task_0	Informational		
Microsoft-Windows-NtfsLog_e7344f8a791031178b28432890f6bc10	188	0	task_0188(Pointer A10_Vcb, Pointer A11__MarkUnusedContextDeallocatedClustersMcb)		DELNOTIFY	task_0	Informational		
Microsoft-Windows-NtfsLog_e7344f8a791031178b28432890f6bc10	189	0	task_0189(Pointer A10_Vcb, Pointer A11_MarkUnusedContext, Pointer A12_IrpContext)		DELNOTIFY	task_0	Informational		
Microsoft-Windows-NtfsLog_e7344f8a791031178b28432890f6bc10	190	0	task_0190(Pointer A10_Vcb)		DELNOTIFY	task_0	Warning		
Microsoft-Windows-NtfsLog_e7344f8a791031178b28432890f6bc10	191	0	task_0191(Pointer A10_Src, Pointer A11_Dst, HexInt64 A12_SrcClustersCount, HexInt64 A13_SrcDeallocatedClustersClusterCount, HexInt32 A14_SrcDsmAttrDataSetRangesLength)		DELNOTIFY	task_0	Informational		
Microsoft-Windows-NtfsLog_e7344f8a791031178b28432890f6bc10	192	0	task_0192(Pointer A10_Src, Pointer A11_Dst, HexInt64 A12_SrcClustersCount, HexInt64 A13_DstClustersCount, HexInt32 A14_DstDsmAttrDataSetRangesLength, HexInt64 A15_DstFirstDataSetRangePtrLengthInBytes, HexInt64 A16_DstFirstDataSetRangePtrStartingOffset)		DELNOTIFY	task_0	Informational		
Microsoft-Windows-NtfsLog_e7344f8a791031178b28432890f6bc10	193	0	task_0193()		DELNOTIFY	task_0	Verbose		
Microsoft-Windows-NtfsLog_e7344f8a791031178b28432890f6bc10	194	0	task_0194(Pointer A10_Vcb, Pointer A11_MarkUnusedContext, HexInt64 A12_VcbDeallocatedClusters, HexInt32 A13_VcbDeallocatedClustersListLengthInTrim, HexInt32 A14_VcbDeallocatedClustersListLengthToDrain, HexInt64 A15_ClustersClusterCount, HexInt32 A16_InitialRanges)		DELNOTIFY	task_0	Informational		
Microsoft-Windows-NtfsLog_e7344f8a791031178b28432890f6bc10	195	0	task_0195(Pointer A10_Vcb, Pointer A11_MarkUnusedContext, HexInt64 A12_StartingLcn, HexInt64 A13_ClusterCount, HexInt64 A14_FreeClusterBase1, HexInt64 A15_FreeClusterCount1, HexInt64 A16_FreeClusterBase2, HexInt64 A17_FreeClusterCount2)		DELNOTIFY	task_0	Informational		
Microsoft-Windows-NtfsLog_e7344f8a791031178b28432890f6bc10	196	0	task_0196(Pointer A10_Vcb)		DELNOTIFY	task_0	Informational		
Microsoft-Windows-NtfsLog_e7344f8a791031178b28432890f6bc10	197	0	task_0197(Pointer A10_Vcb, HexInt32 A11_VcbCloseCount)		DELNOTIFY	task_0	Informational		
Microsoft-Windows-NtfsLog_e7344f8a791031178b28432890f6bc10	198	0	task_0198()		DELNOTIFY	task_0	Verbose		
Microsoft-Windows-NtfsLog_e7344f8a791031178b28432890f6bc10	199	0	task_0199(Pointer A10_Irp)		DELNOTIFY	task_0	Informational		
Microsoft-Windows-NtfsLog_e7344f8a791031178b28432890f6bc10	200	0	task_0200(Pointer A10_Vcb, Pointer A11_IrpContext)		DELNOTIFY	task_0	Verbose		
Microsoft-Windows-NtfsLog_e7344f8a791031178b28432890f6bc10	201	0	task_0201(Pointer A10_Vcb)		DELNOTIFY	task_0	Informational		
Microsoft-Windows-NtfsLog_e7344f8a791031178b28432890f6bc10	202	0	task_0202(Pointer A10_Vcb)		DELNOTIFY	task_0	Verbose		
Microsoft-Windows-NtfsLog_e7344f8a791031178b28432890f6bc10	203	0	task_0203(Pointer A10_Vcb)		DELNOTIFY	task_0	Verbose		
Microsoft-Windows-NtfsLog_e7344f8a791031178b28432890f6bc10	204	0	task_0204(Pointer A10_Vcb, Pointer A11_SmallMarkUnusedContext, Pointer A12_MarkUnusedContext)		DELNOTIFY	task_0	Informational		
Microsoft-Windows-NtfsLog_e7344f8a791031178b28432890f6bc10	205	0	task_0205(Pointer A10_Vcb, Pointer A11_MarkUnusedContext)		DELNOTIFY	task_0	Warning		
Microsoft-Windows-NtfsLog_e7344f8a791031178b28432890f6bc10	206	0	task_0206(Pointer A10_Vcb, Pointer A11_MarkUnusedContext)		DELNOTIFY	task_0	Informational		
Microsoft-Windows-NtfsLog_e7344f8a791031178b28432890f6bc10	207	0	task_0207(Pointer A10_Vcb, Pointer A11_MarkUnusedContext, HexInt32 A12_TrimEntryCount, HexInt64 A13_DataSetRangePtrStartingOffset, HexInt64 A14_DataSetRangePtrLengthInBytes)		DELNOTIFY	task_0	Verbose		
Microsoft-Windows-NtfsLog_e7344f8a791031178b28432890f6bc10	208	0	task_0208(Pointer A10_Vcb, Pointer A11_MarkUnusedContext, Pointer A12_IrpUsed)		DELNOTIFY	task_0	Informational		
Microsoft-Windows-NtfsLog_e7344f8a791031178b28432890f6bc10	209	0	task_0209(Pointer A10_Vcb, Pointer A11_MarkUnusedContext, HexInt32 A12_Status)		DELNOTIFY	task_0	Informational		
Microsoft-Windows-NtfsLog_e7344f8a791031178b28432890f6bc10	210	0	task_0210(Pointer A10_Vcb, Pointer A11_MarkUnusedContext)		DELNOTIFY	task_0	Informational		
Microsoft-Windows-NtfsLog_e7344f8a791031178b28432890f6bc10	211	0	task_0211(Pointer A10_Vcb, Pointer A11_MarkUnusedContext)		DELNOTIFY	task_0	Informational		
Microsoft-Windows-NtfsLog_e7344f8a791031178b28432890f6bc10	212	0	task_0212(Pointer A10_Vcb, HexInt32 A11_Status, Pointer A12_MarkUnusedContext, HexInt64 A13_MarkUnusedContextNULL__MarkUnusedContextDeallocatedClustersNULLMarkUnusedContextDeallocatedClustersClusterCount1LL)		DELNOTIFY	task_0	Warning		
Microsoft-Windows-NtfsLog_e7344f8a791031178b28432890f6bc10	213	0	task_0213()		DELNOTIFY	task_0	Verbose		
Microsoft-Windows-NtfsLog_e7344f8a791031178b28432890f6bc10	214	0	task_0214(Pointer A10_Vcb, Pointer A11_DeallocatedClusters)		DELNOTIFY	task_0	Informational		
Microsoft-Windows-NtfsLog_e7344f8a791031178b28432890f6bc10	215	0	task_0215(Pointer A10_Vcb, Pointer A11_DeallocatedClusters)		DELNOTIFY	task_0	Informational		
Microsoft-Windows-NtfsLog_e7344f8a791031178b28432890f6bc10	216	0	task_0216(Pointer A10_Vcb, Pointer A11_DeallocatedClusters)		DELNOTIFY	task_0	Informational		
Microsoft-Windows-NtfsLog_e7344f8a791031178b28432890f6bc10	217	0	task_0217(Pointer A10_Vcb, HexInt32 A11_All)		DELNOTIFY	task_0	Informational		
Microsoft-Windows-NtfsLog_e7344f8a791031178b28432890f6bc10	218	0	task_0218(Pointer A10_Vcb)		DELNOTIFY	task_0	Informational		
Microsoft-Windows-NtfsLog_e7344f8a791031178b28432890f6bc10	219	0	task_0219(Pointer A10_Vcb)		DELNOTIFY	task_0	Informational		
Microsoft-Windows-NtfsLog_e7344f8a791031178b28432890f6bc10	220	0	task_0220(Pointer A10_Vcb)		DELNOTIFY	task_0	Informational		
Microsoft-Windows-NtfsLog_e7344f8a791031178b28432890f6bc10	221	0	task_0221(Pointer A10_Vcb)		DELNOTIFY	task_0	Informational		
Microsoft-Windows-NtfsLog_e7344f8a791031178b28432890f6bc10	222	0	task_0222(Pointer A10_Vcb, Pointer A11_DeallocatedClustersToWaitForDeallocatedClusters)		DELNOTIFY	task_0	Informational		
Microsoft-Windows-NtfsLog_e7344f8a791031178b28432890f6bc10	223	0	task_0223(Pointer A10_Vcb)		DELNOTIFY	task_0	Informational		
Microsoft-Windows-NtfsLog_e7344f8a791031178b28432890f6bc10	224	0	task_0224(Pointer A10_IrpContextVcb, Pointer A11_DeallocatedClustersToWaitForDeallocatedClusters)		DELNOTIFY	task_0	Informational		
Microsoft-Windows-NtfsLog_e7344f8a791031178b28432890f6bc10	225	0	task_0225(Int32 A10_WaitInSeconds, Int32 A11_CurrentTimeQuadPartDeallocatedClustersToWaitForEndTimeQuadPartULONGCurrentTimeQuadPartDeallocatedClustersToWaitForEndTimeQuadPartNtfsDataSystemTimeIncrementINTERVAL_ONE_SECOND0, Pointer A12_IrpContext, Pointer A13_IrpContextVcb, Pointer A14_DeallocatedClusters)		DELNOTIFY	task_0	Informational		
Microsoft-Windows-NtfsLog_e7344f8a791031178b28432890f6bc10	226	0	task_0226(Int32 A10_WaitInSeconds, Int32 A11_CurrentTimeQuadPartDeallocatedClustersToWaitForEndTimeQuadPartULONGCurrentTimeQuadPartDeallocatedClustersToWaitForEndTimeQuadPartNtfsDataSystemTimeIncrementINTERVAL_ONE_SECOND0, Pointer A12_IrpContext, Pointer A13_IrpContextVcb, Pointer A14_DeallocatedClusters)		DELNOTIFY	task_0	Warning		
Microsoft-Windows-NtfsLog_e7344f8a791031178b28432890f6bc10	227	0	task_0227(Pointer A10_Vcb, Int32 A11_VcbDeallocatedClustersListLengthInTrim)		DELNOTIFY	task_0	Informational		
Microsoft-Windows-NtfsLog_e7344f8a791031178b28432890f6bc10	228	0	task_0228(Pointer A10_Vcb)		DELNOTIFY	task_0	Verbose		
Microsoft-Windows-NtfsLog_e7344f8a791031178b28432890f6bc10	229	0	task_0229(Pointer A10_Vcb)		DELNOTIFY	task_0	Verbose		
Microsoft-Windows-NtfsLog_e7344f8a791031178b28432890f6bc10	230	0	task_0230(Pointer A10_Vcb, UInt32 A11_AcquiredVcb)		DELNOTIFY	task_0	Verbose		
Microsoft-Windows-NtfsLog_e7344f8a791031178b28432890f6bc10	231	0	task_0231(Pointer A10_Vcb, Pointer A11_MarkUnusedContext)		DELNOTIFY	task_0	Informational		
Microsoft-Windows-NtfsLog_e7344f8a791031178b28432890f6bc10	232	0	task_0232(Pointer A10_Vcb, Pointer A11_MarkUnusedContext, UInt32 A12_RunIndex, HexInt64 A13_StartingOffset, HexInt64 A14_LengthInBytes)		DELNOTIFY	task_0	Informational		
Microsoft-Windows-NtfsLog_e7344f8a791031178b28432890f6bc10	233	0	task_0233(Pointer A10_Vcb, Pointer A11_MarkUnusedContext, UInt32 A12_DataSetRangeCount, UInt32 A13_McbRunCount, UInt32 A14_SmartTrimFreeRangeCount)		DELNOTIFY	task_0	Informational		
Microsoft-Windows-NtfsLog_e7344f8a791031178b28432890f6bc10	234	0	task_0234(Pointer A10_Vcb, Pointer A11_MarkUnusedContext, UInt32 A12_RunIndex, HexInt64 A13_DataSetRangeStartingOffset, HexInt64 A14_DataSetRangeLengthInBytes)		DELNOTIFY	task_0	Informational		
Microsoft-Windows-NtfsLog_e7344f8a791031178b28432890f6bc10	235	0	task_0235(Pointer A10_Vcb, HexInt64 A11_StartingLcn, HexInt64 A12_ClusterCount, HexInt32 A13_FirstTpMapBit, HexInt32 A14_LastTpMapBit)		DELNOTIFY	task_0	Informational		
Microsoft-Windows-NtfsLog_e7344f8a791031178b28432890f6bc10	236	0	task_0236(Pointer A10_Vcb, UInt32 A11_SmartTrimStateSlabRangesCount)		DELNOTIFY	task_0	Informational		
Microsoft-Windows-NtfsLog_e7344f8a791031178b28432890f6bc10	237	0	task_0237(Pointer A10_Vcb, UInt32 A11_SlabRangeIndex, HexInt32 A12_SlabRangeFirstTPMapBit, HexInt32 A13_SlabRangeLastTPMapBit)		DELNOTIFY	task_0	Informational		
Microsoft-Windows-NtfsLog_e7344f8a791031178b28432890f6bc10	238	0	task_0238(Pointer A10_Vcb)		DELNOTIFY	task_0	Verbose		
Microsoft-Windows-NtfsLog_e7344f8a791031178b28432890f6bc10	239	0	task_0239(Pointer A10_Vcb)		DELNOTIFY	task_0	Verbose		
Microsoft-Windows-NtfsLog_e7344f8a791031178b28432890f6bc10	240	0	task_0240(Pointer A10_Vcb)		DELNOTIFY	task_0	Verbose		
Microsoft-Windows-NtfsLog_e7344f8a791031178b28432890f6bc10	241	0	task_0241(Pointer A10_Vcb, UInt32 A11_AcquiredBitmap)		DELNOTIFY	task_0	Verbose		
Microsoft-Windows-NtfsLog_e7344f8a791031178b28432890f6bc10	242	0	task_0242(Pointer A10_Vcb, HexInt32 A11_TpMapBit)		DELNOTIFY	task_0	Verbose		
Microsoft-Windows-NtfsLog_e7344f8a791031178b28432890f6bc10	243	0	task_0243(Pointer A10_Vcb, HexInt32 A11_TpMapBit)		DELNOTIFY	task_0	Verbose		
Microsoft-Windows-NtfsLog_e7344f8a791031178b28432890f6bc10	244	0	task_0244(Pointer A10_Vcb, HexInt32 A11_TpMapBit, HexInt64 A12_SlabBaseLcn, HexInt64 A13_SlabLengthInClusters)		DELNOTIFY	task_0	Informational		
Microsoft-Windows-NtfsLog_e7344f8a791031178b28432890f6bc10	245	0	task_0245(Pointer A10_Vcb)		DELNOTIFY	task_0	Verbose		
Microsoft-Windows-NtfsLog_e7344f8a791031178b28432890f6bc10	246	0	task_0246(Pointer A10_Vcb)		DELNOTIFY	task_0	Informational		
Microsoft-Windows-NtfsLog_e7344f8a791031178b28432890f6bc10	247	0	task_0247(Pointer A10_Vcb)		DELNOTIFY	task_0	Informational		
Microsoft-Windows-NtfsLog_e7344f8a791031178b28432890f6bc10	248	0	task_0248(Pointer A10_PsGetCurrentThread, Pointer A11_Vcb, CountedUtf16String A12__VcbVolumeName, CountedUtf16String A13_WppCountedStringWVcbVpbVolumeLabelSAFE_VPB_VOLUME_LABEL_LENGTHVcbVpb, HexInt32 A14_VcbVcbState, HexInt32 A15_IrpSpFlags)		ACCESS_DENIED	task_0	Informational		
Microsoft-Windows-NtfsLog_e7344f8a791031178b28432890f6bc10	249	0	task_0249(Pointer A10_PsGetCurrentThread, Pointer A11_Vcb, CountedUtf16String A12__VcbVolumeName, CountedUtf16String A13_WppCountedStringWVcbVpbVolumeLabelSAFE_VPB_VOLUME_LABEL_LENGTHVcbVpb, HexInt32 A14_Status)		SHARING_VIOLATION	task_0	Informational		
Microsoft-Windows-NtfsLog_e7344f8a791031178b28432890f6bc10	250	0	task_0250()		DUMMY	task_0	Critical		
Microsoft-Windows-NtfsLog_e7344f8a791031178b28432890f6bc10	251	0	task_0251()		DUMMY	task_0	Critical		
Microsoft-Windows-NtfsLog_e7344f8a791031178b28432890f6bc10	252	0	task_0252()		DUMMY	task_0	Critical		
Microsoft-Windows-NtfsLog_e7344f8a791031178b28432890f6bc10	253	0	task_0253(Pointer A10_ScbVcb, HexInt64 A11_StartingVbo, HexInt32 A12_ByteCount)		ALLOC_FREE_CLUS	task_0	Informational		
Microsoft-Windows-NtfsLog_e7344f8a791031178b28432890f6bc10	254	0	task_0254(Pointer A10_FileObject)		HOTFIX	task_0	Informational		
Microsoft-Windows-NtfsLog_e7344f8a791031178b28432890f6bc10	255	0	task_0255(HexInt32 A10_ULONGBadVcn, HexInt32 A11_PLARGE_INTEGER_BadVcnHighPart)		HOTFIX	task_0	Informational		
Microsoft-Windows-NtfsLog_e7344f8a791031178b28432890f6bc10	256	0	task_0256(HexInt32 A10_ULONGBadLcn, HexInt32 A11_PLARGE_INTEGER_BadLcnHighPart)		HOTFIX	task_0	Informational		
Microsoft-Windows-NtfsLog_e7344f8a791031178b28432890f6bc10	257	0	task_0257()		HOTFIX	task_0	Informational		
Microsoft-Windows-NtfsLog_e7344f8a791031178b28432890f6bc10	258	0	task_0258()		HOTFIX	task_0	Informational		
Microsoft-Windows-NtfsLog_e7344f8a791031178b28432890f6bc10	259	0	task_0259(Pointer A10_IrpContext, Pointer A11_Vcb, HexInt32 A12_NewBufferSize)		DEVIOSUP	task_0	Informational		
Microsoft-Windows-NtfsLog_e7344f8a791031178b28432890f6bc10	260	0	task_0260(HexInt32 A10_NewBufferSize, HexInt32 A11_NtfsGetCompressionBufferSize)		DEVIOSUP	task_0	Informational		
Microsoft-Windows-NtfsLog_e7344f8a791031178b28432890f6bc10	261	0	task_0261(HexInt32 A10_Status)		DEVIOSUP	task_0	Informational		
Microsoft-Windows-NtfsLog_e7344f8a791031178b28432890f6bc10	262	0	task_0262(Pointer A10_IrpContext, Pointer A11_Vcb, HexInt32 A12_NewBufferSize)		DEVIOSUP	task_0	Informational		
Microsoft-Windows-NtfsLog_e7344f8a791031178b28432890f6bc10	263	0	task_0263(HexInt32 A10_NewBufferSize, HexInt32 A11_NtfsGetUsaBufferSizeVcb)		DEVIOSUP	task_0	Informational		
Microsoft-Windows-NtfsLog_e7344f8a791031178b28432890f6bc10	264	0	task_0264(HexInt32 A10_Status)		DEVIOSUP	task_0	Informational		
Microsoft-Windows-NtfsLog_e7344f8a791031178b28432890f6bc10	265	0	task_0265(Pointer A10_PsGetCurrentThread, Pointer A11_ScbVcb, CountedUtf16String A12__ScbVcbVolumeName, CountedUtf16String A13_WppCountedStringWScbVcbVpbVolumeLabelSAFE_VPB_VOLUME_LABEL_LENGTHScbVcbVpb, Pointer A14_ScbFcb, HexInt64 A15_NtfsFullFileRefNumber_ScbFcbFileReference, Pointer A16_Scb, HexInt32 A17_ScbAttributeTypeCode, CountedUtf16String A18__ScbAttributeName, HexInt32 A19_ScbPersist, HexInt32 A20_CcbFlags)		ACCESS_DENIED	task_0	Informational		
Microsoft-Windows-NtfsLog_e7344f8a791031178b28432890f6bc10	266	0	task_0266(Pointer A10_Vcb)		DELNOTIFY	task_0	Informational		
Microsoft-Windows-NtfsLog_e7344f8a791031178b28432890f6bc10	267	0	task_0267(Pointer A10_Vcb)		DELNOTIFY	task_0	Informational		
Microsoft-Windows-NtfsLog_e7344f8a791031178b28432890f6bc10	268	0	task_0268(Pointer A10_PsGetCurrentThread, Pointer A11_ScbVcb, CountedUtf16String A12__ScbVcbVolumeName, CountedUtf16String A13_WppCountedStringWScbVcbVpbVolumeLabelSAFE_VPB_VOLUME_LABEL_LENGTHScbVcbVpb, Pointer A14_ScbFcb, HexInt64 A15_NtfsFullFileRefNumber_ScbFcbFileReference, Pointer A16_Scb, HexInt32 A17_ScbAttributeTypeCode, CountedUtf16String A18__ScbAttributeName, HexInt32 A19_ScbPersist, HexInt32 A20_CcbFlags)		ACCESS_DENIED	task_0	Informational		
Microsoft-Windows-NtfsLog_e7344f8a791031178b28432890f6bc10	269	0	task_0269(Pointer A10_Vcb, Pointer A11_IrpContext, Pointer A12_Scb, HexInt64 A13_NtfsFullFileRefNumber_ScbFcbFileReference, HexInt64 A14_MoveDataStartingVcnQuadPart, HexInt64 A15_TransferClusters, HexInt64 A16_Lcn, HexInt64 A17_MoveDataStartingLcnQuadPart, HexInt32 A18_CopyLength, Int32 A19_FlagsUseDelayedAllocation, HexInt32 A20_Status)		DUMMY	task_0	Warning		
Microsoft-Windows-NtfsLog_e7344f8a791031178b28432890f6bc10	270	0	task_0270(Pointer A10_Vcb, Pointer A11_IrpContext, Pointer A12_Scb, HexInt64 A13_NtfsFullFileRefNumber_ScbFcbFileReference, HexInt64 A14_MoveDataStartingVcnQuadPart, HexInt64 A15_TransferClusters, HexInt64 A16_Lcn, HexInt64 A17_MoveDataStartingLcnQuadPart, HexInt32 A18_CopyLength, Int32 A19_FlagsUseDelayedAllocation, HexInt32 A20_MyStatus)		DUMMY	task_0	Warning		
Microsoft-Windows-NtfsLog_e7344f8a791031178b28432890f6bc10	271	0	task_0271(Pointer A10_Vcb, Pointer A11_IrpContext, Pointer A12_Scb, HexInt64 A13_NtfsFullFileRefNumber_ScbFcbFileReference, HexInt64 A14_Lcn, HexInt32 A15_CopyLength, HexInt32 A16_MyStatus)		DUMMY	task_0	Warning		
Microsoft-Windows-NtfsLog_e7344f8a791031178b28432890f6bc10	272	0	task_0272(Pointer A10_Vcb, Pointer A11_IrpContext, Pointer A12_Scb, HexInt64 A13_NtfsFullFileRefNumber_ScbFcbFileReference, HexInt64 A14_MoveDataStartingLcnQuadPart, HexInt32 A15_CopyLength, HexInt32 A16_MyStatus)		DUMMY	task_0	Warning		
Microsoft-Windows-NtfsLog_e7344f8a791031178b28432890f6bc10	273	0	task_0273(Pointer A10_Vcb, Pointer A11_IrpContext, Pointer A12_Scb, HexInt64 A13_NtfsFullFileRefNumber_ScbFcbFileReference, HexInt64 A14_MoveDataStartingVcnQuadPart, HexInt64 A15_TransferClusters, HexInt64 A16_Lcn, HexInt64 A17_MoveDataStartingLcnQuadPart, Int32 A18_FlagsUseDelayedAllocation, HexInt64 A19_ValidClusters)		DUMMY	task_0	Warning		
Microsoft-Windows-NtfsLog_e7344f8a791031178b28432890f6bc10	274	0	task_0274(Pointer A10_Vcb, Pointer A11_IrpContext, Pointer A12_Scb, HexInt64 A13_NtfsFullFileRefNumber_ScbFcbFileReference, HexInt64 A14_MoveDataStartingVcnQuadPart, HexInt64 A15_TransferClusters)		DUMMY	task_0	Warning		
Microsoft-Windows-NtfsLog_e7344f8a791031178b28432890f6bc10	275	0	task_0275(Pointer A10_PsGetCurrentThread, Pointer A11_FcbVcb, CountedUtf16String A12__FcbVcbVolumeName, CountedUtf16String A13_WppCountedStringWFcbVcbVpbVolumeLabelSAFE_VPB_VOLUME_LABEL_LENGTHFcbVcbVpb, Pointer A14_Fcb, HexInt64 A15_FcbNULLNtfsFullFileRefNumber_FcbFileReference0, HexInt32 A16_CcbNULLCcbFlags0)		ACCESS_DENIED	task_0	Informational		
Microsoft-Windows-NtfsLog_e7344f8a791031178b28432890f6bc10	276	0	task_0276(Pointer A10_PsGetCurrentThread, Pointer A11_ScbVcb, CountedUtf16String A12__ScbVcbVolumeName, CountedUtf16String A13_WppCountedStringWScbVcbVpbVolumeLabelSAFE_VPB_VOLUME_LABEL_LENGTHScbVcbVpb, Pointer A14_ScbFcb, HexInt64 A15_NtfsFullFileRefNumber_ScbFcbFileReference, Pointer A16_Scb, HexInt32 A17_ScbAttributeTypeCode, UnicodeString A18_ScbAttributeNameBuffer, HexInt32 A19_ScbPersist, HexInt32 A20_CcbFlags)		ACCESS_DENIED	task_0	Informational		
Microsoft-Windows-NtfsLog_e7344f8a791031178b28432890f6bc10	277	0	task_0277(Pointer A10_Vcb)		DELNOTIFY	task_0	Informational		
Microsoft-Windows-NtfsLog_e7344f8a791031178b28432890f6bc10	278	0	task_0278(Pointer A10_Vcb)		DELNOTIFY	task_0	Informational		
Microsoft-Windows-NtfsLog_e7344f8a791031178b28432890f6bc10	279	0	task_0279(Pointer A10_PsGetCurrentThread, Pointer A11_ScbVcb, CountedUtf16String A12__ScbVcbVolumeName, CountedUtf16String A13_WppCountedStringWScbVcbVpbVolumeLabelSAFE_VPB_VOLUME_LABEL_LENGTHScbVcbVpb, Pointer A14_ScbFcb, HexInt64 A15_NtfsFullFileRefNumber_ScbFcbFileReference, Pointer A16_Scb, HexInt32 A17_ScbAttributeTypeCode, CountedUtf16String A18__ScbAttributeName, HexInt32 A19_ScbPersist, HexInt32 A20_CcbNULLCcbFlags0)		ACCESS_DENIED	task_0	Informational		
Microsoft-Windows-NtfsLog_e7344f8a791031178b28432890f6bc10	280	0	task_0280(Pointer A10_Scb, HexInt64 A11_ScbHeaderValidDataLengthQuadPart, HexInt64 A12_ScbHeaderFileSizeQuadPart, HexInt64 A13_QueryDaxExtentsFileOffset, HexInt64 A14_StartingVcn, HexInt64 A15_QueryDaxExtentsLength)		DAX	task_0	Informational		
Microsoft-Windows-NtfsLog_e7344f8a791031178b28432890f6bc10	281	0	task_0281(HexInt64 A10_QueryDaxExtentsFileOffset, HexInt64 A11_QueryDaxExtentsLength, HexInt64 A12_EffectiveInputFileRegionLength, HexInt64 A13_StartingVcn, HexInt64 A14_BeyondEndVcn, HexInt64 A15_RemainingClusterCount, HexInt64 A16_LastVcnInFile)		DAX	task_0	Informational		
Microsoft-Windows-NtfsLog_e7344f8a791031178b28432890f6bc10	282	0	task_0282()		DAX	task_0	Informational		
Microsoft-Windows-NtfsLog_e7344f8a791031178b28432890f6bc10	283	0	task_0283(HexInt64 A10_RemainingClusterCount, Int32 A11_DataSetRangeIndex, Int32 A12_OutputBufferLength)		DAX	task_0	Informational		
Microsoft-Windows-NtfsLog_e7344f8a791031178b28432890f6bc10	284	0	task_0284(HexInt32 A10_ExtentsDescriptorNumberOfValidRuns, HexInt32 A11_MaxRuns, HexInt64 A12_BytesReturned)		DAX	task_0	Informational		
Microsoft-Windows-NtfsLog_e7344f8a791031178b28432890f6bc10	285	0	task_0285(HexInt64 A10_RemainingClusterCount, HexInt32 A11_ExtentsDescriptorNumberOfValidRuns)		DAX	task_0	Informational		
Microsoft-Windows-NtfsLog_e7344f8a791031178b28432890f6bc10	286	0	task_0286(HexInt64 A10_RemainingClusterCount, HexInt32 A11_ExtentsDescriptorNumberOfValidRuns)		DAX	task_0	Informational		
Microsoft-Windows-NtfsLog_e7344f8a791031178b28432890f6bc10	287	0	task_0287(HexInt32 A10_ExtentsDescriptorNumberOfValidRuns, HexInt32 A11_MaxRuns, HexInt32 A12_Status, HexInt64 A13_BytesReturned)		DAX	task_0	Informational		
Microsoft-Windows-NtfsLog_e7344f8a791031178b28432890f6bc10	288	0	task_0288(HexInt64 A10_ExtentsDescriptorRunIndexBasePage, HexInt64 A11_ExtentsDescriptorRunIndexPageCount)		DAX	task_0	Informational		
Microsoft-Windows-NtfsLog_e7344f8a791031178b28432890f6bc10	289	0	task_0289(HexInt64 A10_ZeroStart, HexInt64 A11_ZeroEnd)		DAX	task_0	Informational		
Microsoft-Windows-NtfsLog_e7344f8a791031178b28432890f6bc10	290	0	task_0290(HexInt64 A10_ZeroStart, HexInt64 A11_ZeroEnd)		DAX	task_0	Informational		
Microsoft-Windows-NtfsLog_e7344f8a791031178b28432890f6bc10	291	0	task_0291(Pointer A10_PsGetCurrentThread, Pointer A11_Vcb, CountedUtf16String A12__VcbVolumeName, CountedUtf16String A13_WppCountedStringWVcbVpbVolumeLabelSAFE_VPB_VOLUME_LABEL_LENGTHVcbVpb, Pointer A14_Fcb, HexInt64 A15_NtfsFullFileRefNumber_FcbFileReference, Pointer A16_Scb, HexInt32 A17_ScbAttributeTypeCode, CountedUtf16String A18__ScbAttributeName, HexInt32 A19_CcbFlags)		ACCESS_DENIED	task_0	Informational		
Microsoft-Windows-NtfsLog_e7344f8a791031178b28432890f6bc10	292	0	task_0292(Pointer A10_PsGetCurrentThread, Pointer A11_ScbVcb, CountedUtf16String A12__ScbVcbVolumeName, CountedUtf16String A13_WppCountedStringWScbVcbVpbVolumeLabelSAFE_VPB_VOLUME_LABEL_LENGTHScbVcbVpb, Pointer A14_ScbFcb, HexInt64 A15_NtfsFullFileRefNumber_ScbFcbFileReference, Pointer A16_Scb, HexInt32 A17_ScbAttributeTypeCode, CountedUtf16String A18__ScbAttributeName, HexInt32 A19_ARGUMENT_PRESENTCcbCcbAccessFlags0, HexInt32 A20_ARGUMENT_PRESENTCreateContextCreateContextPreviouslyGrantedAccess0)		ACCESS_DENIED	task_0	Informational		
Microsoft-Windows-NtfsLog_e7344f8a791031178b28432890f6bc10	293	0	task_0293(Pointer A10_PsGetCurrentThread, Pointer A11_ScbVcb, CountedUtf16String A12__ScbVcbVolumeName, CountedUtf16String A13_WppCountedStringWScbVcbVpbVolumeLabelSAFE_VPB_VOLUME_LABEL_LENGTHScbVcbVpb, Pointer A14_ScbFcb, HexInt64 A15_NtfsFullFileRefNumber_ScbFcbFileReference, Pointer A16_Scb, HexInt32 A17_ScbAttributeTypeCode, CountedUtf16String A18__ScbAttributeName, HexInt32 A19_CcbFlags)		ACCESS_DENIED	task_0	Informational		
Microsoft-Windows-NtfsLog_e7344f8a791031178b28432890f6bc10	294	0	task_0294(Pointer A10_PsGetCurrentThread, Pointer A11_FcbVcb, CountedUtf16String A12__FcbVcbVolumeName, CountedUtf16String A13_WppCountedStringWFcbVcbVpbVolumeLabelSAFE_VPB_VOLUME_LABEL_LENGTHFcbVcbVpb, Pointer A14_Fcb, HexInt64 A15_NtfsFullFileRefNumber_FcbFileReference, HexInt32 A16_CcbNULLCcbFlags0)		ACCESS_DENIED	task_0	Informational		
Microsoft-Windows-NtfsLog_e7344f8a791031178b28432890f6bc10	295	0	task_0295(Pointer A10_PsGetCurrentThread, Pointer A11_ScbVcb, CountedUtf16String A12__ScbVcbVolumeName, CountedUtf16String A13_WppCountedStringWScbVcbVpbVolumeLabelSAFE_VPB_VOLUME_LABEL_LENGTHScbVcbVpb, Pointer A14_ScbFcb, HexInt64 A15_NtfsFullFileRefNumber_ScbFcbFileReference, Pointer A16_Scb, HexInt32 A17_ScbAttributeTypeCode, CountedUtf16String A18__ScbAttributeName, HexInt32 A19_ScbVcbVpbRealDeviceFlags)		ACCESS_DENIED	task_0	Informational		
Microsoft-Windows-NtfsLog_e7344f8a791031178b28432890f6bc10	296	0	task_0296(Pointer A10_PsGetCurrentThread, Pointer A11_Vcb, CountedUtf16String A12__VcbVolumeName, CountedUtf16String A13_WppCountedStringWVcbVpbVolumeLabelSAFE_VPB_VOLUME_LABEL_LENGTHVcbVpb, Pointer A14_RenameCleanupTargetLinkFcb, HexInt64 A15_NtfsFullFileRefNumber_RenameCleanupTargetLinkFcbFileReference, HexInt32 A16_RenameCleanupTargetLinkFcbFcbState)		ACCESS_DENIED	task_0	Informational		
Microsoft-Windows-NtfsLog_e7344f8a791031178b28432890f6bc10	297	0	task_0297(Pointer A10_PsGetCurrentThread, Pointer A11_Vcb, CountedUtf16String A12__VcbVolumeName, CountedUtf16String A13_WppCountedStringWVcbVpbVolumeLabelSAFE_VPB_VOLUME_LABEL_LENGTHVcbVpb, Pointer A14_RenameCleanupTargetLinkFcb, HexInt64 A15_NtfsFullFileRefNumber_RenameCleanupTargetLinkFcbFileReference, Int32 A16_RenameCleanupTargetLinkFcbTxfFcbTxfNumWriters)		ACCESS_DENIED	task_0	Informational		
Microsoft-Windows-NtfsLog_e7344f8a791031178b28432890f6bc10	298	0	task_0298(Pointer A10_PsGetCurrentThread, Pointer A11_Vcb, CountedUtf16String A12__VcbVolumeName, CountedUtf16String A13_WppCountedStringWVcbVpbVolumeLabelSAFE_VPB_VOLUME_LABEL_LENGTHVcbVpb, Pointer A14_LcbToDeleteFcb, HexInt64 A15_NtfsFullFileRefNumber_LcbToDeleteFcbFileReference, Pointer A16_LcbToDelete, CountedUtf16String A17_WppCountedStringWLcbToDeleteFileNameAttrFileNameUSHORTLcbToDeleteFileNameAttrFileNameLength, Int32 A18_LcbToDeleteTxfNumWriters)		ACCESS_DENIED	task_0	Informational		
Microsoft-Windows-NtfsLog_e7344f8a791031178b28432890f6bc10	299	0	task_0299(Pointer A10_PsGetCurrentThread, Pointer A11_Vcb, CountedUtf16String A12__VcbVolumeName, CountedUtf16String A13_WppCountedStringWVcbVpbVolumeLabelSAFE_VPB_VOLUME_LABEL_LENGTHVcbVpb, Pointer A14_RenameCleanupTargetLinkFcb, HexInt64 A15_NtfsFullFileRefNumber_RenameCleanupTargetLinkFcbFileReference, Int32 A16_RenameCleanupTargetLinkFcbCleanupCount)		ACCESS_DENIED	task_0	Informational		
Microsoft-Windows-NtfsLog_e7344f8a791031178b28432890f6bc10	300	0	task_0300(Pointer A10_PsGetCurrentThread, Pointer A11_Vcb, CountedUtf16String A12__VcbVolumeName, CountedUtf16String A13_WppCountedStringWVcbVpbVolumeLabelSAFE_VPB_VOLUME_LABEL_LENGTHVcbVpb, Pointer A14_LcbToDeleteFcb, HexInt64 A15_NtfsFullFileRefNumber_LcbToDeleteFcbFileReference, Pointer A16_LcbToDelete, CountedUtf16String A17_WppCountedStringWLcbToDeleteFileNameAttrFileNameUSHORTLcbToDeleteFileNameAttrFileNameLength, Int32 A18_LcbToDeleteCleanupCount, Pointer A19_SplitPrimaryLcb, CountedUtf16String A20_SplitPrimaryLcbNULLWppCountedStringWSplitPrimaryLcbFileNameAttrFileNameUSHORTSplitPrimaryLcbFileNameAttrFileNameLengthWppCountedStringWNULL0, Int32 A21_SplitPrimaryLcbNULLSplitPrimaryLcbCleanupCount0)		ACCESS_DENIED	task_0	Informational		
Microsoft-Windows-NtfsLog_e7344f8a791031178b28432890f6bc10	301	0	task_0301(Pointer A10_PsGetCurrentThread, Pointer A11_Vcb, CountedUtf16String A12__VcbVolumeName, CountedUtf16String A13_WppCountedStringWVcbVpbVolumeLabelSAFE_VPB_VOLUME_LABEL_LENGTHVcbVpb, Pointer A14_LcbFcb, HexInt64 A15_NtfsFullFileRefNumber_LcbFcbFileReference, HexInt32 A16_LcbFcbFcbState, Pointer A17_Lcb, CountedUtf16String A18_WppCountedStringWLcbFileNameAttrFileNameUSHORTLcbFileNameAttrFileNameLength, HexInt32 A19_LcbFileNameAttrFlags, HexInt32 A20_LcbLcbState)		ACCESS_DENIED	task_0	Informational		
Microsoft-Windows-NtfsLog_e7344f8a791031178b28432890f6bc10	302	0	task_0302(Pointer A10_PsGetCurrentThread, Pointer A11_Vcb, CountedUtf16String A12__VcbVolumeName, CountedUtf16String A13_WppCountedStringWVcbVpbVolumeLabelSAFE_VPB_VOLUME_LABEL_LENGTHVcbVpb, Pointer A14_ScbFcb, HexInt64 A15_NtfsFullFileRefNumber_ScbFcbFileReference, HexInt32 A16_ScbFcbInfoFileAttributes)		ACCESS_DENIED	task_0	Informational		
Microsoft-Windows-NtfsLog_e7344f8a791031178b28432890f6bc10	303	0	task_0303(Pointer A10_PsGetCurrentThread, Pointer A11_Vcb, CountedUtf16String A12__VcbVolumeName, CountedUtf16String A13_WppCountedStringWVcbVpbVolumeLabelSAFE_VPB_VOLUME_LABEL_LENGTHVcbVpb, Pointer A14_TargetParentScbFcb, HexInt64 A15_NtfsFullFileRefNumber_TargetParentScbFcbFileReference, HexInt32 A16_TargetParentScbFcbFcbState)		ACCESS_DENIED	task_0	Informational		
Microsoft-Windows-NtfsLog_e7344f8a791031178b28432890f6bc10	304	0	task_0304(Pointer A10_PsGetCurrentThread, Pointer A11_Vcb, CountedUtf16String A12__VcbVolumeName, CountedUtf16String A13_WppCountedStringWVcbVpbVolumeLabelSAFE_VPB_VOLUME_LABEL_LENGTHVcbVpb, Pointer A14_TargetParentScbFcb, HexInt64 A15_NtfsFullFileRefNumber_TargetParentScbFcbFileReference, HexInt32 A16_TargetParentScbFcbInfoFileAttributes, HexInt32 A17_TargetParentScbFcbFcbState)		ACCESS_DENIED	task_0	Informational		
Microsoft-Windows-NtfsLog_e7344f8a791031178b28432890f6bc10	305	0	task_0305(Pointer A10_PsGetCurrentThread, Pointer A11_Vcb, CountedUtf16String A12__VcbVolumeName, CountedUtf16String A13_WppCountedStringWVcbVpbVolumeLabelSAFE_VPB_VOLUME_LABEL_LENGTHVcbVpb, Pointer A14_ScbFcb, HexInt64 A15_NtfsFullFileRefNumber_ScbFcbFileReference)		ACCESS_DENIED	task_0	Informational		
Microsoft-Windows-NtfsLog_e7344f8a791031178b28432890f6bc10	306	0	task_0306(Pointer A10_PsGetCurrentThread, Pointer A11_Vcb, CountedUtf16String A12__VcbVolumeName, CountedUtf16String A13_WppCountedStringWVcbVpbVolumeLabelSAFE_VPB_VOLUME_LABEL_LENGTHVcbVpb, Pointer A14_ScbFcb, HexInt64 A15_NtfsFullFileRefNumber_ScbFcbFileReference, HexInt64 A16_NtfsFullFileRefNumber_TargetParentScbFcbFileReference)		ACCESS_DENIED	task_0	Informational		
Microsoft-Windows-NtfsLog_e7344f8a791031178b28432890f6bc10	307	0	task_0307(Pointer A10_PsGetCurrentThread, Pointer A11_Vcb, CountedUtf16String A12__VcbVolumeName, CountedUtf16String A13_WppCountedStringWVcbVpbVolumeLabelSAFE_VPB_VOLUME_LABEL_LENGTHVcbVpb, Pointer A14_ScbFcb, HexInt64 A15_NtfsFullFileRefNumber_ScbFcbFileReference, CountedUtf16String A16__CcbFullFileName)		ACCESS_DENIED	task_0	Informational		
Microsoft-Windows-NtfsLog_e7344f8a791031178b28432890f6bc10	308	0	task_0308(Pointer A10_PsGetCurrentThread, Pointer A11_Vcb, CountedUtf16String A12__VcbVolumeName, CountedUtf16String A13_WppCountedStringWVcbVpbVolumeLabelSAFE_VPB_VOLUME_LABEL_LENGTHVcbVpb, Pointer A14_ScbFcb, HexInt64 A15_NtfsFullFileRefNumber_ScbFcbFileReference, CountedUtf16String A16__CcbFullFileName, Int32 A17_TxfVisibleLinks)		ACCESS_DENIED	task_0	Informational		
Microsoft-Windows-NtfsLog_e7344f8a791031178b28432890f6bc10	309	0	task_0309(Pointer A10_PsGetCurrentThread, Pointer A11_Vcb, CountedUtf16String A12__VcbVolumeName, CountedUtf16String A13_WppCountedStringWVcbVpbVolumeLabelSAFE_VPB_VOLUME_LABEL_LENGTHVcbVpb, Pointer A14_ScbFcb, HexInt64 A15_NtfsFullFileRefNumber_ScbFcbFileReference, CountedUtf16String A16__CcbFullFileName, HexInt32 A17_AccessStatus)		ACCESS_DENIED	task_0	Informational		
Microsoft-Windows-NtfsLog_e7344f8a791031178b28432890f6bc10	310	0	task_0310(Pointer A10_PsGetCurrentThread, Pointer A11_Vcb, CountedUtf16String A12__VcbVolumeName, CountedUtf16String A13_WppCountedStringWVcbVpbVolumeLabelSAFE_VPB_VOLUME_LABEL_LENGTHVcbVpb, Pointer A14_TargetParentScbFcb, HexInt64 A15_NtfsFullFileRefNumber_TargetParentScbFcbFileReference, CountedUtf16String A16__NewLinkName)		ACCESS_DENIED	task_0	Informational		
Microsoft-Windows-NtfsLog_e7344f8a791031178b28432890f6bc10	311	0	task_0311(Pointer A10_PsGetCurrentThread, Pointer A11_Vcb, CountedUtf16String A12__VcbVolumeName, CountedUtf16String A13_WppCountedStringWVcbVpbVolumeLabelSAFE_VPB_VOLUME_LABEL_LENGTHVcbVpb, Pointer A14_TargetParentScbFcb, HexInt64 A15_NtfsFullFileRefNumber_TargetParentScbFcbFileReference, CountedUtf16String A16__NewLinkName, HexInt32 A17_TargetParentScbFcbTxfRmcbRmState)		ACCESS_DENIED	task_0	Informational		
Microsoft-Windows-NtfsLog_e7344f8a791031178b28432890f6bc10	312	0	task_0312(Pointer A10_PsGetCurrentThread, Pointer A11_Vcb, CountedUtf16String A12__VcbVolumeName, CountedUtf16String A13_WppCountedStringWVcbVpbVolumeLabelSAFE_VPB_VOLUME_LABEL_LENGTHVcbVpb, Pointer A14_LcbFcb, HexInt64 A15_NtfsFullFileRefNumber_LcbFcbFileReference, Pointer A16_Lcb, CountedUtf16String A17_WppCountedStringWLcbFileNameAttrFileNameUSHORTLcbFileNameAttrFileNameLength)		ACCESS_DENIED	task_0	Informational		
Microsoft-Windows-NtfsLog_e7344f8a791031178b28432890f6bc10	313	0	task_0313(Pointer A10_PsGetCurrentThread, Pointer A11_Vcb, CountedUtf16String A12__VcbVolumeName, CountedUtf16String A13_WppCountedStringWVcbVpbVolumeLabelSAFE_VPB_VOLUME_LABEL_LENGTHVcbVpb, Pointer A14_LcbFcb, HexInt64 A15_NtfsFullFileRefNumber_LcbFcbFileReference, Pointer A16_Lcb, CountedUtf16String A17_WppCountedStringWLcbFileNameAttrFileNameUSHORTLcbFileNameAttrFileNameLength, HexInt64 A18_NtfsFullFileRefNumber_ParentScbFcbFileReference)		ACCESS_DENIED	task_0	Informational		
Microsoft-Windows-NtfsLog_e7344f8a791031178b28432890f6bc10	314	0	task_0314(Pointer A10_PsGetCurrentThread, Pointer A11_NextScbVcb, CountedUtf16String A12__NextScbVcbVolumeName, CountedUtf16String A13_WppCountedStringWNextScbVcbVpbVolumeLabelSAFE_VPB_VOLUME_LABEL_LENGTHNextScbVcbVpb, Pointer A14_NextScbFcb, HexInt64 A15_NtfsFullFileRefNumber_NextScbFcbFileReference, Int32 A16_NextScbCleanupCount)		ACCESS_DENIED	task_0	Informational		
Microsoft-Windows-NtfsLog_e7344f8a791031178b28432890f6bc10	315	0	task_0315(Pointer A10_PsGetCurrentThread, Pointer A11_NextScbVcb, CountedUtf16String A12__NextScbVcbVolumeName, CountedUtf16String A13_WppCountedStringWNextScbVcbVpbVolumeLabelSAFE_VPB_VOLUME_LABEL_LENGTHNextScbVcbVpb, Pointer A14_NextScbFcb, HexInt64 A15_NtfsFullFileRefNumber_NextScbFcbFileReference, Int32 A16_ByIdCcbs, Int32 A17_NextScbCleanupCount)		ACCESS_DENIED	task_0	Informational		
Microsoft-Windows-NtfsLog_e7344f8a791031178b28432890f6bc10	316	0	task_0316(Pointer A10_PsGetCurrentThread, Pointer A11_ScbVcb, CountedUtf16String A12__ScbVcbVolumeName, CountedUtf16String A13_WppCountedStringWScbVcbVpbVolumeLabelSAFE_VPB_VOLUME_LABEL_LENGTHScbVcbVpb, Pointer A14_ScbFcb, HexInt64 A15_NtfsFullFileRefNumber_ScbFcbFileReference, Pointer A16_Scb, HexInt32 A17_ScbAttributeTypeCode, CountedUtf16String A18__ScbAttributeName, HexInt32 A19_ScbState, Int64 A20_ScbScbTypeDataHighWaterMark)		ACCESS_DENIED	task_0	Informational		
Microsoft-Windows-NtfsLog_e7344f8a791031178b28432890f6bc10	317	0	task_0317(Pointer A10_PsGetCurrentThread, Pointer A11_DirectoryScbVcb, CountedUtf16String A12__DirectoryScbVcbVolumeName, CountedUtf16String A13_WppCountedStringWDirectoryScbVcbVpbVolumeLabelSAFE_VPB_VOLUME_LABEL_LENGTHDirectoryScbVcbVpb, Pointer A14_DirectoryScbFcb, HexInt64 A15_NtfsFullFileRefNumber_DirectoryScbFcbFileReference, Int32 A16_ULONGIrpIoStatusInformation, Int32 A17_BatchOplockCount)		ACCESS_DENIED	task_0	Informational		
Microsoft-Windows-NtfsLog_e7344f8a791031178b28432890f6bc10	318	0	task_0318(Pointer A10_PsGetCurrentThread, Pointer A11_Vcb, Pointer A12_Fcb, HexInt32 A13_LocalFlagsEntireFlags)		DAX	task_0	Informational		
Microsoft-Windows-NtfsLog_e7344f8a791031178b28432890f6bc10	319	0	task_0319(Pointer A10_PsGetCurrentThread, Pointer A11_Scb)		DAX	task_0	Informational		
Microsoft-Windows-NtfsLog_e7344f8a791031178b28432890f6bc10	320	0	task_0320(Pointer A10_PsGetCurrentThread, Pointer A11_Vcb, HexInt32 A12_LocalFlagsEntireFlags)		DAX	task_0	Informational		
Microsoft-Windows-NtfsLog_e7344f8a791031178b28432890f6bc10	321	0	task_0321(Pointer A10_VcbBitmapScb, Pointer A11_Vcb)		ALLOC_FREE_CLUS	task_0	Informational		
Microsoft-Windows-NtfsLog_e7344f8a791031178b28432890f6bc10	322	0	task_0322(Pointer A10_VcbMftScb, Pointer A11_Vcb)		ALLOC_FREE_CLUS	task_0	Informational		
Microsoft-Windows-NtfsLog_e7344f8a791031178b28432890f6bc10	323	0	task_0323(Pointer A10_PNTFS_DISK_FLUSH_CONTEXTContextVcb, Pointer A11_Context)		FLUSH	task_0	Informational		
Microsoft-Windows-NtfsLog_e7344f8a791031178b28432890f6bc10	324	0	task_0324(Pointer A10_PNTFS_DISK_FLUSH_CONTEXTContextVcb, Pointer A11_Context, Pointer A12_NtfsDataDiskFlushContextCompletedWorkItemListFlink)		FLUSH	task_0	Informational		
Microsoft-Windows-NtfsLog_e7344f8a791031178b28432890f6bc10	325	0	task_0325()		FLUSH	task_0	Informational		
Microsoft-Windows-NtfsLog_e7344f8a791031178b28432890f6bc10	326	0	task_0326()		FLUSH	task_0	Informational		
Microsoft-Windows-NtfsLog_e7344f8a791031178b28432890f6bc10	327	0	task_0327(Pointer A10_Irp, Pointer A11_IrpContext, Pointer A12_IrpContextVcb, HexInt32 A13_IrpSpMinorFunction, HexInt32 A14_FsControlCode)		OPERATIONS	task_0	Informational		
Microsoft-Windows-NtfsLog_e7344f8a791031178b28432890f6bc10	328	0	task_0328(Pointer A10_PsGetCurrentThread, Pointer A11_Vcb, CountedUtf16String A12__VcbVolumeName, CountedUtf16String A13_WppCountedStringWVcbVpbVolumeLabelSAFE_VPB_VOLUME_LABEL_LENGTHVcbVpb, HexInt32 A14_VcbVcbState, Int32 A15_VcbDisallowDismountCount, Int32 A16_ExplicitLock10, Int32 A17_ReadULongNoFence_VcbCleanupCount, Int32 A18_UserHandleCountSystemHandleCountVcbExternalMetadataCleanupCount)		ACCESS_DENIED	task_0	Informational		
Microsoft-Windows-NtfsLog_e7344f8a791031178b28432890f6bc10	329	0	task_0329(Pointer A10_PsGetCurrentThread, Pointer A11_Vcb, CountedUtf16String A12__VcbVolumeName, CountedUtf16String A13_WppCountedStringWVcbVpbVolumeLabelSAFE_VPB_VOLUME_LABEL_LENGTHVcbVpb, HexInt32 A14_VcbVcbState)		ACCESS_DENIED	task_0	Informational		
Microsoft-Windows-NtfsLog_e7344f8a791031178b28432890f6bc10	330	0	task_0330(Pointer A10_PsGetCurrentThread, Pointer A11_Vcb, CountedUtf16String A12__VcbVolumeName, CountedUtf16String A13_WppCountedStringWVcbVpbVolumeLabelSAFE_VPB_VOLUME_LABEL_LENGTHVcbVpb, HexInt32 A14_Status)		ACCESS_DENIED	task_0	Informational		
Microsoft-Windows-NtfsLog_e7344f8a791031178b28432890f6bc10	331	0	task_0331(Pointer A10_PsGetCurrentThread, Pointer A11_Vcb, CountedUtf16String A12__VcbVolumeName, CountedUtf16String A13_WppCountedStringWVcbVpbVolumeLabelSAFE_VPB_VOLUME_LABEL_LENGTHVcbVpb, HexInt32 A14_Status)		ACCESS_DENIED	task_0	Informational		
Microsoft-Windows-NtfsLog_e7344f8a791031178b28432890f6bc10	332	0	task_0332(Pointer A10_PsGetCurrentThread, Pointer A11_Vcb, CountedUtf16String A12__VcbVolumeName, CountedUtf16String A13_WppCountedStringWVcbVpbVolumeLabelSAFE_VPB_VOLUME_LABEL_LENGTHVcbVpb, Int32 A14_VcbCloseCount, Int32 A15_VcbSystemFileCloseCount, Int32 A16_UserHandleCount)		ACCESS_DENIED	task_0	Informational		
Microsoft-Windows-NtfsLog_e7344f8a791031178b28432890f6bc10	333	0	task_0333(Pointer A10_PsGetCurrentThread, Pointer A11_Vcb, CountedUtf16String A12__VcbVolumeName, CountedUtf16String A13_WppCountedStringWVcbVpbVolumeLabelSAFE_VPB_VOLUME_LABEL_LENGTHVcbVpb, HexInt32 A14_CcbNULLCcbAccessFlags0)		ACCESS_DENIED	task_0	Informational		
Microsoft-Windows-NtfsLog_e7344f8a791031178b28432890f6bc10	334	0	task_0334(Pointer A10_PsGetCurrentThread, Pointer A11_Vcb, CountedUtf16String A12__VcbVolumeName, CountedUtf16String A13_WppCountedStringWVcbVpbVolumeLabelSAFE_VPB_VOLUME_LABEL_LENGTHVcbVpb, Int32 A14_ActiveRmCount, Int32 A15_DefaultRmActive10)		ACCESS_DENIED	task_0	Informational		
Microsoft-Windows-NtfsLog_e7344f8a791031178b28432890f6bc10	335	0	task_0335(AnsiString A10___FUNCTION__, Pointer A11_PVOIDVcbTxfVcbDefaultRm, GUID A12_VcbTxfVcbDefaultRmNULL_VcbTxfVcbDefaultRmRmIdNULL)		TXFRM	task_0	Informational		
Microsoft-Windows-NtfsLog_e7344f8a791031178b28432890f6bc10	336	0	task_0336(Pointer A10_PsGetCurrentThread, Pointer A11_Vcb, CountedUtf16String A12__VcbVolumeName, CountedUtf16String A13_WppCountedStringWVcbVpbVolumeLabelSAFE_VPB_VOLUME_LABEL_LENGTHVcbVpb, HexInt32 A14_CcbNULLCcbAccessFlags0)		ACCESS_DENIED	task_0	Informational		
Microsoft-Windows-NtfsLog_e7344f8a791031178b28432890f6bc10	337	0	task_0337(Pointer A10_IrpContext, Pointer A11_Vcb, CountedUtf16String A12__VolumeLabel, CountedUtf16String A13__VcbDeviceName)		OPERATIONS	task_0	Informational		
Microsoft-Windows-NtfsLog_e7344f8a791031178b28432890f6bc10	338	0	task_0338(Pointer A10_PsGetCurrentThread, Pointer A11_Vcb, CountedUtf16String A12__VcbVolumeName, CountedUtf16String A13_WppCountedStringWVcbVpbVolumeLabelSAFE_VPB_VOLUME_LABEL_LENGTHVcbVpb, HexInt32 A14_CcbNULLCcbAccessFlags0)		ACCESS_DENIED	task_0	Informational		
Microsoft-Windows-NtfsLog_e7344f8a791031178b28432890f6bc10	339	0	task_0339(Pointer A10_PsGetCurrentThread, Pointer A11_Vcb, CountedUtf16String A12__VcbVolumeName, CountedUtf16String A13_WppCountedStringWVcbVpbVolumeLabelSAFE_VPB_VOLUME_LABEL_LENGTHVcbVpb, HexInt32 A14_VcbVcbState)		ACCESS_DENIED	task_0	Informational		
Microsoft-Windows-NtfsLog_e7344f8a791031178b28432890f6bc10	340	0	task_0340(Pointer A10_PsGetCurrentThread, Pointer A11_Vcb, CountedUtf16String A12__VcbVolumeName, CountedUtf16String A13_WppCountedStringWVcbVpbVolumeLabelSAFE_VPB_VOLUME_LABEL_LENGTHVcbVpb, HexInt32 A14_VcbVcbState, Int32 A15_VcbReadOnlyCloseCount, Int32 A16_VcbCloseCount, Int32 A17_VcbSystemFileCloseCount)		ACCESS_DENIED	task_0	Informational		
Microsoft-Windows-NtfsLog_e7344f8a791031178b28432890f6bc10	341	0	task_0341(Pointer A10_PsGetCurrentThread, Pointer A11_Vcb, CountedUtf16String A12__VcbVolumeName, CountedUtf16String A13_WppCountedStringWVcbVpbVolumeLabelSAFE_VPB_VOLUME_LABEL_LENGTHVcbVpb, HexInt32 A14_VcbVcbState)		MOUNT	task_0	Informational		
Microsoft-Windows-NtfsLog_e7344f8a791031178b28432890f6bc10	342	0	task_0342(Pointer A10_PsGetCurrentThread, Pointer A11_Vcb, CountedUtf16String A12__VcbVolumeName, CountedUtf16String A13_WppCountedStringWVcbVpbVolumeLabelSAFE_VPB_VOLUME_LABEL_LENGTHVcbVpb, HexInt32 A14_CcbNULLCcbAccessFlags0)		ACCESS_DENIED	task_0	Informational		
Microsoft-Windows-NtfsLog_e7344f8a791031178b28432890f6bc10	343	0	task_0343(Pointer A10_PsGetCurrentThread, Pointer A11_Vcb, CountedUtf16String A12__VcbVolumeName, CountedUtf16String A13_WppCountedStringWVcbVpbVolumeLabelSAFE_VPB_VOLUME_LABEL_LENGTHVcbVpb, HexInt32 A14_CcbNULLCcbAccessFlags0)		ACCESS_DENIED	task_0	Informational		
Microsoft-Windows-NtfsLog_e7344f8a791031178b28432890f6bc10	344	0	task_0344(Pointer A10_PsGetCurrentThread, Pointer A11_Vcb, CountedUtf16String A12__VcbVolumeName, CountedUtf16String A13_WppCountedStringWVcbVpbVolumeLabelSAFE_VPB_VOLUME_LABEL_LENGTHVcbVpb, HexInt32 A14_CcbAccessFlags)		ACCESS_DENIED	task_0	Informational		
Microsoft-Windows-NtfsLog_e7344f8a791031178b28432890f6bc10	345	0	task_0345(Pointer A10_PsGetCurrentThread, Pointer A11_Vcb, CountedUtf16String A12__VcbVolumeName, CountedUtf16String A13_WppCountedStringWVcbVpbVolumeLabelSAFE_VPB_VOLUME_LABEL_LENGTHVcbVpb, HexInt32 A14_CcbAccessFlags)		ACCESS_DENIED	task_0	Informational		
Microsoft-Windows-NtfsLog_e7344f8a791031178b28432890f6bc10	346	0	task_0346(Pointer A10_PsGetCurrentThread, Pointer A11_Vcb, CountedUtf16String A12__VcbVolumeName, CountedUtf16String A13_WppCountedStringWVcbVpbVolumeLabelSAFE_VPB_VOLUME_LABEL_LENGTHVcbVpb, HexInt32 A14_CcbAccessFlags)		ACCESS_DENIED	task_0	Informational		
Microsoft-Windows-NtfsLog_e7344f8a791031178b28432890f6bc10	347	0	task_0347(Pointer A10_PsGetCurrentThread, Pointer A11_Vcb, CountedUtf16String A12__VcbVolumeName, CountedUtf16String A13_WppCountedStringWVcbVpbVolumeLabelSAFE_VPB_VOLUME_LABEL_LENGTHVcbVpb, HexInt32 A14_CcbNULLCcbAccessFlags0, Int32 A15_TypeOfOpen)		ACCESS_DENIED	task_0	Informational		
Microsoft-Windows-NtfsLog_e7344f8a791031178b28432890f6bc10	348	0	task_0348(Pointer A10_PsGetCurrentThread, Pointer A11_Vcb, CountedUtf16String A12__VcbVolumeName, CountedUtf16String A13_WppCountedStringWVcbVpbVolumeLabelSAFE_VPB_VOLUME_LABEL_LENGTHVcbVpb, HexInt32 A14_CcbNULLCcbAccessFlags0, Int32 A15_IrpRequestorMode)		ACCESS_DENIED	task_0	Informational		
Microsoft-Windows-NtfsLog_e7344f8a791031178b28432890f6bc10	349	0	task_0349(Pointer A10_PsGetCurrentThread, Pointer A11_Vcb, CountedUtf16String A12__VcbVolumeName, CountedUtf16String A13_WppCountedStringWVcbVpbVolumeLabelSAFE_VPB_VOLUME_LABEL_LENGTHVcbVpb, HexInt32 A14_CcbNULLCcbAccessFlags0)		ACCESS_DENIED	task_0	Informational		
Microsoft-Windows-NtfsLog_e7344f8a791031178b28432890f6bc10	350	0	task_0350(Pointer A10_PsGetCurrentThread, Pointer A11_Vcb, CountedUtf16String A12__VcbVolumeName, CountedUtf16String A13_WppCountedStringWVcbVpbVolumeLabelSAFE_VPB_VOLUME_LABEL_LENGTHVcbVpb, HexInt32 A14_CcbNULLCcbAccessFlags0)		ACCESS_DENIED	task_0	Informational		
Microsoft-Windows-NtfsLog_e7344f8a791031178b28432890f6bc10	351	0	task_0351(Pointer A10_PsGetCurrentThread, Pointer A11_Vcb, CountedUtf16String A12__VcbVolumeName, CountedUtf16String A13_WppCountedStringWVcbVpbVolumeLabelSAFE_VPB_VOLUME_LABEL_LENGTHVcbVpb, HexInt32 A14_CcbAccessFlags, HexInt32 A15_CcbFlags)		ACCESS_DENIED	task_0	Informational		
Microsoft-Windows-NtfsLog_e7344f8a791031178b28432890f6bc10	352	0	task_0352(Pointer A10_PsGetCurrentThread, Pointer A11_Vcb, CountedUtf16String A12__VcbVolumeName, CountedUtf16String A13_WppCountedStringWVcbVpbVolumeLabelSAFE_VPB_VOLUME_LABEL_LENGTHVcbVpb, HexInt32 A14_CcbAccessFlags, HexInt32 A15_CcbFlags, Int32 A16_CallerId, Int32 A17_ContextOwnerId)		ACCESS_DENIED	task_0	Informational		
Microsoft-Windows-NtfsLog_e7344f8a791031178b28432890f6bc10	353	0	task_0353(Pointer A10_PsGetCurrentThread, Pointer A11_Vcb, CountedUtf16String A12__VcbVolumeName, CountedUtf16String A13_WppCountedStringWVcbVpbVolumeLabelSAFE_VPB_VOLUME_LABEL_LENGTHVcbVpb, Pointer A14_Fcb, HexInt64 A15_NtfsFullFileRefNumber_FcbFileReference, CountedUtf16String A16__CcbFullFileName, HexInt32 A17_CcbAccessFlags, Int32 A18_FileObjectWriteAccess10)		ACCESS_DENIED	task_0	Informational		
Microsoft-Windows-NtfsLog_e7344f8a791031178b28432890f6bc10	354	0	task_0354(Pointer A10_PsGetCurrentThread, Pointer A11_Vcb, CountedUtf16String A12__VcbVolumeName, CountedUtf16String A13_WppCountedStringWVcbVpbVolumeLabelSAFE_VPB_VOLUME_LABEL_LENGTHVcbVpb, Pointer A14_ScbFcb, HexInt64 A15_NtfsFullFileRefNumber_ScbFcbFileReference, CountedUtf16String A16__CcbFullFileName, HexInt32 A17_CcbAccessFlags, HexInt32 A18_ScbAttributeFlags)		ACCESS_DENIED	task_0	Informational		
Microsoft-Windows-NtfsLog_e7344f8a791031178b28432890f6bc10	355	0	task_0355(Pointer A10_PsGetCurrentThread, HexInt32 A11_ZeroFlags, Int32 A12_IrpRequestorMode)		ACCESS_DENIED	task_0	Informational		
Microsoft-Windows-NtfsLog_e7344f8a791031178b28432890f6bc10	356	0	task_0356(Pointer A10_IrpContext, Pointer A11_Scb, Pointer A12_IrpSpFileObject)		OPERATIONS	task_0	Informational		
Microsoft-Windows-NtfsLog_e7344f8a791031178b28432890f6bc10	357	0	task_0357(Pointer A10_IrpContext, HexInt32 A11_EncryptionOperation)		OPERATIONS	task_0	Informational		
Microsoft-Windows-NtfsLog_e7344f8a791031178b28432890f6bc10	358	0	task_0358(Pointer A10_PsGetCurrentThread, Pointer A11_Vcb, CountedUtf16String A12__VcbVolumeName, CountedUtf16String A13_WppCountedStringWVcbVpbVolumeLabelSAFE_VPB_VOLUME_LABEL_LENGTHVcbVpb, Pointer A14_Fcb, HexInt64 A15_NtfsFullFileRefNumber_FcbFileReference, CountedUtf16String A16__CcbFullFileName, HexInt32 A17_CcbAccessFlags)		ACCESS_DENIED	task_0	Informational		
Microsoft-Windows-NtfsLog_e7344f8a791031178b28432890f6bc10	359	0	task_0359(Pointer A10_PsGetCurrentThread, Pointer A11_Vcb, CountedUtf16String A12__VcbVolumeName, CountedUtf16String A13_WppCountedStringWVcbVpbVolumeLabelSAFE_VPB_VOLUME_LABEL_LENGTHVcbVpb, Pointer A14_Fcb, HexInt64 A15_NtfsFullFileRefNumber_FcbFileReference, CountedUtf16String A16__CcbFullFileName, HexInt32 A17_CcbAccessFlags)		ACCESS_DENIED	task_0	Informational		
Microsoft-Windows-NtfsLog_e7344f8a791031178b28432890f6bc10	360	0	task_0360(Pointer A10_PsGetCurrentThread, Pointer A11_Vcb, CountedUtf16String A12__VcbVolumeName, CountedUtf16String A13_WppCountedStringWVcbVpbVolumeLabelSAFE_VPB_VOLUME_LABEL_LENGTHVcbVpb, HexInt32 A14_CcbNULLCcbAccessFlags0)		ACCESS_DENIED	task_0	Informational		
Microsoft-Windows-NtfsLog_e7344f8a791031178b28432890f6bc10	361	0	task_0361(Pointer A10_PsGetCurrentThread, Pointer A11_Vcb, CountedUtf16String A12__VcbVolumeName, CountedUtf16String A13_WppCountedStringWVcbVpbVolumeLabelSAFE_VPB_VOLUME_LABEL_LENGTHVcbVpb, HexInt32 A14_CcbNULLCcbAccessFlags0)		ACCESS_DENIED	task_0	Informational		
Microsoft-Windows-NtfsLog_e7344f8a791031178b28432890f6bc10	362	0	task_0362(Pointer A10_PsGetCurrentThread, Pointer A11_Vcb, CountedUtf16String A12__VcbVolumeName, CountedUtf16String A13_WppCountedStringWVcbVpbVolumeLabelSAFE_VPB_VOLUME_LABEL_LENGTHVcbVpb, HexInt32 A14_CcbNULLCcbAccessFlags0)		ACCESS_DENIED	task_0	Informational		
Microsoft-Windows-NtfsLog_e7344f8a791031178b28432890f6bc10	363	0	task_0363(Pointer A10_Vcb)		DELNOTIFY	task_0	Informational		
Microsoft-Windows-NtfsLog_e7344f8a791031178b28432890f6bc10	364	0	task_0364(Pointer A10_Vcb)		DELNOTIFY	task_0	Informational		
Microsoft-Windows-NtfsLog_e7344f8a791031178b28432890f6bc10	365	0	task_0365(Pointer A10_PsGetCurrentThread, Pointer A11_Vcb, CountedUtf16String A12__VcbVolumeName, CountedUtf16String A13_WppCountedStringWVcbVpbVolumeLabelSAFE_VPB_VOLUME_LABEL_LENGTHVcbVpb, Pointer A14_Fcb, HexInt64 A15_NtfsFullFileRefNumber_FcbFileReference, CountedUtf16String A16__CcbFullFileName, HexInt32 A17_CcbAccessFlags, HexInt32 A18_HandleInfoHandleInfo, Int32 A19_IrpRequestorMode)		ACCESS_DENIED	task_0	Informational		
Microsoft-Windows-NtfsLog_e7344f8a791031178b28432890f6bc10	366	0	task_0366(Pointer A10_PsGetCurrentThread, Pointer A11_Vcb, CountedUtf16String A12__VcbVolumeName, CountedUtf16String A13_WppCountedStringWVcbVpbVolumeLabelSAFE_VPB_VOLUME_LABEL_LENGTHVcbVpb, HexInt32 A14_DasdCcbNULLDasdCcbAccessFlags0)		ACCESS_DENIED	task_0	Informational		
Microsoft-Windows-NtfsLog_e7344f8a791031178b28432890f6bc10	367	0	task_0367(Pointer A10_PsGetCurrentThread, Pointer A11_Vcb, CountedUtf16String A12__VcbVolumeName, CountedUtf16String A13_WppCountedStringWVcbVpbVolumeLabelSAFE_VPB_VOLUME_LABEL_LENGTHVcbVpb, Pointer A14_Fcb, HexInt64 A15_NtfsFullFileRefNumber_FcbFileReference, Pointer A16_Scb, HexInt32 A17_ScbAttributeTypeCode, CountedUtf16String A18__ScbAttributeName, HexInt32 A19_ScbPersist, HexInt32 A20_HandleInfoHandleInfo)		ACCESS_DENIED	task_0	Informational		
Microsoft-Windows-NtfsLog_e7344f8a791031178b28432890f6bc10	368	0	task_0368(Pointer A10_PsGetCurrentThread, Pointer A11_Vcb, CountedUtf16String A12__VcbVolumeName, CountedUtf16String A13_WppCountedStringWVcbVpbVolumeLabelSAFE_VPB_VOLUME_LABEL_LENGTHVcbVpb, Pointer A14_Fcb, HexInt64 A15_NtfsFullFileRefNumber_FcbFileReference, HexInt32 A16_FcbFcbState2, Pointer A17_Scb, HexInt32 A18_ScbAttributeTypeCode, CountedUtf16String A19__ScbAttributeName, HexInt32 A20_ScbPersist, HexInt32 A21_HandleInfoHandleInfo)		ACCESS_DENIED	task_0	Informational		
Microsoft-Windows-NtfsLog_e7344f8a791031178b28432890f6bc10	369	0	task_0369(Pointer A10_PsGetCurrentThread, Pointer A11_Vcb, CountedUtf16String A12__VcbVolumeName, CountedUtf16String A13_WppCountedStringWVcbVpbVolumeLabelSAFE_VPB_VOLUME_LABEL_LENGTHVcbVpb, Pointer A14_Fcb, HexInt64 A15_NtfsFullFileRefNumber_FcbFileReference, HexInt32 A16_FcbFcbState, Pointer A17_Scb, HexInt32 A18_ScbAttributeTypeCode, CountedUtf16String A19__ScbAttributeName, HexInt32 A20_ScbPersist, HexInt32 A21_HandleInfoHandleInfo, Int32 A22_IrpRequestorMode)		ACCESS_DENIED	task_0	Informational		
Microsoft-Windows-NtfsLog_e7344f8a791031178b28432890f6bc10	370	0	task_0370(Pointer A10_PsGetCurrentThread, Pointer A11_Vcb, CountedUtf16String A12__VcbVolumeName, CountedUtf16String A13_WppCountedStringWVcbVpbVolumeLabelSAFE_VPB_VOLUME_LABEL_LENGTHVcbVpb, Pointer A14_ScbFcb, HexInt64 A15_NtfsFullFileRefNumber_ScbFcbFileReference, HexInt32 A16_ScbFcbFcbState, HexInt32 A17_HandleInfoHandleInfo)		ACCESS_DENIED	task_0	Informational		
Microsoft-Windows-NtfsLog_e7344f8a791031178b28432890f6bc10	371	0	task_0371(Pointer A10_PsGetCurrentThread, Pointer A11_ScbVcb, CountedUtf16String A12__ScbVcbVolumeName, CountedUtf16String A13_WppCountedStringWScbVcbVpbVolumeLabelSAFE_VPB_VOLUME_LABEL_LENGTHScbVcbVpb, Pointer A14_ScbFcb, HexInt64 A15_NtfsFullFileRefNumber_ScbFcbFileReference, Pointer A16_Scb, HexInt32 A17_ScbAttributeTypeCode, CountedUtf16String A18__ScbAttributeName, HexInt32 A19_HandleInfoHandleInfo)		SHARING_VIOLATION	task_0	Informational		
Microsoft-Windows-NtfsLog_e7344f8a791031178b28432890f6bc10	372	0	task_0372(Pointer A10_PsGetCurrentThread, Pointer A11_ScbVcb, CountedUtf16String A12__ScbVcbVolumeName, CountedUtf16String A13_WppCountedStringWScbVcbVpbVolumeLabelSAFE_VPB_VOLUME_LABEL_LENGTHScbVcbVpb, Pointer A14_ScbFcb, HexInt64 A15_NtfsFullFileRefNumber_ScbFcbFileReference, Pointer A16_Scb, HexInt32 A17_ScbAttributeTypeCode, CountedUtf16String A18__ScbAttributeName, Int32 A19_ScbShareAccessWriters)		SHARING_VIOLATION	task_0	Informational		
Microsoft-Windows-NtfsLog_e7344f8a791031178b28432890f6bc10	373	0	task_0373(Pointer A10_PsGetCurrentThread, Int32 A11_TypeOfOpen, Pointer A12_Vcb, CountedUtf16String A13__VcbVolumeName, CountedUtf16String A14_WppCountedStringWVcbVpbVolumeLabelSAFE_VPB_VOLUME_LABEL_LENGTHVcbVpb, Pointer A15_ScbFcb, HexInt64 A16_NtfsFullFileRefNumber_ScbFcbFileReference, CountedUtf16String A17_CcbNULL_CcbFullFileNameNULL, HexInt32 A18_CcbNULLCcbAccessFlags0)		ACCESS_DENIED	task_0	Informational		
Microsoft-Windows-NtfsLog_e7344f8a791031178b28432890f6bc10	374	0	task_0374(Pointer A10_PsGetCurrentThread, Pointer A11_Vcb, CountedUtf16String A12__VcbVolumeName, CountedUtf16String A13_WppCountedStringWVcbVpbVolumeLabelSAFE_VPB_VOLUME_LABEL_LENGTHVcbVpb, Int32 A14_TypeOfOpen, Int32 A15_IrpSpFileObjectWriteAccess10, Pointer A16_ScbFcb, HexInt64 A17_NtfsFullFileRefNumber_ScbFcbFileReference, HexInt32 A18_ScbAttributeTypeCode, HexInt32 A19_ScbFcbFcbState, CountedUtf16String A20_CcbNULL_CcbFullFileNameNULL)		ACCESS_DENIED	task_0	Informational		
Microsoft-Windows-NtfsLog_e7344f8a791031178b28432890f6bc10	375	0	task_0375(Pointer A10_PsGetCurrentThread, Pointer A11_Vcb, CountedUtf16String A12__VcbVolumeName, CountedUtf16String A13_WppCountedStringWVcbVpbVolumeLabelSAFE_VPB_VOLUME_LABEL_LENGTHVcbVpb, HexInt32 A14_CcbNULLCcbAccessFlags0)		ACCESS_DENIED	task_0	Informational		
Microsoft-Windows-NtfsLog_e7344f8a791031178b28432890f6bc10	376	0	task_0376(Pointer A10_PVOIDVcb, UInt32 A11_InputParameter)		DUMMY	task_0	Error		
Microsoft-Windows-NtfsLog_e7344f8a791031178b28432890f6bc10	377	0	task_0377(Pointer A10_PsGetCurrentThread, Pointer A11_Vcb, CountedUtf16String A12__VcbVolumeName, CountedUtf16String A13_WppCountedStringWVcbVpbVolumeLabelSAFE_VPB_VOLUME_LABEL_LENGTHVcbVpb, HexInt32 A14_CcbNULLCcbAccessFlags0)		ACCESS_DENIED	task_0	Informational		
Microsoft-Windows-NtfsLog_e7344f8a791031178b28432890f6bc10	378	0	task_0378(Pointer A10_PsGetCurrentThread, Pointer A11_Vcb, CountedUtf16String A12__VcbVolumeName, CountedUtf16String A13_WppCountedStringWVcbVpbVolumeLabelSAFE_VPB_VOLUME_LABEL_LENGTHVcbVpb, HexInt32 A14_CcbNULLCcbAccessFlags0)		ACCESS_DENIED	task_0	Informational		
Microsoft-Windows-NtfsLog_e7344f8a791031178b28432890f6bc10	379	0	task_0379(Pointer A10_PsGetCurrentThread, Pointer A11_IrpContextVcb, CountedUtf16String A12__IrpContextVcbVolumeName, CountedUtf16String A13_WppCountedStringWIrpContextVcbVpbVolumeLabelSAFE_VPB_VOLUME_LABEL_LENGTHIrpContextVcbVpb, HexInt32 A14_NtfsDataFlags)		ACCESS_DENIED	task_0	Informational		
Microsoft-Windows-NtfsLog_e7344f8a791031178b28432890f6bc10	380	0	task_0380(Pointer A10_PsGetCurrentThread, Pointer A11_Vcb, CountedUtf16String A12__VcbVolumeName, CountedUtf16String A13_WppCountedStringWVcbVpbVolumeLabelSAFE_VPB_VOLUME_LABEL_LENGTHVcbVpb, HexInt32 A14_CcbNULLCcbAccessFlags0)		ACCESS_DENIED	task_0	Informational		
Microsoft-Windows-NtfsLog_e7344f8a791031178b28432890f6bc10	381	0	task_0381(Pointer A10_Vcb, HexInt32 A11_VcbVcbState)		VOLBITMAP	task_0	Informational		
Microsoft-Windows-NtfsLog_e7344f8a791031178b28432890f6bc10	382	0	task_0382(Pointer A10_PsGetCurrentThread, Pointer A11_Vcb, CountedUtf16String A12__VcbVolumeName, CountedUtf16String A13_WppCountedStringWVcbVpbVolumeLabelSAFE_VPB_VOLUME_LABEL_LENGTHVcbVpb, HexInt32 A14_CcbNULLCcbAccessFlags0)		ACCESS_DENIED	task_0	Informational		
Microsoft-Windows-NtfsLog_e7344f8a791031178b28432890f6bc10	383	0	task_0383(Pointer A10_PsGetCurrentThread, Pointer A11_Vcb, CountedUtf16String A12__VcbVolumeName, CountedUtf16String A13_WppCountedStringWVcbVpbVolumeLabelSAFE_VPB_VOLUME_LABEL_LENGTHVcbVpb, HexInt32 A14_CcbNULLCcbAccessFlags0)		ACCESS_DENIED	task_0	Informational		
Microsoft-Windows-NtfsLog_e7344f8a791031178b28432890f6bc10	384	0	task_0384(Pointer A10_PsGetCurrentThread, Pointer A11_IrpContextVcb, CountedUtf16String A12__IrpContextVcbVolumeName, CountedUtf16String A13_WppCountedStringWIrpContextVcbVpbVolumeLabelSAFE_VPB_VOLUME_LABEL_LENGTHIrpContextVcbVpb)		ACCESS_DENIED	task_0	Informational		
Microsoft-Windows-NtfsLog_e7344f8a791031178b28432890f6bc10	385	0	task_0385(UInt32 A10_ScrubResumeContextSystemScbIndex, HexInt64 A11_ScrubResumeContextResumeVcn, HexInt32 A12_ScrubResumeContextResumeVcnOffset)		SCRUB	task_0	Informational		
Microsoft-Windows-NtfsLog_e7344f8a791031178b28432890f6bc10	386	0	task_0386(Pointer A10_Scb, HexInt64 A11_ScrubResumeContextResumeVcn, HexInt32 A12_ScrubResumeContextResumeVcnOffset)		SCRUB	task_0	Informational		
Microsoft-Windows-NtfsLog_e7344f8a791031178b28432890f6bc10	387	0	task_0387(UInt32 A10_ScrubResumeContextSystemScbIndex)		SCRUB	task_0	Informational		
Microsoft-Windows-NtfsLog_e7344f8a791031178b28432890f6bc10	388	0	task_0388(Pointer A10_PsGetCurrentThread, Pointer A11_Vcb, CountedUtf16String A12__VcbVolumeName, CountedUtf16String A13_WppCountedStringWVcbVpbVolumeLabelSAFE_VPB_VOLUME_LABEL_LENGTHVcbVpb, Int32 A14_TypeOfOpen, Pointer A15_ScbFcb, HexInt64 A16_NtfsFullFileRefNumber_ScbFcbFileReference, CountedUtf16String A17__CcbFullFileName, HexInt32 A18_CcbAccessFlags)		ACCESS_DENIED	task_0	Informational		
Microsoft-Windows-NtfsLog_e7344f8a791031178b28432890f6bc10	389	0	task_0389(Pointer A10_Scb, Pointer A11_ScbTxfScb)		SCRUB	task_0	Informational		
Microsoft-Windows-NtfsLog_e7344f8a791031178b28432890f6bc10	390	0	task_0390()		SCRUB	task_0	Informational		
Microsoft-Windows-NtfsLog_e7344f8a791031178b28432890f6bc10	391	0	task_0391(Pointer A10_Scb, HexInt32 A11_ScrubContextOperationStatus, HexInt64 A12_ScrubContextNumberOfBytesRepaired, HexInt64 A13_ScrubContextNumberOfBytesFailed, HexInt64 A14_ScrubContextErrorFileOffset, HexInt64 A15_ScrubContextErrorLength, UInt32 A16_ScrubContextParityExtentDataNumberOfParityExtents)		SCRUB	task_0	Informational		
Microsoft-Windows-NtfsLog_e7344f8a791031178b28432890f6bc10	392	0	task_0392(Pointer A10_Scb, HexInt32 A11_Status, HexInt64 A12_ScrubContextNumberOfBytesRepaired, HexInt64 A13_ScrubContextNumberOfBytesFailed, UInt32 A14_ScrubContextParityExtentDataNumberOfParityExtents)		SCRUB	task_0	Informational		
Microsoft-Windows-NtfsLog_e7344f8a791031178b28432890f6bc10	393	0	task_0393(UInt32 A10_InternalFileReference)		SCRUB	task_0	Informational		
Microsoft-Windows-NtfsLog_e7344f8a791031178b28432890f6bc10	394	0	task_0394(UInt32 A10_InternalFileReference)		SCRUB	task_0	Informational		
Microsoft-Windows-NtfsLog_e7344f8a791031178b28432890f6bc10	395	0	task_0395(Pointer A10_Scb, UInt32 A11_ScrubIoCount, UInt32 A12_IrpCancel, UInt32 A13_ScrubContextParityExtentDataNumberOfParityExtents)		SCRUB	task_0	Informational		
Microsoft-Windows-NtfsLog_e7344f8a791031178b28432890f6bc10	396	0	task_0396(Pointer A10_Scb, CountedUtf16String A11__ScbAttributeName)		SCRUB	task_0	Informational		
Microsoft-Windows-NtfsLog_e7344f8a791031178b28432890f6bc10	397	0	task_0397(Pointer A10_Scb, CountedUtf16String A11__ScbAttributeName)		SCRUB	task_0	Informational		
Microsoft-Windows-NtfsLog_e7344f8a791031178b28432890f6bc10	398	0	task_0398(Pointer A10_Scb, Int64 A11_StartingVcn)		SCRUB	task_0	Informational		
Microsoft-Windows-NtfsLog_e7344f8a791031178b28432890f6bc10	399	0	task_0399(Pointer A10_Scb, HexInt64 A11_FileScrubOffset, HexInt64 A12_SectorAlignedVdl)		SCRUB	task_0	Informational		
Microsoft-Windows-NtfsLog_e7344f8a791031178b28432890f6bc10	400	0	task_0400(Pointer A10_Scb, HexInt64 A11_StartingVcn)		SCRUB	task_0	Informational		
Microsoft-Windows-NtfsLog_e7344f8a791031178b28432890f6bc10	401	0	task_0401(Pointer A10_Scb, HexInt64 A11_StartingVcn, HexInt64 A12_ClusterCount)		SCRUB	task_0	Informational		
Microsoft-Windows-NtfsLog_e7344f8a791031178b28432890f6bc10	402	0	task_0402(Pointer A10_Scb, HexInt64 A11_StartingVcn)		SCRUB	task_0	Informational		
Microsoft-Windows-NtfsLog_e7344f8a791031178b28432890f6bc10	403	0	task_0403(Pointer A10_Scb, HexInt64 A11_DsmRangeStartingOffset, HexInt64 A12_DsmRangeStartingOffsetDsmRangeLengthInBytes, HexInt64 A13_DsmRangeLengthInBytes, HexInt64 A14_StartingVcn, HexInt32 A15_StartingVcnOffset, HexInt64 A16_SectorAlignedVdl)		SCRUB	task_0	Informational		
Microsoft-Windows-NtfsLog_e7344f8a791031178b28432890f6bc10	404	0	task_0404(Pointer A10_Scb, HexInt64 A11_StartingVcn, HexInt64 A12_ScrubContextErrorFileOffset, HexInt64 A13_ScrubbedLength, HexInt32 A14_ScrubContextOperationStatus, HexInt64 A15_ScrubContextNumberOfBytesFailed, HexInt64 A16_ScrubContextNumberOfBytesRepaired, UInt32 A17_NewParityExtentCount)		DUMMY	task_0	Error		
Microsoft-Windows-NtfsLog_e7344f8a791031178b28432890f6bc10	405	0	task_0405(Pointer A10_Scb, HexInt32 A11_Status)		SCRUB	task_0	Informational		
Microsoft-Windows-NtfsLog_e7344f8a791031178b28432890f6bc10	406	0	task_0406(Pointer A10_Scb, HexInt32 A11_Status)		SCRUB	task_0	Informational		
Microsoft-Windows-NtfsLog_e7344f8a791031178b28432890f6bc10	407	0	task_0407(Pointer A10_Scb, Pointer A11_ScbTxfScb)		SCRUB	task_0	Informational		
Microsoft-Windows-NtfsLog_e7344f8a791031178b28432890f6bc10	408	0	task_0408(Pointer A10_Scb, CountedUtf16String A11__ScbAttributeName)		SCRUB	task_0	Informational		
Microsoft-Windows-NtfsLog_e7344f8a791031178b28432890f6bc10	409	0	task_0409(Pointer A10_Scb, CountedUtf16String A11__ScbAttributeName)		SCRUB	task_0	Informational		
Microsoft-Windows-NtfsLog_e7344f8a791031178b28432890f6bc10	410	0	task_0410()		SCRUB	task_0	Informational		
Microsoft-Windows-NtfsLog_e7344f8a791031178b28432890f6bc10	411	0	task_0411()		SCRUB	task_0	Informational		
Microsoft-Windows-NtfsLog_e7344f8a791031178b28432890f6bc10	412	0	task_0412(Pointer A10_Scb, HexInt64 A11_StartingVcn)		SCRUB	task_0	Informational		
Microsoft-Windows-NtfsLog_e7344f8a791031178b28432890f6bc10	413	0	task_0413(Pointer A10_Scb, HexInt64 A11_StartingVcn)		SCRUB	task_0	Informational		
Microsoft-Windows-NtfsLog_e7344f8a791031178b28432890f6bc10	414	0	task_0414(Pointer A10_Scb, HexInt64 A11_StartingVcn, HexInt64 A12_ClusterCount)		SCRUB	task_0	Informational		
Microsoft-Windows-NtfsLog_e7344f8a791031178b28432890f6bc10	415	0	task_0415(Pointer A10_Scb, HexInt64 A11_RepairDataSetRangeStartingOffset, HexInt64 A12_RepairDataSetRangeStartingOffsetRepairDataSetRangeLengthInBytes, HexInt64 A13_RepairDataSetRangeLengthInBytes, HexInt64 A14_RepairFileOffset)		SCRUB	task_0	Informational		
Microsoft-Windows-NtfsLog_e7344f8a791031178b28432890f6bc10	416	0	task_0416(Pointer A10_Scb, HexInt32 A11_Status)		SCRUB	task_0	Informational		
Microsoft-Windows-NtfsLog_e7344f8a791031178b28432890f6bc10	417	0	task_0417(Pointer A10_Scb, HexInt32 A11_IrpStatus)		SCRUB	task_0	Informational		
Microsoft-Windows-NtfsLog_e7344f8a791031178b28432890f6bc10	418	0	task_0418(Pointer A10_Scb, HexInt32 A11_RepairCopiesOutputStatus)		SCRUB	task_0	Informational		
Microsoft-Windows-NtfsLog_e7344f8a791031178b28432890f6bc10	419	0	task_0419(Pointer A10_PsGetCurrentThread, Pointer A11_Vcb, CountedUtf16String A12__VcbVolumeName, CountedUtf16String A13_WppCountedStringWVcbVpbVolumeLabelSAFE_VPB_VOLUME_LABEL_LENGTHVcbVpb, Int32 A14_TypeOfOpen, Pointer A15_ScbFcb, HexInt64 A16_NtfsFullFileRefNumber_ScbFcbFileReference, CountedUtf16String A17__CcbFullFileName, HexInt32 A18_CcbAccessFlags)		ACCESS_DENIED	task_0	Informational		
Microsoft-Windows-NtfsLog_e7344f8a791031178b28432890f6bc10	420	0	task_0420(Pointer A10_PsGetCurrentThread, Pointer A11_Vcb, CountedUtf16String A12__VcbVolumeName, CountedUtf16String A13_WppCountedStringWVcbVpbVolumeLabelSAFE_VPB_VOLUME_LABEL_LENGTHVcbVpb, Int32 A14_TypeOfOpen, Pointer A15_ScbFcb, HexInt64 A16_NtfsFullFileRefNumber_ScbFcbFileReference, CountedUtf16String A17_CcbNULL_CcbFullFileNameNULL, HexInt32 A18_CcbNULLCcbAccessFlags0)		ACCESS_DENIED	task_0	Informational		
Microsoft-Windows-NtfsLog_e7344f8a791031178b28432890f6bc10	421	0	task_0421(Pointer A10_PsGetCurrentThread, Pointer A11_Vcb, CountedUtf16String A12__VcbVolumeName, CountedUtf16String A13_WppCountedStringWVcbVpbVolumeLabelSAFE_VPB_VOLUME_LABEL_LENGTHVcbVpb, Int32 A14_TypeOfOpen, Pointer A15_ScbFcb, HexInt64 A16_NtfsFullFileRefNumber_ScbFcbFileReference, CountedUtf16String A17_CcbNULL_CcbFullFileNameNULL, HexInt32 A18_CcbNULLCcbAccessFlags0)		ACCESS_DENIED	task_0	Informational		
Microsoft-Windows-NtfsLog_e7344f8a791031178b28432890f6bc10	422	0	task_0422(Pointer A10_PsGetCurrentThread, Pointer A11_Vcb, CountedUtf16String A12__VcbVolumeName, CountedUtf16String A13_WppCountedStringWVcbVpbVolumeLabelSAFE_VPB_VOLUME_LABEL_LENGTHVcbVpb, Int32 A14_TypeOfOpen, Pointer A15_ScbFcb, HexInt64 A16_NtfsFullFileRefNumber_ScbFcbFileReference, CountedUtf16String A17_CcbNULL_CcbFullFileNameNULL, HexInt32 A18_CcbNULLCcbAccessFlags0)		ACCESS_DENIED	task_0	Informational		
Microsoft-Windows-NtfsLog_e7344f8a791031178b28432890f6bc10	423	0	task_0423(Pointer A10_PsGetCurrentThread, Pointer A11_Vcb, CountedUtf16String A12__VcbVolumeName, CountedUtf16String A13_WppCountedStringWVcbVpbVolumeLabelSAFE_VPB_VOLUME_LABEL_LENGTHVcbVpb, Pointer A14_Fcb, HexInt64 A15_NtfsFullFileRefNumber_FcbFileReference, Pointer A16_Scb, HexInt32 A17_ScbAttributeTypeCode, CountedUtf16String A18__ScbAttributeName)		SHARING_VIOLATION	task_0	Informational		
Microsoft-Windows-NtfsLog_e7344f8a791031178b28432890f6bc10	424	0	task_0424(Pointer A10_PsGetCurrentThread, Pointer A11_Vcb, CountedUtf16String A12__VcbVolumeName, CountedUtf16String A13_WppCountedStringWVcbVpbVolumeLabelSAFE_VPB_VOLUME_LABEL_LENGTHVcbVpb, Int32 A14_TypeOfOpen, Pointer A15_ScbFcb, HexInt64 A16_NtfsFullFileRefNumber_ScbFcbFileReference, CountedUtf16String A17_CcbNULL_CcbFullFileNameNULL, Int32 A18_IrpRequestorMode)		ACCESS_DENIED	task_0	Informational		
Microsoft-Windows-NtfsLog_e7344f8a791031178b28432890f6bc10	425	0	task_0425(Pointer A10_PsGetCurrentThread, Int32 A11_TypeOfOpen, Pointer A12_Vcb, CountedUtf16String A13__VcbVolumeName, CountedUtf16String A14_WppCountedStringWVcbVpbVolumeLabelSAFE_VPB_VOLUME_LABEL_LENGTHVcbVpb, Pointer A15_ScbFcb, HexInt64 A16_NtfsFullFileRefNumber_ScbFcbFileReference, CountedUtf16String A17_CcbNULL_CcbFullFileNameNULL, HexInt32 A18_VcbVcbState)		ACCESS_DENIED	task_0	Informational		
Microsoft-Windows-NtfsLog_e7344f8a791031178b28432890f6bc10	426	0	task_0426(Pointer A10_PsGetCurrentThread, Pointer A11_Vcb, CountedUtf16String A12__VcbVolumeName, CountedUtf16String A13_WppCountedStringWVcbVpbVolumeLabelSAFE_VPB_VOLUME_LABEL_LENGTHVcbVpb, Pointer A14_ScbFcb, HexInt64 A15_NtfsFullFileRefNumber_ScbFcbFileReference, Pointer A16_Scb, HexInt32 A17_ScbAttributeTypeCode, CountedUtf16String A18__ScbAttributeName, HexInt32 A19_ScbPersist, HexInt32 A20_CcbNULLCcbFlags0)		ACCESS_DENIED	task_0	Informational		
Microsoft-Windows-NtfsLog_e7344f8a791031178b28432890f6bc10	427	0	task_0427(Pointer A10_PsGetCurrentThread, Pointer A11_Vcb, CountedUtf16String A12__VcbVolumeName, CountedUtf16String A13_WppCountedStringWVcbVpbVolumeLabelSAFE_VPB_VOLUME_LABEL_LENGTHVcbVpb, Pointer A14_Fcb, HexInt64 A15_NtfsFullFileRefNumber_FcbFileReference, HexInt32 A16_FcbInfoFileAttributes, HexInt32 A17_IrpSpFlags)		ACCESS_DENIED	task_0	Informational		
Microsoft-Windows-NtfsLog_e7344f8a791031178b28432890f6bc10	428	0	task_0428(Pointer A10_PsGetCurrentThread, Pointer A11_Vcb, CountedUtf16String A12__VcbVolumeName, CountedUtf16String A13_WppCountedStringWVcbVpbVolumeLabelSAFE_VPB_VOLUME_LABEL_LENGTHVcbVpb, Pointer A14_ScbFcb, HexInt64 A15_NtfsFullFileRefNumber_ScbFcbFileReference, CountedUtf16String A16_CcbNULL_CcbFullFileNameNULL, Int32 A17_IrpRequestorMode)		ACCESS_DENIED	task_0	Informational		
Microsoft-Windows-NtfsLog_e7344f8a791031178b28432890f6bc10	429	0	task_0429(Pointer A10_PsGetCurrentThread, Pointer A11_Vcb, CountedUtf16String A12__VcbVolumeName, CountedUtf16String A13_WppCountedStringWVcbVpbVolumeLabelSAFE_VPB_VOLUME_LABEL_LENGTHVcbVpb, Pointer A14_ScbFcb, HexInt64 A15_NtfsFullFileRefNumber_ScbFcbFileReference, CountedUtf16String A16_CcbNULL_CcbFullFileNameNULL, HexInt32 A17_VcbVcbState)		ACCESS_DENIED	task_0	Informational		
Microsoft-Windows-NtfsLog_e7344f8a791031178b28432890f6bc10	430	0	task_0430(Pointer A10_PsGetCurrentThread, Pointer A11_Vcb, CountedUtf16String A12__VcbVolumeName, CountedUtf16String A13_WppCountedStringWVcbVpbVolumeLabelSAFE_VPB_VOLUME_LABEL_LENGTHVcbVpb, Pointer A14_ScbFcb, HexInt64 A15_NtfsFullFileRefNumber_ScbFcbFileReference, Pointer A16_Scb, HexInt32 A17_ScbAttributeTypeCode, CountedUtf16String A18__ScbAttributeName, HexInt32 A19_ScbPersist, HexInt32 A20_CcbNULLCcbFlags0)		ACCESS_DENIED	task_0	Informational		
Microsoft-Windows-NtfsLog_e7344f8a791031178b28432890f6bc10	431	0	task_0431(Pointer A10_PsGetCurrentThread, Pointer A11_Vcb, CountedUtf16String A12__VcbVolumeName, CountedUtf16String A13_WppCountedStringWVcbVpbVolumeLabelSAFE_VPB_VOLUME_LABEL_LENGTHVcbVpb, Pointer A14_Fcb, HexInt64 A15_NtfsFullFileRefNumber_FcbFileReference, HexInt32 A16_FcbInfoFileAttributes, HexInt32 A17_IrpSpFlags)		ACCESS_DENIED	task_0	Informational		
Microsoft-Windows-NtfsLog_e7344f8a791031178b28432890f6bc10	432	0	task_0432(Pointer A10_PsGetCurrentThread, Pointer A11_Vcb, CountedUtf16String A12__VcbVolumeName, CountedUtf16String A13_WppCountedStringWVcbVpbVolumeLabelSAFE_VPB_VOLUME_LABEL_LENGTHVcbVpb, HexInt64 A14_NtfsFullFileRefNumber_FcbFileReference, CountedUtf16String A15_CcbNULL_CcbFullFileNameNULL, HexInt32 A16_CcbNULLCcbAccessFlags0)		ACCESS_DENIED	task_0	Informational		
Microsoft-Windows-NtfsLog_e7344f8a791031178b28432890f6bc10	433	0	task_0433(Pointer A10_PsGetCurrentThread, Int32 A11_TypeOfOpen, Pointer A12_Vcb, CountedUtf16String A13__VcbVolumeName, CountedUtf16String A14_WppCountedStringWVcbVpbVolumeLabelSAFE_VPB_VOLUME_LABEL_LENGTHVcbVpb, Pointer A15_ScbFcb, HexInt64 A16_NtfsFullFileRefNumber_ScbFcbFileReference, HexInt32 A17_ScbAttributeTypeCode, HexInt32 A18_ScbFcbFcbState2, CountedUtf16String A19_CcbNULL_CcbFullFileNameNULL, HexInt32 A20_CcbNULLCcbAccessFlags0, HexInt32 A21_CcbNULLCcbFlags20)		ACCESS_DENIED	task_0	Informational		
Microsoft-Windows-NtfsLog_e7344f8a791031178b28432890f6bc10	434	0	task_0434(Pointer A10_PsGetCurrentThread, Int32 A11_TypeOfOpen, Pointer A12_Vcb, CountedUtf16String A13__VcbVolumeName, CountedUtf16String A14_WppCountedStringWVcbVpbVolumeLabelSAFE_VPB_VOLUME_LABEL_LENGTHVcbVpb, Pointer A15_ScbFcb, HexInt64 A16_NtfsFullFileRefNumber_ScbFcbFileReference, HexInt32 A17_ScbAttributeTypeCode, CountedUtf16String A18_CcbNULL_CcbFullFileNameNULL, HexInt32 A19_CcbNULLCcbAccessFlags0)		ACCESS_DENIED	task_0	Informational		
Microsoft-Windows-NtfsLog_e7344f8a791031178b28432890f6bc10	435	0	task_0435(Pointer A10_PsGetCurrentThread, Pointer A11_Vcb, CountedUtf16String A12__VcbVolumeName, CountedUtf16String A13_WppCountedStringWVcbVpbVolumeLabelSAFE_VPB_VOLUME_LABEL_LENGTHVcbVpb, Pointer A14_ScbFcb, HexInt64 A15_NtfsFullFileRefNumber_ScbFcbFileReference, CountedUtf16String A16_CcbNULL_CcbFullFileNameNULL, HexInt32 A17_CcbNULLCcbAccessFlags0)		ACCESS_DENIED	task_0	Informational		
Microsoft-Windows-NtfsLog_e7344f8a791031178b28432890f6bc10	436	0	task_0436(Pointer A10_Vcb, Pointer A11_PsGetCurrentThread, HexInt32 A12_Status, CountedUtf16String A13__DeletedFiles)		DUMMY	task_0	Informational		
Microsoft-Windows-NtfsLog_e7344f8a791031178b28432890f6bc10	437	0	task_0437(Pointer A10_Vcb, Pointer A11_PsGetCurrentThread, HexInt32 A12_Status)		DUMMY	task_0	Informational		
Microsoft-Windows-NtfsLog_e7344f8a791031178b28432890f6bc10	438	0	task_0438(Pointer A10_Vcb, Pointer A11_PsGetCurrentThread, HexInt32 A12_Status, CountedUtf16String A13__FileNameToDelete)		DUMMY	task_0	Informational		
Microsoft-Windows-NtfsLog_e7344f8a791031178b28432890f6bc10	439	0	task_0439(Pointer A10_Vcb, Pointer A11_PsGetCurrentThread, HexInt32 A12_Status)		DUMMY	task_0	Informational		
Microsoft-Windows-NtfsLog_e7344f8a791031178b28432890f6bc10	440	0	task_0440(Pointer A10_Vcb, Pointer A11_PsGetCurrentThread, HexInt32 A12_Status)		DUMMY	task_0	Informational		
Microsoft-Windows-NtfsLog_e7344f8a791031178b28432890f6bc10	441	0	task_0441(Pointer A10_PsGetCurrentThread, Int32 A11_TypeOfOpen, Pointer A12_Vcb, CountedUtf16String A13__VcbVolumeName, CountedUtf16String A14_WppCountedStringWVcbVpbVolumeLabelSAFE_VPB_VOLUME_LABEL_LENGTHVcbVpb, Pointer A15_ScbFcb, HexInt64 A16_NtfsFullFileRefNumber_ScbFcbFileReference, CountedUtf16String A17_CcbNULL_CcbFullFileNameNULL, HexInt32 A18_CcbNULLCcbAccessFlags0, Int32 A19_EffectiveMode)		ACCESS_DENIED	task_0	Informational		
Microsoft-Windows-NtfsLog_e7344f8a791031178b28432890f6bc10	442	0	task_0442(Pointer A10_Scb, HexInt64 A11_StartOffset, HexInt64 A12_Length, HexInt64 A13_StartVcn, HexInt64 A14_BeyondEndVcn)		DAX	task_0	Informational		
Microsoft-Windows-NtfsLog_e7344f8a791031178b28432890f6bc10	443	0	task_0443(HexInt32 A10_Status, HexInt32 A11_OutputNumBadRanges)		DAX	task_0	Informational		
Microsoft-Windows-NtfsLog_e7344f8a791031178b28432890f6bc10	444	0	task_0444(UInt32 A10_FsInputRangeIndex, HexInt64 A11_FsInputRangesFsInputRangeIndexFileOffset, HexInt64 A12_FsInputRangesFsInputRangeIndexVolumeOffset, HexInt64 A13_FsInputRangesFsInputRangeIndexLengthInBytes)		DAX	task_0	Informational		
Microsoft-Windows-NtfsLog_e7344f8a791031178b28432890f6bc10	445	0	task_0445(Pointer A10_Scb, HexInt32 A11_Status, UInt8 A12_BOOLEANAbnormalTermination)		DAX	task_0	Informational		
Microsoft-Windows-NtfsLog_e7344f8a791031178b28432890f6bc10	446	0	task_0446(Pointer A10_Scb, HexInt32 A11_Status)		DAX	task_0	Informational		
Microsoft-Windows-NtfsLog_e7344f8a791031178b28432890f6bc10	447	0	task_0447(Pointer A10_PsGetCurrentThread, Pointer A11_IrpContextVcb, CountedUtf16String A12__IrpContextVcbVolumeName, CountedUtf16String A13_WppCountedStringWIrpContextVcbVpbVolumeLabelSAFE_VPB_VOLUME_LABEL_LENGTHIrpContextVcbVpb)		ACCESS_DENIED	task_0	Informational		
Microsoft-Windows-NtfsLog_e7344f8a791031178b28432890f6bc10	448	0	task_0448()		DUMMY	task_0	Critical		
Microsoft-Windows-NtfsLog_e7344f8a791031178b28432890f6bc10	449	0	task_0449(Pointer A10_Table, Pointer A11_ParentScb, CountedUtf16String A12__ParentScbScbTypeIndexNormalizedName, CountedUtf16String A13_RemainingName)		HASH_TABLE	task_0	Informational		
Microsoft-Windows-NtfsLog_e7344f8a791031178b28432890f6bc10	450	0	task_0450()		HASH_TABLE	task_0	Informational		
Microsoft-Windows-NtfsLog_e7344f8a791031178b28432890f6bc10	451	0	task_0451(Pointer A10_FoundLcb, CountedUtf16String A11__FoundLcbExactCaseLinkLinkName)		HASH_TABLE	task_0	Informational		
Microsoft-Windows-NtfsLog_e7344f8a791031178b28432890f6bc10	452	0	task_0452()		HASH_TABLE	task_0	Informational		
Microsoft-Windows-NtfsLog_e7344f8a791031178b28432890f6bc10	453	0	task_0453(Pointer A10_Table, HexInt32 A11_NewHashEntryHashValue, Int32 A12_NewHashEntryFullNameLength, Pointer A13_NewHashEntryHashLcb, CountedUtf16String A14__NewHashEntryHashLcbExactCaseLinkLinkName)		HASH_TABLE	task_0	Informational		
Microsoft-Windows-NtfsLog_e7344f8a791031178b28432890f6bc10	454	0	task_0454(Pointer A10_Table, HexInt32 A11_HashValue, Pointer A12_HashLcb, CountedUtf16String A13__HashLcbExactCaseLinkLinkName)		HASH_TABLE	task_0	Informational		
Microsoft-Windows-NtfsLog_e7344f8a791031178b28432890f6bc10	455	0	task_0455(Pointer A10_Vcb, Int32 A11_VcbCheckpointInjectionCount)		LOGFILE	task_0	Informational		
Microsoft-Windows-NtfsLog_e7344f8a791031178b28432890f6bc10	456	0	task_0456(Pointer A10_Vcb, Int32 A11_PercentFull, Int32 A12_VcbWaitForCcLoggedDataActivityCount)		LOGFILE	task_0	Informational		
Microsoft-Windows-NtfsLog_e7344f8a791031178b28432890f6bc10	457	0	task_0457(Pointer A10_Vcb)		LOGFILE	task_0	Informational		
Microsoft-Windows-NtfsLog_e7344f8a791031178b28432890f6bc10	458	0	task_0458(Pointer A10_Vcb)		LOGFILE	task_0	Informational		
Microsoft-Windows-NtfsLog_e7344f8a791031178b28432890f6bc10	459	0	task_0459(Pointer A10_Vcb)		LOGFILE	task_0	Informational		
Microsoft-Windows-NtfsLog_e7344f8a791031178b28432890f6bc10	460	0	task_0460(Pointer A10_Vcb, Int32 A11_VcbCleanCheckpointCount)		LOGFILE	task_0	Informational		
Microsoft-Windows-NtfsLog_e7344f8a791031178b28432890f6bc10	461	0	task_0461(Pointer A10_Vcb, Int32 A11_VcbOverflowedDPTCount)		LOGFILE	task_0	Informational		
Microsoft-Windows-NtfsLog_e7344f8a791031178b28432890f6bc10	462	0	task_0462(Pointer A10_Vcb, Int32 A11_VcbFuzzyCheckpointCount)		LOGFILE	task_0	Informational		
Microsoft-Windows-NtfsLog_e7344f8a791031178b28432890f6bc10	463	0	task_0463(Pointer A10_Vcb, Int32 A11_VcbFlushOldestFOCount)		LOGFILE	task_0	Informational		
Microsoft-Windows-NtfsLog_e7344f8a791031178b28432890f6bc10	464	0	task_0464(Pointer A10_Vcb, HexInt64 A11_NtfsFullSegmentNumber_ScbFcbFileReference)		LOGFILE	task_0	Informational		
Microsoft-Windows-NtfsLog_e7344f8a791031178b28432890f6bc10	465	0	task_0465(Pointer A10_Vcb, Pointer A11_DirtyPageContextOldestFileObject)		LOGFILE	task_0	Informational		
Microsoft-Windows-NtfsLog_e7344f8a791031178b28432890f6bc10	466	0	task_0466(Pointer A10_PsGetCurrentThread, Pointer A11_Vcb, CountedUtf16String A12__VcbVolumeName, CountedUtf16String A13_WppCountedStringWVcbVpbVolumeLabelSAFE_VPB_VOLUME_LABEL_LENGTHVcbVpb, HexInt32 A14_VcbVcbState)		ACCESS_DENIED	task_0	Informational		
Microsoft-Windows-NtfsLog_e7344f8a791031178b28432890f6bc10	467	0	task_0467(Pointer A10_Vcb)		LOGFILE	task_0	Informational		
Microsoft-Windows-NtfsLog_e7344f8a791031178b28432890f6bc10	468	0	task_0468(Pointer A10_Vcb)		LOGFILE	task_0	Informational		
Microsoft-Windows-NtfsLog_e7344f8a791031178b28432890f6bc10	469	0	task_0469(Pointer A10_IrpContext, HexInt32 A11_IrpContextTransactionId)		ALLOC_FREE_CLUS	task_0	Informational		
Microsoft-Windows-NtfsLog_e7344f8a791031178b28432890f6bc10	470	0	task_0470(Pointer A10_IrpContext, HexInt32 A11_IrpContextTransactionId)		MFT_ATTR_LIST	task_0	Informational		
Microsoft-Windows-NtfsLog_e7344f8a791031178b28432890f6bc10	471	0	task_0471(Pointer A10_IrpContext, Pointer A11_IrpContextOriginatingIrp, Pointer A12_PsGetCurrentThread, HexInt32 A13_IrpContextExceptionStatus)		DUMMY	task_0	Warning		
Microsoft-Windows-NtfsLog_e7344f8a791031178b28432890f6bc10	472	0	task_0472(Pointer A10_IrpContext, Pointer A11_IrpContextOriginatingIrp, Pointer A12_PsGetCurrentThread, HexInt32 A13_IrpContextExceptionStatus)		DUMMY	task_0	Warning		
Microsoft-Windows-NtfsLog_e7344f8a791031178b28432890f6bc10	473	0	task_0473(Pointer A10_IrpContext, Pointer A11_IrpContextOriginatingIrp, Pointer A12_PsGetCurrentThread, HexInt32 A13_IrpContextExceptionStatus, Int32 A14_FailedFlushCount)		DUMMY	task_0	Warning		
Microsoft-Windows-NtfsLog_e7344f8a791031178b28432890f6bc10	474	0	task_0474(Pointer A10_IrpContext, Pointer A11_IrpContextOriginatingIrp, Pointer A12_PsGetCurrentThread, HexInt32 A13_IrpContextExceptionStatus)		DUMMY	task_0	Warning		
Microsoft-Windows-NtfsLog_e7344f8a791031178b28432890f6bc10	475	0	task_0475(Pointer A10_IrpContext, Pointer A11_IrpContextOriginatingIrp, Pointer A12_PsGetCurrentThread, HexInt32 A13_IrpContextExceptionStatus)		DUMMY	task_0	Warning		
Microsoft-Windows-NtfsLog_e7344f8a791031178b28432890f6bc10	476	0	task_0476(Pointer A10_IrpContext, HexInt32 A11_IrpContextTransactionId)		ALLOC_FREE_CLUS	task_0	Informational		
Microsoft-Windows-NtfsLog_e7344f8a791031178b28432890f6bc10	477	0	task_0477(Pointer A10_IrpContext, HexInt32 A11_IrpContextTransactionId)		MFT_ATTR_LIST	task_0	Informational		
Microsoft-Windows-NtfsLog_e7344f8a791031178b28432890f6bc10	478	0	task_0478(Pointer A10_Vcb, HexInt64 A11_ActiveLsnQuadPart, UInt32 A12_ClearAll)		DELNOTIFY	task_0	Verbose		
Microsoft-Windows-NtfsLog_e7344f8a791031178b28432890f6bc10	479	0	task_0479(Pointer A10_Vcb)		DELNOTIFY	task_0	Verbose		
Microsoft-Windows-NtfsLog_e7344f8a791031178b28432890f6bc10	480	0	task_0480(Pointer A10_Vcb)		DELNOTIFY	task_0	Verbose		
Microsoft-Windows-NtfsLog_e7344f8a791031178b28432890f6bc10	481	0	task_0481(Pointer A10_Vcb, HexInt64 A11_ClustersClusterCount)		DELNOTIFY	task_0	Informational		
Microsoft-Windows-NtfsLog_e7344f8a791031178b28432890f6bc10	482	0	task_0482(Pointer A10_Vcb)		DELNOTIFY	task_0	Verbose		
Microsoft-Windows-NtfsLog_e7344f8a791031178b28432890f6bc10	483	0	task_0483(Pointer A10_Vcb)		DELNOTIFY	task_0	Verbose		
Microsoft-Windows-NtfsLog_e7344f8a791031178b28432890f6bc10	484	0	task_0484(Pointer A10_Vcb, Pointer A11_Clusters, HexInt64 A12_ClustersClusterCount, HexInt64 A13_ClustersLsnQuadPart, HexInt32 A14_ClustersFlags)		DELNOTIFY	task_0	Informational		
Microsoft-Windows-NtfsLog_e7344f8a791031178b28432890f6bc10	485	0	task_0485(Pointer A10_Vcb, Pointer A11_Clusters, Int32 A12_i, HexInt64 A13_StartingLcn, HexInt64 A14_ClusterCount)		DAX	task_0	Verbose		
Microsoft-Windows-NtfsLog_e7344f8a791031178b28432890f6bc10	486	0	task_0486()		DAX	task_0	Verbose		
Microsoft-Windows-NtfsLog_e7344f8a791031178b28432890f6bc10	487	0	task_0487(HexInt32 A10_Status)		DAX	task_0	Warning		
Microsoft-Windows-NtfsLog_e7344f8a791031178b28432890f6bc10	488	0	task_0488(HexInt32 A10_Status)		DAX	task_0	Warning		
Microsoft-Windows-NtfsLog_e7344f8a791031178b28432890f6bc10	489	0	task_0489(HexInt32 A10_Status)		DAX	task_0	Warning		
Microsoft-Windows-NtfsLog_e7344f8a791031178b28432890f6bc10	490	0	task_0490(HexInt32 A10_Status)		DAX	task_0	Warning		
Microsoft-Windows-NtfsLog_e7344f8a791031178b28432890f6bc10	491	0	task_0491()		DAX	task_0	Verbose		
Microsoft-Windows-NtfsLog_e7344f8a791031178b28432890f6bc10	492	0	task_0492(Pointer A10_Vcb, HexInt64 A11_StartingLcn, HexInt32 A12_ULONGClusterCount)		DELNOTIFY	task_0	Informational		
Microsoft-Windows-NtfsLog_e7344f8a791031178b28432890f6bc10	493	0	task_0493(Pointer A10_Vcb, HexInt64 A11_StartingLcnStartingIndex, HexInt32 A12_runLength)		DELNOTIFY	task_0	Informational		
Microsoft-Windows-NtfsLog_e7344f8a791031178b28432890f6bc10	494	0	task_0494(Pointer A10_Vcb, HexInt32 A11_Status)		DUMMY	task_0	Error		
Microsoft-Windows-NtfsLog_e7344f8a791031178b28432890f6bc10	495	0	task_0495(Pointer A10_Vcb, Pointer A11_MarkUnusedContext)		DELNOTIFY	task_0	Informational		
Microsoft-Windows-NtfsLog_e7344f8a791031178b28432890f6bc10	496	0	task_0496(Pointer A10_Vcb)		DELNOTIFY	task_0	Verbose		
Microsoft-Windows-NtfsLog_e7344f8a791031178b28432890f6bc10	497	0	task_0497(Pointer A10_McbScb, Pointer A11_Mcb, HexInt64 A12_StartingVcn, HexInt64 A13_Count)		ALLOC_FREE_CLUS	task_0	Informational		
Microsoft-Windows-NtfsLog_e7344f8a791031178b28432890f6bc10	498	0	task_0498(Pointer A10_Mcb)		ALLOC_FREE_CLUS	task_0	Informational		
Microsoft-Windows-NtfsLog_e7344f8a791031178b28432890f6bc10	499	0	task_0499(Pointer A10_McbScb, Pointer A11_Mcb, HexInt64 A12_Vcn, HexInt64 A13_Lcn, HexInt64 A14_RunCount)		ALLOC_FREE_CLUS	task_0	Informational		
Microsoft-Windows-NtfsLog_e7344f8a791031178b28432890f6bc10	500	0	task_0500(Pointer A10_Mcb, UInt32 A11_Result)		ALLOC_FREE_CLUS	task_0	Informational		
Microsoft-Windows-NtfsLog_e7344f8a791031178b28432890f6bc10	501	0	task_0501(Pointer A10_McbScb, Pointer A11_Mcb, HexInt64 A12_StartingVcn, HexInt64 A13_EndingVcn, UInt32 A14_TruncateOnly)		ALLOC_FREE_CLUS	task_0	Informational		
Microsoft-Windows-NtfsLog_e7344f8a791031178b28432890f6bc10	502	0	task_0502(Pointer A10_Mcb)		ALLOC_FREE_CLUS	task_0	Informational		
Microsoft-Windows-NtfsLog_e7344f8a791031178b28432890f6bc10	503	0	task_0503(Pointer A10_Vcb, Pointer A11_BootSector)		MOUNT	task_0	Informational		
Microsoft-Windows-NtfsLog_e7344f8a791031178b28432890f6bc10	504	0	task_0504(Pointer A10_Vcb, Pointer A11_BootSector, Int32 A12_CheckNumber)		MOUNT	task_0	Informational		
Microsoft-Windows-NtfsLog_e7344f8a791031178b28432890f6bc10	505	0	task_0505(Pointer A10_Vcb, Pointer A11_IrpContext, HexInt32 A12_IrpContextExceptionStatus)		MFT_ATTR_LIST	task_0	Informational		
Microsoft-Windows-NtfsLog_e7344f8a791031178b28432890f6bc10	506	0	task_0506(Pointer A10_IrpContext, Pointer A11_Vcb, CountedUtf16String A12__VolumeLabel, CountedUtf16String A13__VcbDeviceName)		OPERATIONS	task_0	Informational		
Microsoft-Windows-NtfsLog_e7344f8a791031178b28432890f6bc10	507	0	task_0507(Pointer A10_Vcb)		DAX	task_0	Informational		
Microsoft-Windows-NtfsLog_e7344f8a791031178b28432890f6bc10	508	0	task_0508(Pointer A10_Vcb)		DAX	task_0	Warning		
Microsoft-Windows-NtfsLog_e7344f8a791031178b28432890f6bc10	509	0	task_0509(Pointer A10_Vcb, Pointer A11_IrpContext)		MFT_ATTR_LIST	task_0	Informational		
Microsoft-Windows-NtfsLog_e7344f8a791031178b28432890f6bc10	510	0	task_0510(Pointer A10_Vcb, Pointer A11_IrpContext, HexInt64 A12_AttrListAllocationSize)		MFT_ATTR_LIST	task_0	Informational		
Microsoft-Windows-NtfsLog_e7344f8a791031178b28432890f6bc10	511	0	task_0511(Pointer A10_Vcb, Pointer A11_IrpContext, Pointer A12_Scb, HexInt64 A13_AttrListAllocationSize)		MFT_ATTR_LIST	task_0	Informational		
Microsoft-Windows-NtfsLog_e7344f8a791031178b28432890f6bc10	512	0	task_0512(HexInt32 A10_ExceptionCode)		DUMMY	task_0	Critical		
Microsoft-Windows-NtfsLog_e7344f8a791031178b28432890f6bc10	513	0	task_0513(HexInt32 A10_ExceptionCode)		DUMMY	task_0	Critical		
Microsoft-Windows-NtfsLog_e7344f8a791031178b28432890f6bc10	514	0	task_0514(HexInt32 A10_ExceptionCode)		DUMMY	task_0	Critical		
Microsoft-Windows-NtfsLog_e7344f8a791031178b28432890f6bc10	515	0	task_0515(UInt32 A10_IrpContextLogFullReason, Pointer A11_BackTrace0, Pointer A12_BackTrace1, Pointer A13_BackTrace2, Pointer A14_BackTrace3, Pointer A15_BackTrace4, Pointer A16_BackTrace5, Pointer A17_BackTrace6, Pointer A18_BackTrace7, Pointer A19_BackTrace8, Pointer A20_BackTrace9, Pointer A21_BackTrace10, Pointer A22_BackTrace11, Pointer A23_BackTrace12, Pointer A24_BackTrace13, Pointer A25_BackTrace14, Pointer A26_BackTrace15, Pointer A27_BackTrace16, Pointer A28_BackTrace17, Pointer A29_BackTrace18, Pointer A30_BackTrace19)		DUMMY	task_0	Warning		
Microsoft-Windows-NtfsLog_e7344f8a791031178b28432890f6bc10	516	0	task_0516(HexInt32 A10_ExceptionCode)		DUMMY	task_0	Critical		
Microsoft-Windows-NtfsLog_e7344f8a791031178b28432890f6bc10	517	0	task_0517(Pointer A10_IrpContext, HexInt32 A11_ExceptionCode)		ALLOC_FREE_CLUS	task_0	Informational		
Microsoft-Windows-NtfsLog_e7344f8a791031178b28432890f6bc10	518	0	task_0518(Pointer A10_IrpContext, HexInt32 A11_ExceptionCode)		MFT_ATTR_LIST	task_0	Informational		
Microsoft-Windows-NtfsLog_e7344f8a791031178b28432890f6bc10	519	0	task_0519(Pointer A10_IrpContext, Pointer A11_Irp, Pointer A12_IrpContextVcb, HexInt32 A13_NtfsFailedAborts, HexInt32 A14_GetExceptionCode)		DUMMY	task_0	Warning		
Microsoft-Windows-NtfsLog_e7344f8a791031178b28432890f6bc10	520	0	task_0520(Pointer A10_IrpContext, Pointer A11_Irp, Pointer A12_IrpContextVcb, Pointer A13_NextScb, HexInt64 A14_PULONGLONG_NextScbFcbFileReference)		DUMMY	task_0	Warning		
Microsoft-Windows-NtfsLog_e7344f8a791031178b28432890f6bc10	521	0	task_0521(HexInt32 A10_IrpSpParametersWriteByteOffsetHighPart, HexInt32 A11_IrpSpParametersWriteByteOffsetLowPart)		TXFRM	task_0	Informational		
Microsoft-Windows-NtfsLog_e7344f8a791031178b28432890f6bc10	522	0	task_0522(HexInt32 A10_ExceptionCode, HexInt32 A11_IrpSpParametersWriteByteOffsetHighPart, HexInt32 A12_IrpSpParametersWriteByteOffsetLowPart)		TXFRM	task_0	Informational		
Microsoft-Windows-NtfsLog_e7344f8a791031178b28432890f6bc10	523	0	task_0523(UInt32 A10_IrpSpMajorFunction, HexInt32 A11_IrpSpMinorFunction, Pointer A12_Irp, Pointer A13_IrpContext, HexInt32 A14_Status)		OPERATIONS	task_0	Warning		
Microsoft-Windows-NtfsLog_e7344f8a791031178b28432890f6bc10	524	0	task_0524(UInt32 A10_IrpSpMajorFunction, HexInt32 A11_IrpSpMinorFunction, Pointer A12_Irp, Pointer A13_IrpContext, HexInt32 A14_Status)		OPERATIONS	task_0	Informational		
Microsoft-Windows-NtfsLog_e7344f8a791031178b28432890f6bc10	525	0	task_0525()		DUMMY	task_0	Critical		
Microsoft-Windows-NtfsLog_e7344f8a791031178b28432890f6bc10	526	0	task_0526()		DUMMY	task_0	Error		
Microsoft-Windows-NtfsLog_e7344f8a791031178b28432890f6bc10	527	0	task_0527(HexInt32 A10_MinTrimTotalSize)		DELNOTIFY	task_0	Informational		
Microsoft-Windows-NtfsLog_e7344f8a791031178b28432890f6bc10	528	0	task_0528(HexInt32 A10_MaxTrimTotalSize)		DELNOTIFY	task_0	Informational		
Microsoft-Windows-NtfsLog_e7344f8a791031178b28432890f6bc10	529	0	task_0529(Pointer A10_PsGetCurrentThread, Pointer A11_ScbVcb, CountedUtf16String A12__ScbVcbVolumeName, CountedUtf16String A13_WppCountedStringWScbVcbVpbVolumeLabelSAFE_VPB_VOLUME_LABEL_LENGTHScbVcbVpb, Pointer A14_ScbFcb, HexInt64 A15_NtfsFullFileRefNumber_ScbFcbFileReference, CountedUtf16String A16__CcbFullFileName, HexInt32 A17_CcbAccessFlags, HexInt32 A18_IrpSpMinorFunction)		ACCESS_DENIED	task_0	Informational		
Microsoft-Windows-NtfsLog_e7344f8a791031178b28432890f6bc10	530	0	task_0530(Pointer A10_PsGetCurrentThread, Pointer A11_ScbVcb, CountedUtf16String A12__ScbVcbVolumeName, CountedUtf16String A13_WppCountedStringWScbVcbVpbVolumeLabelSAFE_VPB_VOLUME_LABEL_LENGTHScbVcbVpb, Pointer A14_ScbFcb, HexInt64 A15_NtfsFullFileRefNumber_ScbFcbFileReference, CountedUtf16String A16__CcbFullFileName, HexInt32 A17_CcbAccessFlags, HexInt32 A18_IrpSpMinorFunction)		ACCESS_DENIED	task_0	Informational		
Microsoft-Windows-NtfsLog_e7344f8a791031178b28432890f6bc10	531	0	task_0531(Pointer A10_PsGetCurrentThread, Pointer A11_ScbVcb, CountedUtf16String A12__ScbVcbVolumeName, CountedUtf16String A13_WppCountedStringWScbVcbVpbVolumeLabelSAFE_VPB_VOLUME_LABEL_LENGTHScbVcbVpb, Pointer A14_ScbFcb, HexInt64 A15_NtfsFullFileRefNumber_ScbFcbFileReference, CountedUtf16String A16__CcbFullFileName, HexInt32 A17_CcbAccessFlags, HexInt32 A18_IrpSpMinorFunction)		ACCESS_DENIED	task_0	Informational		
Microsoft-Windows-NtfsLog_e7344f8a791031178b28432890f6bc10	532	0	task_0532(AnsiString A10___FUNCTION__, Pointer A11_PVOIDVcbTxfVcbDefaultRm, GUID A12__VcbTxfVcbDefaultRmRmId)		TXFRM	task_0	Informational		
Microsoft-Windows-NtfsLog_e7344f8a791031178b28432890f6bc10	533	0	task_0533(Pointer A10_PsGetCurrentThread, Pointer A11_IrpContextVcb, CountedUtf16String A12__IrpContextVcbVolumeName, CountedUtf16String A13_WppCountedStringWIrpContextVcbVpbVolumeLabelSAFE_VPB_VOLUME_LABEL_LENGTHIrpContextVcbVpb)		ACCESS_DENIED	task_0	Informational		
Microsoft-Windows-NtfsLog_e7344f8a791031178b28432890f6bc10	534	0	task_0534(Pointer A10_PsGetCurrentThread, Int32 A11_TypeOfOpen, Pointer A12_Vcb, CountedUtf16String A13__VcbVolumeName, CountedUtf16String A14_WppCountedStringWVcbVpbVolumeLabelSAFE_VPB_VOLUME_LABEL_LENGTHVcbVpb, Pointer A15_ScbFcb, HexInt64 A16_NtfsFullFileRefNumber_ScbFcbFileReference, CountedUtf16String A17__CcbFullFileName, HexInt32 A18_CcbAccessFlags, HexInt32 A19_CcbFlags)		ACCESS_DENIED	task_0	Informational		
Microsoft-Windows-NtfsLog_e7344f8a791031178b28432890f6bc10	535	0	task_0535(Pointer A10_Scb)		DAX	task_0	Error		
Microsoft-Windows-NtfsLog_e7344f8a791031178b28432890f6bc10	536	0	task_0536(Pointer A10_PsGetCurrentThread, Pointer A11_Vcb, CountedUtf16String A12__VcbVolumeName, CountedUtf16String A13_WppCountedStringWVcbVpbVolumeLabelSAFE_VPB_VOLUME_LABEL_LENGTHVcbVpb, Pointer A14_Fcb, HexInt64 A15_NtfsFullFileRefNumber_FcbFileReference, CountedUtf16String A16__CcbFullFileName, HexInt32 A17_CcbAccessFlags, Int32 A18_IrpSpFileObjectWriteAccess)		ACCESS_DENIED	task_0	Informational		
Microsoft-Windows-NtfsLog_e7344f8a791031178b28432890f6bc10	537	0	task_0537(Pointer A10_PsGetCurrentThread, Pointer A11_Vcb, CountedUtf16String A12__VcbVolumeName, CountedUtf16String A13_WppCountedStringWVcbVpbVolumeLabelSAFE_VPB_VOLUME_LABEL_LENGTHVcbVpb, Pointer A14_Fcb, HexInt64 A15_NtfsFullFileRefNumber_FcbFileReference, CountedUtf16String A16__CcbFullFileName, HexInt32 A17_CcbAccessFlags, Int32 A18_IrpSpFileObjectWriteAccess)		ACCESS_DENIED	task_0	Informational		
Microsoft-Windows-NtfsLog_e7344f8a791031178b28432890f6bc10	538	0	task_0538(Pointer A10_PsGetCurrentThread, Pointer A11_Vcb, CountedUtf16String A12__VcbVolumeName, CountedUtf16String A13_WppCountedStringWVcbVpbVolumeLabelSAFE_VPB_VOLUME_LABEL_LENGTHVcbVpb, Pointer A14_Fcb, HexInt64 A15_NtfsFullFileRefNumber_FcbFileReference, CountedUtf16String A16__CcbFullFileName, HexInt32 A17_CcbAccessFlags, Int32 A18_IrpSpFileObjectWriteAccess)		ACCESS_DENIED	task_0	Informational		
Microsoft-Windows-NtfsLog_e7344f8a791031178b28432890f6bc10	539	0	task_0539(Pointer A10_Vcb, Pointer A11_VcbLogFileObject, Pointer A12_IrpContext)		VOLUME	task_0	Informational		
Microsoft-Windows-NtfsLog_e7344f8a791031178b28432890f6bc10	540	0	task_0540(Pointer A10_Vcb, Pointer A11_IrpContext)		VOLUME	task_0	Informational		
Microsoft-Windows-NtfsLog_e7344f8a791031178b28432890f6bc10	541	0	task_0541(Pointer A10_Vcb, Pointer A11_VcbLogFileObject, Pointer A12_IrpContext)		VOLUME	task_0	Informational		
Microsoft-Windows-NtfsLog_e7344f8a791031178b28432890f6bc10	542	0	task_0542(Pointer A10_IrpContext, HexInt32 A11_IrpContextTransactionId)		ALLOC_FREE_CLUS	task_0	Informational		
Microsoft-Windows-NtfsLog_e7344f8a791031178b28432890f6bc10	543	0	task_0543(Pointer A10_IrpContext, HexInt32 A11_IrpContextTransactionId)		MFT_ATTR_LIST	task_0	Informational		
Microsoft-Windows-NtfsLog_e7344f8a791031178b28432890f6bc10	544	0	task_0544(Pointer A10_IrpContext, HexInt32 A11_FileRecordSegmentNumberHighPart, HexInt32 A12_FileRecordSegmentNumberLowPart, HexInt64 A13_NtfsFullSegmentNumber_FileRecordBaseFileRecordSegment)		MFT_ATTR_LIST	task_0	Informational		
Microsoft-Windows-NtfsLog_e7344f8a791031178b28432890f6bc10	545	0	task_0545(Pointer A10_IrpContext, HexInt32 A11_FileRecordSegmentNumberHighPart, HexInt32 A12_FileRecordSegmentNumberLowPart, HexInt64 A13_NtfsFullSegmentNumber_FileRecordBaseFileRecordSegment)		MFT_ATTR_LIST	task_0	Informational		
Microsoft-Windows-NtfsLog_e7344f8a791031178b28432890f6bc10	546	0	task_0546(Pointer A10_IrpContext, HexInt32 A11_FileRecordSegmentNumberHighPart, HexInt32 A12_FileRecordSegmentNumberLowPart, HexInt64 A13_NtfsFullSegmentNumber_FileRecordBaseFileRecordSegment, HexInt32 A14_AttributeTypeCode, HexInt32 A15_LogRecordRecordOffset, HexInt32 A16_Length)		MFT_ATTR_LIST	task_0	Informational		
Microsoft-Windows-NtfsLog_e7344f8a791031178b28432890f6bc10	547	0	task_0547(Pointer A10_IrpContext, HexInt32 A11_FileRecordSegmentNumberHighPart, HexInt32 A12_FileRecordSegmentNumberLowPart, HexInt64 A13_NtfsFullSegmentNumber_FileRecordBaseFileRecordSegment, HexInt32 A14_PATTRIBUTE_RECORD_HEADERDataTypeCode)		MFT_ATTR_LIST	task_0	Informational		
Microsoft-Windows-NtfsLog_e7344f8a791031178b28432890f6bc10	548	0	task_0548(Pointer A10_IrpContext, HexInt32 A11_FileRecordSegmentNumberHighPart, HexInt32 A12_FileRecordSegmentNumberLowPart, HexInt64 A13_NtfsFullSegmentNumber_FileRecordBaseFileRecordSegment, HexInt64 A14_NtfsFullSegmentNumber_FileReference)		MFT_ATTR_LIST	task_0	Informational		
Microsoft-Windows-NtfsLog_e7344f8a791031178b28432890f6bc10	549	0	task_0549(Pointer A10_IrpContext, HexInt32 A11_FileRecordSegmentNumberHighPart, HexInt32 A12_FileRecordSegmentNumberLowPart, HexInt64 A13_NtfsFullSegmentNumber_FileRecordBaseFileRecordSegment, HexInt64 A14_AttributeFormNonresidentAllocatedLength, HexInt64 A15_AttributeFormNonresidentFileSize, HexInt64 A16_AttributeFormNonresidentValidDataLength, HexInt64 A17_AttributeFormNonresidentTotalAllocated, HexInt64 A18_SizesAllocationSize, HexInt64 A19_SizesFileSize, HexInt64 A20_SizesValidDataLength, HexInt64 A21_SizesTotalAllocated)		MFT_ATTR_LIST	task_0	Informational		
Microsoft-Windows-NtfsLog_e7344f8a791031178b28432890f6bc10	550	0	task_0550(Pointer A10_IrpContext, Pointer A11_Vcb, Pointer A12__Bitmap)		ALLOC_FREE_CLUS	task_0	Informational		
Microsoft-Windows-NtfsLog_e7344f8a791031178b28432890f6bc10	551	0	task_0551(Pointer A10_IrpContext, Pointer A11_Vcb, Pointer A12__Bitmap)		ALLOC_FREE_CLUS	task_0	Informational		
Microsoft-Windows-NtfsLog_e7344f8a791031178b28432890f6bc10	552	0	task_0552(Pointer A10_PsGetCurrentThread, Pointer A11_FcbVcb, CountedUtf16String A12__FcbVcbVolumeName, CountedUtf16String A13_WppCountedStringWFcbVcbVpbVolumeLabelSAFE_VPB_VOLUME_LABEL_LENGTHFcbVcbVpb, Pointer A14_Fcb, HexInt64 A15_NtfsFullFileRefNumber_FcbFileReference)		ACCESS_DENIED	task_0	Informational		
Microsoft-Windows-NtfsLog_e7344f8a791031178b28432890f6bc10	553	0	task_0553(Pointer A10_PsGetCurrentThread, Pointer A11_FcbVcb, CountedUtf16String A12__FcbVcbVolumeName, CountedUtf16String A13_WppCountedStringWFcbVcbVpbVolumeLabelSAFE_VPB_VOLUME_LABEL_LENGTHFcbVcbVpb, Pointer A14_Fcb, HexInt64 A15_NtfsFullFileRefNumber_FcbFileReference, CountedUtf16String A16__CcbFullFileName, HexInt32 A17_CcbAccessFlags)		ACCESS_DENIED	task_0	Informational		
Microsoft-Windows-NtfsLog_e7344f8a791031178b28432890f6bc10	554	0	task_0554(Pointer A10_PsGetCurrentThread, Pointer A11_FcbVcb, CountedUtf16String A12__FcbVcbVolumeName, CountedUtf16String A13_WppCountedStringWFcbVcbVpbVolumeLabelSAFE_VPB_VOLUME_LABEL_LENGTHFcbVcbVpb, Pointer A14_Fcb, HexInt64 A15_NtfsFullFileRefNumber_FcbFileReference, CountedUtf16String A16__CcbFullFileName)		ACCESS_DENIED	task_0	Informational		
Microsoft-Windows-NtfsLog_e7344f8a791031178b28432890f6bc10	555	0	task_0555(Pointer A10_PsGetCurrentThread, Pointer A11_ThisFcbVcb, CountedUtf16String A12__ThisFcbVcbVolumeName, CountedUtf16String A13_WppCountedStringWThisFcbVcbVpbVolumeLabelSAFE_VPB_VOLUME_LABEL_LENGTHThisFcbVcbVpb, Pointer A14_ThisFcb, HexInt64 A15_NtfsFullFileRefNumber_ThisFcbFileReference, Int32 A16_ThisFcbTxfFcbTxfNumWriters)		ACCESS_DENIED	task_0	Informational		
Microsoft-Windows-NtfsLog_e7344f8a791031178b28432890f6bc10	556	0	task_0556(Pointer A10_PsGetCurrentThread, Pointer A11_ThisFcbVcb, CountedUtf16String A12__ThisFcbVcbVolumeName, CountedUtf16String A13_WppCountedStringWThisFcbVcbVpbVolumeLabelSAFE_VPB_VOLUME_LABEL_LENGTHThisFcbVcbVpb, Pointer A14_ThisFcb, HexInt64 A15_NtfsFullFileRefNumber_ThisFcbFileReference, HexInt32 A16_Status)		ACCESS_DENIED	task_0	Informational		
Microsoft-Windows-NtfsLog_e7344f8a791031178b28432890f6bc10	557	0	task_0557(Pointer A10_PsGetCurrentThread, Pointer A11_ThisFcbVcb, CountedUtf16String A12__ThisFcbVcbVolumeName, CountedUtf16String A13_WppCountedStringWThisFcbVcbVpbVolumeLabelSAFE_VPB_VOLUME_LABEL_LENGTHThisFcbVcbVpb, Pointer A14_ThisFcb, HexInt64 A15_NtfsFullFileRefNumber_ThisFcbFileReference, HexInt32 A16_ThisFcbInfoFileAttributes)		ACCESS_DENIED	task_0	Informational		
Microsoft-Windows-NtfsLog_e7344f8a791031178b28432890f6bc10	558	0	task_0558(Pointer A10_PsGetCurrentThread, Pointer A11_ThisFcbVcb, CountedUtf16String A12__ThisFcbVcbVolumeName, CountedUtf16String A13_WppCountedStringWThisFcbVcbVpbVolumeLabelSAFE_VPB_VOLUME_LABEL_LENGTHThisFcbVcbVpb, Pointer A14_ThisFcb, HexInt64 A15_NtfsFullFileRefNumber_ThisFcbFileReference, HexInt32 A16_ThisFcbInfoFileAttributes)		ACCESS_DENIED	task_0	Informational		
Microsoft-Windows-NtfsLog_e7344f8a791031178b28432890f6bc10	559	0	task_0559(Pointer A10_PsGetCurrentThread, Pointer A11_ThisFcbVcb, CountedUtf16String A12__ThisFcbVcbVolumeName, CountedUtf16String A13_WppCountedStringWThisFcbVcbVpbVolumeLabelSAFE_VPB_VOLUME_LABEL_LENGTHThisFcbVcbVpb, Pointer A14_ThisFcb, HexInt64 A15_NtfsFullFileRefNumber_ThisFcbFileReference)		ACCESS_DENIED	task_0	Informational		
Microsoft-Windows-NtfsLog_e7344f8a791031178b28432890f6bc10	560	0	task_0560(Pointer A10_PsGetCurrentThread, Pointer A11_ThisFcbVcb, CountedUtf16String A12__ThisFcbVcbVolumeName, CountedUtf16String A13_WppCountedStringWThisFcbVcbVpbVolumeLabelSAFE_VPB_VOLUME_LABEL_LENGTHThisFcbVcbVpb, Pointer A14_ThisFcb, HexInt64 A15_NtfsFullFileRefNumber_ThisFcbFileReference, HexInt32 A16_ThisFcbInfoFileAttributes, HexInt32 A17_IrpSpFlags)		ACCESS_DENIED	task_0	Informational		
Microsoft-Windows-NtfsLog_e7344f8a791031178b28432890f6bc10	561	0	task_0561(Pointer A10_PsGetCurrentThread, Pointer A11_ThisFcbVcb, CountedUtf16String A12__ThisFcbVcbVolumeName, CountedUtf16String A13_WppCountedStringWThisFcbVcbVpbVolumeLabelSAFE_VPB_VOLUME_LABEL_LENGTHThisFcbVcbVpb, Pointer A14_ThisFcb, HexInt64 A15_NtfsFullFileRefNumber_ThisFcbFileReference, HexInt32 A16_CcbAccessFlags, HexInt32 A17_AccessStatus)		ACCESS_DENIED	task_0	Informational		
Microsoft-Windows-NtfsLog_e7344f8a791031178b28432890f6bc10	562	0	task_0562(Pointer A10_PsGetCurrentThread, Pointer A11_ThisFcbVcb, CountedUtf16String A12__ThisFcbVcbVolumeName, CountedUtf16String A13_WppCountedStringWThisFcbVcbVpbVolumeLabelSAFE_VPB_VOLUME_LABEL_LENGTHThisFcbVcbVpb, Pointer A14_ThisFcb, HexInt64 A15_NtfsFullFileRefNumber_ThisFcbFileReference, Pointer A16_NextScb, HexInt32 A17_NextScbAttributeTypeCode, CountedUtf16String A18__NextScbAttributeName)		ACCESS_DENIED	task_0	Informational		
Microsoft-Windows-NtfsLog_e7344f8a791031178b28432890f6bc10	563	0	task_0563(Pointer A10_PsGetCurrentThread, Pointer A11_Vcb, CountedUtf16String A12__VcbVolumeName, CountedUtf16String A13_WppCountedStringWVcbVpbVolumeLabelSAFE_VPB_VOLUME_LABEL_LENGTHVcbVpb, Pointer A14_ScbFcb, HexInt64 A15_NtfsFullFileRefNumber_ScbFcbFileReference, CountedUtf16String A16_CcbNULL_CcbFullFileNameNULL, HexInt32 A17_CcbNULLCcbAccessFlags0)		ACCESS_DENIED	task_0	Informational		
Microsoft-Windows-NtfsLog_e7344f8a791031178b28432890f6bc10	564	0	task_0564(Pointer A10_PsGetCurrentThread, Pointer A11_Vcb, CountedUtf16String A12__VcbVolumeName, CountedUtf16String A13_WppCountedStringWVcbVpbVolumeLabelSAFE_VPB_VOLUME_LABEL_LENGTHVcbVpb, HexInt32 A14_VcbVcbState)		ACCESS_DENIED	task_0	Informational		
Microsoft-Windows-NtfsLog_e7344f8a791031178b28432890f6bc10	565	0	task_0565(Pointer A10_PsGetCurrentThread, Pointer A11_Vcb, CountedUtf16String A12__VcbVolumeName, CountedUtf16String A13_WppCountedStringWVcbVpbVolumeLabelSAFE_VPB_VOLUME_LABEL_LENGTHVcbVpb, Pointer A14_Fcb, HexInt64 A15_NtfsFullFileRefNumber_ScbFcbFileReference, CountedUtf16String A16_CcbNULL_CcbFullFileNameNULL, HexInt32 A17_CcbNULLCcbAccessFlags0)		ACCESS_DENIED	task_0	Informational		
Microsoft-Windows-NtfsLog_e7344f8a791031178b28432890f6bc10	566	0	task_0566(Pointer A10_PsGetCurrentThread, Pointer A11_Vcb, CountedUtf16String A12__VcbVolumeName, CountedUtf16String A13_WppCountedStringWVcbVpbVolumeLabelSAFE_VPB_VOLUME_LABEL_LENGTHVcbVpb, Pointer A14_Fcb, HexInt64 A15_NtfsFullFileRefNumber_ScbFcbFileReference, CountedUtf16String A16_CcbNULL_CcbFullFileNameNULL, HexInt32 A17_CcbNULLCcbAccessFlags0)		ACCESS_DENIED	task_0	Informational		
Microsoft-Windows-NtfsLog_e7344f8a791031178b28432890f6bc10	567	0	task_0567()		DUMMY	task_0	Error		
Microsoft-Windows-NtfsLog_e7344f8a791031178b28432890f6bc10	568	0	task_0568(Pointer A10_PsGetCurrentThread, Int32 A11_TypeOfOpen, Pointer A12_Vcb, CountedUtf16String A13__VcbVolumeName, CountedUtf16String A14_WppCountedStringWVcbVpbVolumeLabelSAFE_VPB_VOLUME_LABEL_LENGTHVcbVpb, Pointer A15_Fcb, HexInt64 A16_NtfsFullFileRefNumber_ScbFcbFileReference, CountedUtf16String A17_CcbNULL_CcbFullFileNameNULL, HexInt32 A18_CcbNULLCcbAccessFlags0)		ACCESS_DENIED	task_0	Informational		
Microsoft-Windows-NtfsLog_e7344f8a791031178b28432890f6bc10	569	0	task_0569(Pointer A10_PsGetCurrentThread, Int32 A11_TypeOfOpen, Pointer A12_Vcb, CountedUtf16String A13__VcbVolumeName, CountedUtf16String A14_WppCountedStringWVcbVpbVolumeLabelSAFE_VPB_VOLUME_LABEL_LENGTHVcbVpb, Pointer A15_Fcb, HexInt64 A16_NtfsFullFileRefNumber_ScbFcbFileReference, CountedUtf16String A17_CcbNULL_CcbFullFileNameNULL, HexInt32 A18_CcbNULLCcbAccessFlags0)		ACCESS_DENIED	task_0	Informational		
Microsoft-Windows-NtfsLog_e7344f8a791031178b28432890f6bc10	570	0	task_0570(Pointer A10_PsGetCurrentThread, Int32 A11_TypeOfOpen, Pointer A12_Vcb, CountedUtf16String A13__VcbVolumeName, CountedUtf16String A14_WppCountedStringWVcbVpbVolumeLabelSAFE_VPB_VOLUME_LABEL_LENGTHVcbVpb, Pointer A15_Fcb, HexInt64 A16_NtfsFullFileRefNumber_ScbFcbFileReference, CountedUtf16String A17_CcbNULL_CcbFullFileNameNULL, HexInt32 A18_CcbNULLCcbAccessFlags0)		ACCESS_DENIED	task_0	Informational		
Microsoft-Windows-NtfsLog_e7344f8a791031178b28432890f6bc10	571	0	task_0571(Pointer A10_PsGetCurrentThread, Pointer A11_FcbVcb, CountedUtf16String A12__FcbVcbVolumeName, CountedUtf16String A13_WppCountedStringWFcbVcbVpbVolumeLabelSAFE_VPB_VOLUME_LABEL_LENGTHFcbVcbVpb, Pointer A14_Fcb, HexInt64 A15_NtfsFullFileRefNumber_FcbFileReference, HexInt32 A16_FcbFcbState, CountedUtf16String A17_CcbNULL_CcbFullFileNameNULL)		ACCESS_DENIED	task_0	Informational		
Microsoft-Windows-NtfsLog_e7344f8a791031178b28432890f6bc10	572	0	task_0572(Pointer A10_PsGetCurrentThread, Pointer A11_FcbVcb, CountedUtf16String A12__FcbVcbVolumeName, CountedUtf16String A13_WppCountedStringWFcbVcbVpbVolumeLabelSAFE_VPB_VOLUME_LABEL_LENGTHFcbVcbVpb, Pointer A14_Fcb, HexInt64 A15_NtfsFullFileRefNumber_FcbFileReference, CountedUtf16String A16_CcbNULL_CcbFullFileNameNULL, HexInt32 A17_CcbNULLCcbAccessFlags0)		ACCESS_DENIED	task_0	Informational		
Microsoft-Windows-NtfsLog_e7344f8a791031178b28432890f6bc10	573	0	task_0573(Pointer A10_PsGetCurrentThread, Pointer A11_Vcb, CountedUtf16String A12__VcbVolumeName, CountedUtf16String A13_WppCountedStringWVcbVpbVolumeLabelSAFE_VPB_VOLUME_LABEL_LENGTHVcbVpb, Pointer A14_Fcb, HexInt64 A15_NtfsFullFileRefNumber_FcbFileReference, CountedUtf16String A16_CcbNULL_CcbFullFileNameNULL, HexInt32 A17_CcbNULLCcbAccessFlags0, HexInt32 A18_Flags)		ACCESS_DENIED	task_0	Informational		
Microsoft-Windows-NtfsLog_e7344f8a791031178b28432890f6bc10	574	0	task_0574(Pointer A10_PsGetCurrentThread, Pointer A11_Vcb, CountedUtf16String A12__VcbVolumeName, CountedUtf16String A13_WppCountedStringWVcbVpbVolumeLabelSAFE_VPB_VOLUME_LABEL_LENGTHVcbVpb, Pointer A14_Fcb, HexInt64 A15_NtfsFullFileRefNumber_FcbFileReference, CountedUtf16String A16_CcbNULL_CcbFullFileNameNULL, HexInt32 A17_CcbNULLCcbAccessFlags0)		ACCESS_DENIED	task_0	Informational		
Microsoft-Windows-NtfsLog_e7344f8a791031178b28432890f6bc10	575	0	task_0575(Pointer A10_Vcb, HexInt32 A11_Status)		DAX	task_0	Informational		
Microsoft-Windows-NtfsLog_e7344f8a791031178b28432890f6bc10	576	0	task_0576(Pointer A10_Vcb, HexInt32 A11_Status)		DAX	task_0	Informational		
Microsoft-Windows-NtfsLog_e7344f8a791031178b28432890f6bc10	577	0	task_0577(Pointer A10_Scb, HexInt64 A11_ScbTotalAllocated)		ALLOC_FREE_CLUS	task_0	Informational		
Microsoft-Windows-NtfsLog_e7344f8a791031178b28432890f6bc10	578	0	task_0578(Pointer A10_CurrentClusters, HexInt64 A11_CurrentClustersLsnQuadPart)		DAX	task_0	Verbose		
Microsoft-Windows-NtfsLog_e7344f8a791031178b28432890f6bc10	579	0	task_0579(Pointer A10_ClustersLinkAsHead, HexInt32 A11_FlagsToMatch, UInt32 A12_InsertAfter)		DAX	task_0	Verbose		
Microsoft-Windows-NtfsLog_e7344f8a791031178b28432890f6bc10	580	0	task_0580(Pointer A10_Clusters, HexInt32 A11_ClustersFlags)		DAX	task_0	Verbose		
Microsoft-Windows-NtfsLog_e7344f8a791031178b28432890f6bc10	581	0	task_0581(Pointer A10_Clusters, HexInt32 A11_NumberOfRuns)		DAX	task_0	Verbose		
Microsoft-Windows-NtfsLog_e7344f8a791031178b28432890f6bc10	582	0	task_0582(Pointer A10_Clusters)		DAX	task_0	Verbose		
Microsoft-Windows-NtfsLog_e7344f8a791031178b28432890f6bc10	583	0	task_0583()		DAX	task_0	Verbose		
Microsoft-Windows-NtfsLog_e7344f8a791031178b28432890f6bc10	584	0	task_0584(UInt32 A10_FlagOnClustersFlagsDEALLOCATED_CLUSTERS_FLAG_NO_DANGLING_MDL, Pointer A11_Clusters, HexInt64 A12_Lcn, HexInt64 A13_ClusterCount)		DAX	task_0	Verbose		
Microsoft-Windows-NtfsLog_e7344f8a791031178b28432890f6bc10	585	0	task_0585(UInt32 A10_FlagOnClustersFlagsDEALLOCATED_CLUSTERS_FLAG_NO_DANGLING_MDL, Pointer A11_Clusters, HexInt64 A12_Lcn, HexInt64 A13_ClusterCount)		DAX	task_0	Verbose		
Microsoft-Windows-NtfsLog_e7344f8a791031178b28432890f6bc10	586	0	task_0586(Pointer A10_PsGetCurrentThread, Pointer A11_ScbVcb, CountedUtf16String A12__ScbVcbVolumeName, CountedUtf16String A13_WppCountedStringWScbVcbVpbVolumeLabelSAFE_VPB_VOLUME_LABEL_LENGTHScbVcbVpb, Pointer A14_ScbFcb, HexInt64 A15_NtfsFullFileRefNumber_ScbFcbFileReference, HexInt32 A16_TxfFcbFlags, HexInt32 A17_ShareMode)		SHARING_VIOLATION	task_0	Informational		
Microsoft-Windows-NtfsLog_e7344f8a791031178b28432890f6bc10	587	0	task_0587(Pointer A10_PsGetCurrentThread, Pointer A11_ScbVcb, CountedUtf16String A12__ScbVcbVolumeName, CountedUtf16String A13_WppCountedStringWScbVcbVpbVolumeLabelSAFE_VPB_VOLUME_LABEL_LENGTHScbVcbVpb, Pointer A14_ScbFcb, HexInt64 A15_NtfsFullFileRefNumber_ScbFcbFileReference, HexInt32 A16_GrantedAccess)		SHARING_VIOLATION	task_0	Informational		
Microsoft-Windows-NtfsLog_e7344f8a791031178b28432890f6bc10	588	0	task_0588(Pointer A10_PsGetCurrentThread, Pointer A11_ScbVcb, CountedUtf16String A12__ScbVcbVolumeName, CountedUtf16String A13_WppCountedStringWScbVcbVpbVolumeLabelSAFE_VPB_VOLUME_LABEL_LENGTHScbVcbVpb, Pointer A14_ScbFcb, HexInt64 A15_NtfsFullFileRefNumber_ScbFcbFileReference, HexInt32 A16_GrantedAccess)		SHARING_VIOLATION	task_0	Informational		
Microsoft-Windows-NtfsLog_e7344f8a791031178b28432890f6bc10	589	0	task_0589(Pointer A10_PsGetCurrentThread, Pointer A11_ScbVcb, CountedUtf16String A12__ScbVcbVolumeName, CountedUtf16String A13_WppCountedStringWScbVcbVpbVolumeLabelSAFE_VPB_VOLUME_LABEL_LENGTHScbVcbVpb, Pointer A14_ScbFcb, HexInt64 A15_NtfsFullFileRefNumber_ScbFcbFileReference, HexInt32 A16_GrantedAccess, Int32 A17_NextTxfVscbReaderCleanupCount)		SHARING_VIOLATION	task_0	Informational		
Microsoft-Windows-NtfsLog_e7344f8a791031178b28432890f6bc10	590	0	task_0590(AnsiString A10___FUNCTION__, AnsiString A11_CallerFunction, AnsiString A12_CallerFile, Int32 A13_CallerLineNumber, Pointer A14_PVOIDTxfRmcb, GUID A15__TxfRmcbRmId, Pointer A16_PVOIDTxfTrans, GUID A17__TxfTransKtmUow, HexInt32 A18_AbortReasonStatus)		TXFRM	task_0	Informational		
Microsoft-Windows-NtfsLog_e7344f8a791031178b28432890f6bc10	591	0	task_0591(AnsiString A10___FUNCTION__, AnsiString A11_CallerFunction, AnsiString A12_CallerFile, Int32 A13_CallerLineNumber, Pointer A14_PVOIDTxfRmcb, GUID A15__TxfRmcbRmId, Pointer A16_PVOIDTxfTrans, GUID A17__TxfTransKtmUow, HexInt32 A18_Status)		TXFRM	task_0	Informational		
Microsoft-Windows-NtfsLog_e7344f8a791031178b28432890f6bc10	592	0	task_0592(AnsiString A10___FUNCTION__, Pointer A11_PVOIDTxfRmcb, GUID A12__TxfRmcbRmId, Pointer A13_TxfTrans, GUID A14__TxfTransKtmUow)		TXFRM	task_0	Informational		
Microsoft-Windows-NtfsLog_e7344f8a791031178b28432890f6bc10	593	0	task_0593(AnsiString A10___FUNCTION__, Pointer A11_PVOIDTxfRmcb, GUID A12__TxfRmcbRmId, Pointer A13_TxfTrans, GUID A14__TxfTransKtmUow)		TXFRM	task_0	Informational		
Microsoft-Windows-NtfsLog_e7344f8a791031178b28432890f6bc10	594	0	task_0594(AnsiString A10___FUNCTION__, Pointer A11_PVOIDCalloutParametersTxfFlushTxfRmcb, GUID A12__CalloutParametersTxfFlushTxfRmcbRmId, HexInt32 A13_GetExceptionCode)		DUMMY	task_0	Critical		
Microsoft-Windows-NtfsLog_e7344f8a791031178b28432890f6bc10	595	0	task_0595(AnsiString A10___FUNCTION__)		TXFRM	task_0	Informational		
Microsoft-Windows-NtfsLog_e7344f8a791031178b28432890f6bc10	596	0	task_0596(AnsiString A10___FUNCTION__)		TXFRM	task_0	Informational		
Microsoft-Windows-NtfsLog_e7344f8a791031178b28432890f6bc10	597	0	task_0597(AnsiString A10___FUNCTION__)		TXFRM	task_0	Informational		
Microsoft-Windows-NtfsLog_e7344f8a791031178b28432890f6bc10	598	0	task_0598(AnsiString A10___FUNCTION__)		TXFRM	task_0	Informational		
Microsoft-Windows-NtfsLog_e7344f8a791031178b28432890f6bc10	599	0	task_0599(AnsiString A10___FUNCTION__)		TXFRM	task_0	Informational		
Microsoft-Windows-NtfsLog_e7344f8a791031178b28432890f6bc10	600	0	task_0600(AnsiString A10___FUNCTION__)		TXFRM	task_0	Informational		
Microsoft-Windows-NtfsLog_e7344f8a791031178b28432890f6bc10	601	0	task_0601(AnsiString A10___FUNCTION__)		TXFRM	task_0	Informational		
Microsoft-Windows-NtfsLog_e7344f8a791031178b28432890f6bc10	602	0	task_0602(AnsiString A10___FUNCTION__, HexInt32 A11_FailureStatus)		TXFRM	task_0	Informational		
Microsoft-Windows-NtfsLog_e7344f8a791031178b28432890f6bc10	603	0	task_0603(AnsiString A10___FUNCTION__, HexInt32 A11_FailureStatus)		TXFRM	task_0	Informational		
Microsoft-Windows-NtfsLog_e7344f8a791031178b28432890f6bc10	604	0	task_0604(AnsiString A10___FUNCTION__, HexInt32 A11_Status)		TXFRM	task_0	Informational		
Microsoft-Windows-NtfsLog_e7344f8a791031178b28432890f6bc10	605	0	task_0605(Pointer A10_PsGetCurrentThread, Pointer A11_Vcb, CountedUtf16String A12__VcbVolumeName, CountedUtf16String A13_WppCountedStringWVcbVpbVolumeLabelSAFE_VPB_VOLUME_LABEL_LENGTHVcbVpb, HexInt32 A14_VcbTxfVcbFlags)		ACCESS_DENIED	task_0	Informational		
Microsoft-Windows-NtfsLog_e7344f8a791031178b28432890f6bc10	606	0	task_0606(AnsiString A10___FUNCTION__, HexInt32 A11_TempStatus, Pointer A12_PVOIDVcb)		TXFRM	task_0	Informational		
Microsoft-Windows-NtfsLog_e7344f8a791031178b28432890f6bc10	607	0	task_0607(AnsiString A10___FUNCTION__, HexInt32 A11_GetExceptionCode, HexInt32 A12_Status, Pointer A13_PVOIDVcb)		TXFRM	task_0	Informational		
Microsoft-Windows-NtfsLog_e7344f8a791031178b28432890f6bc10	608	0	task_0608(AnsiString A10___FUNCTION__, Pointer A11_PVOIDVcb, Int32 A12_TXF_MAX_RESET_ATTEMPTS_ON_MOUNT, HexInt32 A13_OldStatus)		TXFRM	task_0	Informational		
Microsoft-Windows-NtfsLog_e7344f8a791031178b28432890f6bc10	609	0	task_0609(AnsiString A10___FUNCTION__, HexInt32 A11_GetExceptionCode, Pointer A12_PVOIDVcb)		TXFRM	task_0	Informational		
Microsoft-Windows-NtfsLog_e7344f8a791031178b28432890f6bc10	610	0	task_0610(AnsiString A10___FUNCTION__, AnsiString A11_NT_SUCCESSStatusSucceededFAILED, Pointer A12_PVOIDTxfRmcb, GUID A13__TxfRmcbRmId, HexInt32 A14_Status)		TXFRM	task_0	Informational		
Microsoft-Windows-NtfsLog_e7344f8a791031178b28432890f6bc10	611	0	task_0611(AnsiString A10___FUNCTION__, Pointer A11_PVOIDTxfRmcb, GUID A12__TxfRmcbRmId)		TXFRM	task_0	Informational		
Microsoft-Windows-NtfsLog_e7344f8a791031178b28432890f6bc10	612	0	task_0612(AnsiString A10___FUNCTION__, Pointer A11_PVOIDTxfRmcb, GUID A12__TxfRmcbRmId)		TXFRM	task_0	Informational		
Microsoft-Windows-NtfsLog_e7344f8a791031178b28432890f6bc10	613	0	task_0613(AnsiString A10___FUNCTION__, Pointer A11_PVOIDTxfRmcb, GUID A12__TxfRmcbRmId)		TXFRM	task_0	Informational		
Microsoft-Windows-NtfsLog_e7344f8a791031178b28432890f6bc10	614	0	task_0614(Pointer A10_PsGetCurrentThread, Pointer A11_Vcb, CountedUtf16String A12__VcbVolumeName, CountedUtf16String A13_WppCountedStringWVcbVpbVolumeLabelSAFE_VPB_VOLUME_LABEL_LENGTHVcbVpb, HexInt32 A14_VcbTxfVcbFlags)		ACCESS_DENIED	task_0	Informational		
Microsoft-Windows-NtfsLog_e7344f8a791031178b28432890f6bc10	615	0	task_0615(AnsiString A10___FUNCTION__, Pointer A11_PVOIDTxfRmcb, GUID A12__TxfRmcbRmId)		TXFRM	task_0	Informational		
Microsoft-Windows-NtfsLog_e7344f8a791031178b28432890f6bc10	616	0	task_0616(Pointer A10_PsGetCurrentThread, Pointer A11_Vcb, CountedUtf16String A12__VcbVolumeName, CountedUtf16String A13_WppCountedStringWVcbVpbVolumeLabelSAFE_VPB_VOLUME_LABEL_LENGTHVcbVpb, HexInt32 A14_VcbTxfVcbFlags)		ACCESS_DENIED	task_0	Informational		
Microsoft-Windows-NtfsLog_e7344f8a791031178b28432890f6bc10	617	0	task_0617(AnsiString A10___FUNCTION__, Pointer A11_PVOIDTxfRmcb, GUID A12__TxfRmcbRmId)		TXFRM	task_0	Informational		
Microsoft-Windows-NtfsLog_e7344f8a791031178b28432890f6bc10	618	0	task_0618(AnsiString A10___FUNCTION__, Pointer A11_PVOIDTxfRmcb, GUID A12__TxfRmcbRmId, HexInt32 A13_LogNestingLevel, HexInt32 A14_DiskNestingLevel)		TXFRM	task_0	Informational		
Microsoft-Windows-NtfsLog_e7344f8a791031178b28432890f6bc10	619	0	task_0619(AnsiString A10___FUNCTION__, Pointer A11_PVOIDTxfRmcb, GUID A12__TxfRmcbRmId)		TXFRM	task_0	Informational		
Microsoft-Windows-NtfsLog_e7344f8a791031178b28432890f6bc10	620	0	task_0620(AnsiString A10___FUNCTION__, Pointer A11_PVOIDTxfRmcb, GUID A12__TxfRmcbRmId)		TXFRM	task_0	Informational		
Microsoft-Windows-NtfsLog_e7344f8a791031178b28432890f6bc10	621	0	task_0621(AnsiString A10___FUNCTION__, Pointer A11_PVOIDTxfRmcb, GUID A12__TxfRmcbRmId, GUID A13__ClfsRestartAreaRmId)		TXFRM	task_0	Informational		
Microsoft-Windows-NtfsLog_e7344f8a791031178b28432890f6bc10	622	0	task_0622(AnsiString A10___FUNCTION__, Int32 A11_Status, Pointer A12_PVOIDTxfRmcb, GUID A13__TxfRmcbRmId)		TXFRM	task_0	Informational		
Microsoft-Windows-NtfsLog_e7344f8a791031178b28432890f6bc10	623	0	task_0623(AnsiString A10___FUNCTION__, Pointer A11_PVOIDTxfRmcb, GUID A12__TxfRmcbRmId)		TXFRM	task_0	Informational		
Microsoft-Windows-NtfsLog_e7344f8a791031178b28432890f6bc10	624	0	task_0624(AnsiString A10___FUNCTION__, Pointer A11_PVOIDTxfRmcb, GUID A12__TxfRmcbRmId)		TXFRM	task_0	Informational		
Microsoft-Windows-NtfsLog_e7344f8a791031178b28432890f6bc10	625	0	task_0625(AnsiString A10___FUNCTION__, Pointer A11_PVOIDTxfRmcb, GUID A12__TxfRmcbRmId)		TXFRM	task_0	Informational		
Microsoft-Windows-NtfsLog_e7344f8a791031178b28432890f6bc10	626	0	task_0626(AnsiString A10___FUNCTION__, Pointer A11_PVOIDTxfRmcb, GUID A12__TxfRmcbRmId, HexInt32 A13_Status, AnsiString A14_AbnormalTerminationabnormaltermination)		TXFRM	task_0	Informational		
Microsoft-Windows-NtfsLog_e7344f8a791031178b28432890f6bc10	627	0	task_0627(AnsiString A10___FUNCTION__, AnsiString A11_TxfIsDefaultRmTxfRmcbdefaultsecondary, Pointer A12_PVOIDTxfRmcb, GUID A13__TxfRmcbRmId, AnsiString A14_ForceDirtyShutdownDIRTYCLEAN)		TXFRM	task_0	Informational		
Microsoft-Windows-NtfsLog_e7344f8a791031178b28432890f6bc10	628	0	task_0628(AnsiString A10___FUNCTION__, Pointer A11_PVOIDTxfRmcb, GUID A12__TxfRmcbRmId)		TXFRM	task_0	Informational		
Microsoft-Windows-NtfsLog_e7344f8a791031178b28432890f6bc10	629	0	task_0629(Pointer A10_PsGetCurrentThread, Pointer A11_FcbVcb, CountedUtf16String A12__FcbVcbVolumeName, CountedUtf16String A13_WppCountedStringWFcbVcbVpbVolumeLabelSAFE_VPB_VOLUME_LABEL_LENGTHFcbVcbVpb, Pointer A14_Fcb, HexInt64 A15_NtfsFullFileRefNumber_FcbFileReference, Int32 A16_FcbCleanupCount)		SHARING_VIOLATION	task_0	Informational		
Microsoft-Windows-NtfsLog_e7344f8a791031178b28432890f6bc10	630	0	task_0630(UInt32 A10_FILEID_FROM_SOURCEFileNLine, Int32 A11_LINENUM_FROM_SOURCEFileNLine, Pointer A12_TxfRmcb, GUID A13__TxfRmcbRmId, HexInt32 A14_Status)		TXFRM	task_0	Informational		
Microsoft-Windows-NtfsLog_e7344f8a791031178b28432890f6bc10	631	0	task_0631(AnsiString A10___FUNCTION__, Pointer A11_PVOIDTxfRmcb, GUID A12__OldGuid, GUID A13__TxfRmcbRmId)		TXFRM	task_0	Informational		
Microsoft-Windows-NtfsLog_e7344f8a791031178b28432890f6bc10	632	0	task_0632(AnsiString A10___FUNCTION__, Pointer A11_PVOIDTxfRmcb, GUID A12__TxfRmcbRmId, Pointer A13_PVOIDTxfTrans, GUID A14__TxfTransKtmUow, HexInt32 A15_Status)		TXFRM	task_0	Informational		
Microsoft-Windows-NtfsLog_e7344f8a791031178b28432890f6bc10	633	0	task_0633(AnsiString A10___FUNCTION__, Pointer A11_PVOIDTxfRmcb, GUID A12__OldGuid, GUID A13__TxfRmcbRmId)		TXFRM	task_0	Informational		
Microsoft-Windows-NtfsLog_e7344f8a791031178b28432890f6bc10	634	0	task_0634(Pointer A10_PsGetCurrentThread, Pointer A11_RmRootFcbVcb, CountedUtf16String A12__RmRootFcbVcbVolumeName, CountedUtf16String A13_WppCountedStringWRmRootFcbVcbVpbVolumeLabelSAFE_VPB_VOLUME_LABEL_LENGTHRmRootFcbVcbVpb, Pointer A14_RmRootFcb)		ACCESS_DENIED	task_0	Informational		
Microsoft-Windows-NtfsLog_e7344f8a791031178b28432890f6bc10	635	0	task_0635(Pointer A10_PsGetCurrentThread, Pointer A11_FcbVcb, CountedUtf16String A12__FcbVcbVolumeName, CountedUtf16String A13_WppCountedStringWFcbVcbVpbVolumeLabelSAFE_VPB_VOLUME_LABEL_LENGTHFcbVcbVpb, HexInt32 A14_BackupInfoFlags)		ACCESS_DENIED	task_0	Informational		
Microsoft-Windows-NtfsLog_e7344f8a791031178b28432890f6bc10	636	0	task_0636(AnsiString A10___FUNCTION__, Pointer A11_PVOIDTxfRmcb, GUID A12__TxfRmcbRmId)		TXFRM	task_0	Informational		
Microsoft-Windows-NtfsLog_e7344f8a791031178b28432890f6bc10	637	0	task_0637(AnsiString A10___FUNCTION__, HexInt32 A11_Status, Pointer A12_PVOIDFileObject)		TXFRM	task_0	Informational		
Microsoft-Windows-NtfsLog_e7344f8a791031178b28432890f6bc10	638	0	task_0638(AnsiString A10___FUNCTION__, Pointer A11_PVOIDTxfRmcb, GUID A12__TxfRmcbRmId)		TXFRM	task_0	Informational		
Microsoft-Windows-NtfsLog_e7344f8a791031178b28432890f6bc10	639	0	task_0639(Pointer A10_PsGetCurrentThread, Pointer A11_ScbVcb, CountedUtf16String A12__ScbVcbVolumeName, CountedUtf16String A13_WppCountedStringWScbVcbVpbVolumeLabelSAFE_VPB_VOLUME_LABEL_LENGTHScbVcbVpb, Pointer A14_ScbFcb, HexInt64 A15_NtfsFullFileRefNumber_ScbFcbFileReference, Pointer A16_Scb, HexInt32 A17_ScbAttributeTypeCode, CountedUtf16String A18__CcbFullFileName, HexInt32 A19_CcbFlags)		ACCESS_DENIED	task_0	Informational		
Microsoft-Windows-NtfsLog_e7344f8a791031178b28432890f6bc10	640	0	task_0640(Pointer A10_PsGetCurrentThread, Pointer A11_ScbVcb, CountedUtf16String A12__ScbVcbVolumeName, CountedUtf16String A13_WppCountedStringWScbVcbVpbVolumeLabelSAFE_VPB_VOLUME_LABEL_LENGTHScbVcbVpb, Pointer A14_ScbFcb, HexInt64 A15_NtfsFullFileRefNumber_ScbFcbFileReference, Pointer A16_Scb, Pointer A17_CcbTxfFo, Pointer A18_CcbTxfFoKtmTrans, Pointer A19_ScbFcbTxfRmcb, UnicodeString A20_CcbFullFileNameBuffer)		ACCESS_DENIED	task_0	Informational		
Microsoft-Windows-NtfsLog_e7344f8a791031178b28432890f6bc10	641	0	task_0641(Pointer A10_PsGetCurrentThread, Pointer A11_ScbVcb, CountedUtf16String A12__ScbVcbVolumeName, CountedUtf16String A13_WppCountedStringWScbVcbVpbVolumeLabelSAFE_VPB_VOLUME_LABEL_LENGTHScbVcbVpb, Pointer A14_ScbFcb, HexInt64 A15_NtfsFullFileRefNumber_ScbFcbFileReference, Pointer A16_Scb, CountedUtf16String A17__CcbFullFileName, HexInt32 A18_CcbAccessFlags, Int32 A19_FileObjectWriteAccess, Int32 A20_FileObjectDeleteAccess)		ACCESS_DENIED	task_0	Informational		
Microsoft-Windows-NtfsLog_e7344f8a791031178b28432890f6bc10	642	0	task_0642(AnsiString A10___FUNCTION__, Pointer A11_PVOIDTxfRmcb, GUID A12__TxfRmcbRmId, HexInt32 A13_ExceptionCode)		TXFRM	task_0	Informational		
Microsoft-Windows-NtfsLog_e7344f8a791031178b28432890f6bc10	643	0	task_0643(AnsiString A10___FUNCTION__, HexInt32 A11_TransactionNotification, AnsiString A12_TransactionAlreadyPreparedPREPARED, GUID A13__TxfTransKtmUow, Pointer A14_PVOIDTxfRmcb, GUID A15__TxfRmcbRmId, HexInt32 A16_Status)		TXFRM	task_0	Informational		
Microsoft-Windows-NtfsLog_e7344f8a791031178b28432890f6bc10	644	0	task_0644(AnsiString A10___FUNCTION__, Pointer A11_PVOIDTxfRmcb, GUID A12__TxfRmcbRmId, Pointer A13_TxfTrans, GUID A14__TxfTransKtmUow)		TXFRM	task_0	Informational		
Microsoft-Windows-NtfsLog_e7344f8a791031178b28432890f6bc10	645	0	task_0645(AnsiString A10___FUNCTION__, Pointer A11_PVOIDTxfRmcb, GUID A12__TxfRmcbRmId, Pointer A13_TxfTrans, GUID A14__TxfTransKtmUow)		TXFRM	task_0	Informational		
Microsoft-Windows-NtfsLog_e7344f8a791031178b28432890f6bc10	646	0	task_0646(AnsiString A10___FUNCTION__, Pointer A11_PVOIDTransTxfRmcb, GUID A12__TransTxfRmcbRmId, HexInt32 A13_FlushStatus)		TXFRM	task_0	Informational		
Microsoft-Windows-NtfsLog_e7344f8a791031178b28432890f6bc10	647	0	task_0647(AnsiString A10___FUNCTION__, Pointer A11_PVOIDTxfRmcb, GUID A12__TxfRmcbRmId, Pointer A13_Trans, GUID A14__TransKtmUow)		TXFRM	task_0	Informational		
Microsoft-Windows-NtfsLog_e7344f8a791031178b28432890f6bc10	648	0	task_0648(AnsiString A10___FUNCTION__, Pointer A11_CallStack0, Pointer A12_CallStack1, Pointer A13_CallStack2, Pointer A14_CallStack3, Pointer A15_CallStack4)		TXFRM	task_0	Informational		
Microsoft-Windows-NtfsLog_e7344f8a791031178b28432890f6bc10	649	0	task_0649(AnsiString A10___FUNCTION__, Pointer A11_PVOIDTxfRmcb, GUID A12__TxfRmcbRmId, Pointer A13_Trans, GUID A14__TransKtmUow)		TXFRM	task_0	Informational		
Microsoft-Windows-NtfsLog_e7344f8a791031178b28432890f6bc10	650	0	task_0650(AnsiString A10___FUNCTION__, HexInt32 A11_Status, Pointer A12_PVOIDTrans, GUID A13__TransKtmUow, Pointer A14_PVOIDTxfRmcb, GUID A15__TxfRmcbRmId)		TXFRM	task_0	Informational		
Microsoft-Windows-NtfsLog_e7344f8a791031178b28432890f6bc10	651	0	task_0651(AnsiString A10___FUNCTION__, HexInt32 A11_Status, Pointer A12_PVOIDTxfRmcb, GUID A13__TxfRmcbRmId, Pointer A14_PVOIDTrans, GUID A15__TransKtmUow)		TXFRM	task_0	Informational		
Microsoft-Windows-NtfsLog_e7344f8a791031178b28432890f6bc10	652	0	task_0652(AnsiString A10___FUNCTION__, Pointer A11_PVOIDTxfRmcb, GUID A12__TxfRmcbRmId)		TXFRM	task_0	Informational		
Microsoft-Windows-NtfsLog_e7344f8a791031178b28432890f6bc10	653	0	task_0653(AnsiString A10___FUNCTION__, Pointer A11_PVOIDTxfRmcb, GUID A12__TxfRmcbRmId)		TXFRM	task_0	Informational		
Microsoft-Windows-NtfsLog_e7344f8a791031178b28432890f6bc10	654	0	task_0654(AnsiString A10___FUNCTION__, Pointer A11_PVOIDTxfRmcb, GUID A12__TxfRmcbRmId)		TXFRM	task_0	Informational		
Microsoft-Windows-NtfsLog_e7344f8a791031178b28432890f6bc10	655	0	task_0655(AnsiString A10___FUNCTION__, Pointer A11_PVOIDTxfRmcb, GUID A12__TxfRmcbRmId)		TXFRM	task_0	Informational		
Microsoft-Windows-NtfsLog_e7344f8a791031178b28432890f6bc10	656	0	task_0656(AnsiString A10___FUNCTION__, Pointer A11_PVOIDTxfRmcb, GUID A12__TxfRmcbRmId, Pointer A13_OldestTrans, GUID A14__OldestTransKtmUow)		TXFRM	task_0	Informational		
Microsoft-Windows-NtfsLog_e7344f8a791031178b28432890f6bc10	657	0	task_0657(AnsiString A10___FUNCTION__, Pointer A11_PVOIDTxfRmcb, GUID A12__TxfRmcbRmId, HexInt32 A13_Status, Pointer A14_OldestTrans, GUID A15__OldestTransKtmUow)		TXFRM	task_0	Informational		
Microsoft-Windows-NtfsLog_e7344f8a791031178b28432890f6bc10	658	0	task_0658(AnsiString A10___FUNCTION__, Pointer A11_PVOIDTxfRmcb, GUID A12__TxfRmcbRmId)		TXFRM	task_0	Informational		
Microsoft-Windows-NtfsLog_e7344f8a791031178b28432890f6bc10	659	0	task_0659(AnsiString A10___FUNCTION__, Pointer A11_PVOIDTxfRmcb, GUID A12__TxfRmcbRmId)		TXFRM	task_0	Informational		
Microsoft-Windows-NtfsLog_e7344f8a791031178b28432890f6bc10	660	0	task_0660(AnsiString A10___FUNCTION__, Pointer A11_PVOIDTxfRmcb, GUID A12__TxfRmcbRmId, Pointer A13_PVOIDTransToDereference, GUID A14__TransToDereferenceKtmUow, HexInt32 A15_Status)		TXFRM	task_0	Informational		
Microsoft-Windows-NtfsLog_e7344f8a791031178b28432890f6bc10	661	0	task_0661(AnsiString A10___FUNCTION__, Pointer A11_PVOIDTxfRmcb, GUID A12__TxfRmcbRmId)		TXFRM	task_0	Informational		
Microsoft-Windows-NtfsLog_e7344f8a791031178b28432890f6bc10	662	0	task_0662(AnsiString A10___FUNCTION__, Pointer A11_PVOIDTxfRmcb, GUID A12__TxfRmcbRmId)		TXFRM	task_0	Informational		
Microsoft-Windows-NtfsLog_e7344f8a791031178b28432890f6bc10	663	0	task_0663(AnsiString A10___FUNCTION__, HexInt32 A11_PinnedStatus, Pointer A12_PVOIDTxfRmcb, GUID A13__TxfRmcbRmId, HexInt32 A14_Status)		TXFRM	task_0	Informational		
Microsoft-Windows-NtfsLog_e7344f8a791031178b28432890f6bc10	664	0	task_0664(AnsiString A10___FUNCTION__, Pointer A11_PVOIDTxfRmcb, GUID A12__TxfRmcbRmId)		TXFRM	task_0	Informational		
Microsoft-Windows-NtfsLog_e7344f8a791031178b28432890f6bc10	665	0	task_0665(AnsiString A10___FUNCTION__, Pointer A11_PVOIDTxfRmcb, GUID A12__TxfRmcbRmId)		TXFRM	task_0	Informational		
Microsoft-Windows-NtfsLog_e7344f8a791031178b28432890f6bc10	666	0	task_0666(AnsiString A10___FUNCTION__, Pointer A11_PVOIDTxfRmcb, GUID A12__TxfRmcbRmId)		TXFRM	task_0	Informational		
Microsoft-Windows-NtfsLog_e7344f8a791031178b28432890f6bc10	667	0	task_0667(AnsiString A10___FUNCTION__, Pointer A11_PVOIDTxfRmcb, GUID A12__TxfRmcbRmId)		TXFRM	task_0	Informational		
Microsoft-Windows-NtfsLog_e7344f8a791031178b28432890f6bc10	668	0	task_0668(AnsiString A10___FUNCTION__, Pointer A11_PVOIDTxfRmcb, GUID A12__TxfRmcbRmId)		TXFRM	task_0	Informational		
Microsoft-Windows-NtfsLog_e7344f8a791031178b28432890f6bc10	669	0	task_0669(AnsiString A10___FUNCTION__, Pointer A11_PVOIDTxfRmcb, GUID A12__TxfRmcbRmId)		TXFRM	task_0	Informational		
Microsoft-Windows-NtfsLog_e7344f8a791031178b28432890f6bc10	670	0	task_0670(AnsiString A10___FUNCTION__, Pointer A11_PVOIDTxfRmcb, GUID A12__TxfRmcbRmId)		TXFRM	task_0	Informational		
Microsoft-Windows-NtfsLog_e7344f8a791031178b28432890f6bc10	671	0	task_0671(AnsiString A10___FUNCTION__, Pointer A11_PVOIDTxfRmcb, GUID A12__TxfRmcbRmId)		TXFRM	task_0	Informational		
Microsoft-Windows-NtfsLog_e7344f8a791031178b28432890f6bc10	672	0	task_0672(AnsiString A10___FUNCTION__, Pointer A11_PVOIDTxfRmcb, GUID A12__TxfRmcbRmId)		TXFRM	task_0	Informational		
Microsoft-Windows-NtfsLog_e7344f8a791031178b28432890f6bc10	673	0	task_0673(AnsiString A10___FUNCTION__, Pointer A11_PVOIDTxfRmcb, GUID A12__TxfRmcbRmId)		TXFRM	task_0	Informational		
Microsoft-Windows-NtfsLog_e7344f8a791031178b28432890f6bc10	674	0	task_0674(AnsiString A10___FUNCTION__, Pointer A11_PVOIDTxfRmcb, GUID A12__TxfRmcbRmId, AnsiString A13_IsEncrypted_TopsFcbInfoencryptedcompressed)		TXFRM	task_0	Informational		
Microsoft-Windows-NtfsLog_e7344f8a791031178b28432890f6bc10	675	0	task_0675(AnsiString A10___FUNCTION__, Pointer A11_PVOIDTxfRmcb, GUID A12__TxfRmcbRmId)		TXFRM	task_0	Informational		
Microsoft-Windows-NtfsLog_e7344f8a791031178b28432890f6bc10	676	0	task_0676(AnsiString A10___FUNCTION__, Pointer A11_PVOIDTxfRmcb, GUID A12__TxfRmcbRmId)		TXFRM	task_0	Informational		
Microsoft-Windows-NtfsLog_e7344f8a791031178b28432890f6bc10	677	0	task_0677(AnsiString A10___FUNCTION__, Pointer A11_PVOIDTxfRmcb, GUID A12__TxfRmcbRmId)		TXFRM	task_0	Informational		
Microsoft-Windows-NtfsLog_e7344f8a791031178b28432890f6bc10	678	0	task_0678(AnsiString A10___FUNCTION__, Pointer A11_PVOIDTxfRmcb, GUID A12__TxfRmcbRmId)		TXFRM	task_0	Informational		
Microsoft-Windows-NtfsLog_e7344f8a791031178b28432890f6bc10	679	0	task_0679(AnsiString A10___FUNCTION__, Pointer A11_PVOIDTxfRmcb, GUID A12__TxfRmcbRmId)		TXFRM	task_0	Informational		
Microsoft-Windows-NtfsLog_e7344f8a791031178b28432890f6bc10	680	0	task_0680(AnsiString A10___FUNCTION__, Pointer A11_PVOIDTxfRmcb, GUID A12__TxfRmcbRmId)		TXFRM	task_0	Informational		
Microsoft-Windows-NtfsLog_e7344f8a791031178b28432890f6bc10	681	0	task_0681(AnsiString A10___FUNCTION__, Pointer A11_PVOIDTxfRmcb, GUID A12__TxfRmcbRmId)		TXFRM	task_0	Informational		
Microsoft-Windows-NtfsLog_e7344f8a791031178b28432890f6bc10	682	0	task_0682(AnsiString A10___FUNCTION__, Pointer A11_PVOIDTxfRmcb, GUID A12__TxfRmcbRmId)		TXFRM	task_0	Informational		
Microsoft-Windows-NtfsLog_e7344f8a791031178b28432890f6bc10	683	0	task_0683(AnsiString A10___FUNCTION__, Pointer A11_PVOIDTxfRmcb, GUID A12__TxfRmcbRmId)		TXFRM	task_0	Informational		
Microsoft-Windows-NtfsLog_e7344f8a791031178b28432890f6bc10	684	0	task_0684(Pointer A10_PsGetCurrentThread, Int32 A11_TypeOfOpen, Pointer A12_Vcb, CountedUtf16String A13__VcbVolumeName, CountedUtf16String A14_WppCountedStringWVcbVpbVolumeLabelSAFE_VPB_VOLUME_LABEL_LENGTHVcbVpb, Pointer A15_Fcb, HexInt64 A16_NtfsFullFileRefNumber_ScbFcbFileReference, CountedUtf16String A17_CcbNULL_CcbFullFileNameNULL, HexInt32 A18_CcbNULLCcbAccessFlags0)		ACCESS_DENIED	task_0	Informational		
Microsoft-Windows-NtfsLog_e7344f8a791031178b28432890f6bc10	685	0	task_0685(Pointer A10_Vcb, Pointer A11_IrpContext, HexInt64 A12_VcbFirstValidUsn, HexInt64 A13_FirstValidUsn, HexInt64 A14_TrackUsnJournalFileSize, HexInt64 A15_TrackUsnJournalAllocationSize, HexInt64 A16_TrackUsnJournalMaxSize, HexInt64 A17_TrackUsnJournalDeltaAllocation)		USNJRNL	task_0	Informational		
Microsoft-Windows-NtfsLog_e7344f8a791031178b28432890f6bc10	686	0	task_0686(Pointer A10_Vcb, Pointer A11_IrpContext, HexInt64 A12_FirstValidUsn1, HexInt64 A13_SavedReserved, HexInt64 A14_RequiredReserved)		USNJRNL	task_0	Informational		
Microsoft-Windows-NtfsLog_e7344f8a791031178b28432890f6bc10	687	0	task_0687(Pointer A10_Vcb, Pointer A11_IrpContext, HexInt64 A12_UsnJournalHeaderAllocationSizeQuadPart, HexInt64 A13_UsnJournalHeaderFileSizeQuadPart, HexInt64 A14_UsnJournalHeaderValidDataLengthQuadPart, HexInt64 A15_UsnJournalTotalAllocated)		USNJRNL	task_0	Informational		
Microsoft-Windows-NtfsLog_e7344f8a791031178b28432890f6bc10	688	0	task_0688(Pointer A10_Vcb, Pointer A11_IrpContext, HexInt64 A12_UsnJournalHeaderAllocationSizeQuadPart, HexInt64 A13_UsnJournalHeaderFileSizeQuadPart, HexInt64 A14_UsnJournalHeaderValidDataLengthQuadPart, HexInt64 A15_UsnJournalTotalAllocated)		USNJRNL	task_0	Informational		
Microsoft-Windows-NtfsLog_e7344f8a791031178b28432890f6bc10	689	0	task_0689(Pointer A10_Vcb, Pointer A11_IrpContext)		USNJRNL	task_0	Informational		
Microsoft-Windows-NtfsLog_e7344f8a791031178b28432890f6bc10	690	0	task_0690(Pointer A10_Vcb, Pointer A11_IrpContext)		USNJRNL	task_0	Informational		
Microsoft-Windows-NtfsLog_e7344f8a791031178b28432890f6bc10	691	0	task_0691(Pointer A10_PsGetCurrentThread, Int32 A11_TypeOfOpen, Pointer A12_Vcb, CountedUtf16String A13__VcbVolumeName, CountedUtf16String A14_WppCountedStringWVcbVpbVolumeLabelSAFE_VPB_VOLUME_LABEL_LENGTHVcbVpb, Pointer A15_Fcb, HexInt64 A16_NtfsFullFileRefNumber_ScbFcbFileReference)		ACCESS_DENIED	task_0	Informational		
Microsoft-Windows-NtfsLog_e7344f8a791031178b28432890f6bc10	692	0	task_0692(Pointer A10_PsGetCurrentThread, Pointer A11_Vcb, CountedUtf16String A12__VcbVolumeName, CountedUtf16String A13_WppCountedStringWVcbVpbVolumeLabelSAFE_VPB_VOLUME_LABEL_LENGTHVcbVpb, Pointer A14_Fcb, HexInt64 A15_NtfsFullFileRefNumber_ScbFcbFileReference, CountedUtf16String A16_CcbNULL_CcbFullFileNameNULL, HexInt32 A17_CcbNULLCcbAccessFlags0)		ACCESS_DENIED	task_0	Informational		
Microsoft-Windows-NtfsLog_e7344f8a791031178b28432890f6bc10	693	0	task_0693(Pointer A10_PsGetCurrentThread, Int32 A11_TypeOfOpen, Pointer A12_Vcb, CountedUtf16String A13__VcbVolumeName, CountedUtf16String A14_WppCountedStringWVcbVpbVolumeLabelSAFE_VPB_VOLUME_LABEL_LENGTHVcbVpb, Pointer A15_Fcb, HexInt64 A16_NtfsFullFileRefNumber_ScbFcbFileReference, CountedUtf16String A17_CcbNULL_CcbFullFileNameNULL, HexInt32 A18_CcbNULLCcbAccessFlags0)		ACCESS_DENIED	task_0	Informational		
Microsoft-Windows-NtfsLog_e7344f8a791031178b28432890f6bc10	694	0	task_0694(Pointer A10_PsGetCurrentThread, Pointer A11_ScbVcb, CountedUtf16String A12__ScbVcbVolumeName, CountedUtf16String A13_WppCountedStringWScbVcbVpbVolumeLabelSAFE_VPB_VOLUME_LABEL_LENGTHScbVcbVpb, Pointer A14_ScbFcb, HexInt64 A15_NtfsFullFileRefNumber_ScbFcbFileReference, Pointer A16_Scb, HexInt32 A17_ScbAttributeTypeCode, CountedUtf16String A18__ScbAttributeName, Int32 A19_ScbCleanupCount)		SHARING_VIOLATION	task_0	Informational		
Microsoft-Windows-NtfsLog_e7344f8a791031178b28432890f6bc10	695	0	task_0695(Pointer A10_Vcb, Pointer A11_IrpContext, Pointer A12_IrpContextOriginatingIrp, Pointer A13_PsGetCurrentThread, HexInt64 A14_ScbHeaderAllocationSizeQuadPart, HexInt64 A15_ScbHeaderFileSizeQuadPart, HexInt64 A16_ScbHeaderValidDataLengthQuadPart, HexInt64 A17_NewAllocationSize)		USNJRNL	task_0	Informational		
Microsoft-Windows-NtfsLog_e7344f8a791031178b28432890f6bc10	696	0	task_0696(Pointer A10_Vcb, Pointer A11_IrpContext, Pointer A12_IrpContextOriginatingIrp, Pointer A13_PsGetCurrentThread, HexInt64 A14_ScbHeaderAllocationSizeQuadPart, HexInt64 A15_ScbHeaderFileSizeQuadPart, HexInt64 A16_ScbHeaderValidDataLengthQuadPart, HexInt64 A17_ScbTotalAllocated)		USNJRNL	task_0	Informational		
Microsoft-Windows-NtfsLog_e7344f8a791031178b28432890f6bc10	697	0	task_0697(Pointer A10_Vcb, Pointer A11_IrpContext, Pointer A12_IrpContextOriginatingIrp, Pointer A13_PsGetCurrentThread)		USNJRNL	task_0	Informational		
Microsoft-Windows-NtfsLog_e7344f8a791031178b28432890f6bc10	698	0	task_0698(Pointer A10_Vcb, Pointer A11_IrpContext, Pointer A12_IrpContextOriginatingIrp, Pointer A13_PsGetCurrentThread)		USNJRNL	task_0	Informational		
Microsoft-Windows-NtfsLog_e7344f8a791031178b28432890f6bc10	699	0	task_0699(Pointer A10_IrpContext, Pointer A11_IrpContextOriginatingIrp, Pointer A12_PsGetCurrentThread, HexInt32 A13_IrpContextExceptionStatus)		DUMMY	task_0	Informational		
Microsoft-Windows-NtfsLog_e7344f8a791031178b28432890f6bc10	700	0	task_0700(HexInt64 A10_RemainingClusterCount, Pointer A11_Scb, HexInt64 A12_Vcn, HexInt64 A13_Lcn, HexInt64 A14_ClusterCount)		DAX	task_0	Informational		
Microsoft-Windows-NtfsLog_e7344f8a791031178b28432890f6bc10	701	0	task_0701(Pointer A10_Vcb)		DAX	task_0	Informational		
Microsoft-Windows-NtfsLog_e7344f8a791031178b28432890f6bc10	702	0	task_0702(Pointer A10_Vcb)		DAX	task_0	Informational		
Microsoft-Windows-NtfsLog_e7344f8a791031178b28432890f6bc10	703	0	task_0703(Pointer A10_Vcb)		DAX	task_0	Informational		
Microsoft-Windows-NtfsLog_e7344f8a791031178b28432890f6bc10	704	0	task_0704(Pointer A10_Vcb)		DELNOTIFY	task_0	Informational		
Microsoft-Windows-NtfsLog_e7344f8a791031178b28432890f6bc10	705	0	task_0705(Pointer A10_Vcb)		DELNOTIFY	task_0	Informational		
Microsoft-Windows-NtfsLog_e7344f8a791031178b28432890f6bc10	706	0	task_0706(Pointer A10_Vcb)		DELNOTIFY	task_0	Informational		
Microsoft-Windows-NtfsLog_e7344f8a791031178b28432890f6bc10	707	0	task_0707(Pointer A10_Vcb)		DELNOTIFY	task_0	Informational		
Microsoft-Windows-NtfsLog_e7344f8a791031178b28432890f6bc10	708	0	task_0708(Pointer A10_IrpContext, Pointer A11_Vcb, CountedUtf16String A12__VolumeLabel, CountedUtf16String A13__VcbDeviceName)		OPERATIONS	task_0	Informational		
Microsoft-Windows-NtfsLog_e7344f8a791031178b28432890f6bc10	709	0	task_0709(Pointer A10_IrpContext, HexInt32 A11_Status, Pointer A12_FileReference, Pointer A13_Fcb, HexInt64 A14_Source, HexInt32 A15_TopLevelExceptionStatus)		DUMMY	task_0	Warning		
Microsoft-Windows-NtfsLog_e7344f8a791031178b28432890f6bc10	710	0	task_0710(Pointer A10_Vcb, HexInt32 A11_WasDirty, HexInt64 A12_NtfsFullSegmentNumber_BugCheckFileReference, HexInt64 A13_Source)		DUMMY	task_0	Error		
Microsoft-Windows-NtfsLog_e7344f8a791031178b28432890f6bc10	711	0	task_0711(Pointer A10_PsGetCurrentThread, Int32 A11_TypeOfOpen, Pointer A12_Vcb, CountedUtf16String A13__VcbVolumeName, CountedUtf16String A14_WppCountedStringWVcbVpbVolumeLabelSAFE_VPB_VOLUME_LABEL_LENGTHVcbVpb, Pointer A15_Fcb, HexInt64 A16_NtfsFullFileRefNumber_ScbFcbFileReference, HexInt32 A17_FsInformationClass, Pointer A18_Scb)		ACCESS_DENIED	task_0	Informational		
Microsoft-Windows-NtfsLog_e7344f8a791031178b28432890f6bc10	712	0	task_0712(Pointer A10_PsGetCurrentThread, Int32 A11_TypeOfOpen, Pointer A12_Vcb, CountedUtf16String A13__VcbVolumeName, CountedUtf16String A14_WppCountedStringWVcbVpbVolumeLabelSAFE_VPB_VOLUME_LABEL_LENGTHVcbVpb, Pointer A15_Fcb, HexInt64 A16_NtfsFullFileRefNumber_ScbFcbFileReference, HexInt32 A17_FsInformationClass, Pointer A18_Scb)		ACCESS_DENIED	task_0	Informational		
Microsoft-Windows-NtfsLog_e7344f8a791031178b28432890f6bc10	713	0	task_0713(HexInt32 A10_IrpSpParametersWriteByteOffsetHighPart, HexInt32 A11_IrpSpParametersWriteByteOffsetLowPart, HexInt32 A12_IrpContextTopLevelIrpContextExceptionStatus)		TXFRM	task_0	Informational		
Microsoft-Windows-NtfsLog_e7344f8a791031178b28432890f6bc10	714	0	task_0714(Pointer A10_Scb)		DAX	task_0	Error		
Microsoft-Windows-NtfsLog_e7344f8a791031178b28432890f6bc10	715	0	task_0715(Pointer A10_PsGetCurrentThread, Pointer A11_Vcb, CountedUtf16String A12__VcbVolumeName, CountedUtf16String A13_WppCountedStringWVcbVpbVolumeLabelSAFE_VPB_VOLUME_LABEL_LENGTHVcbVpb, HexInt64 A14_ByteRange, HexInt64 A15_HIGHEST_WRITABLE_SECTOR_ON_ACTIVE_VOLUMEVcbSectorSizeInfoLogicalBytesPerSector)		ACCESS_DENIED	task_0	Informational		
Microsoft-Windows-NtfsLog_e7344f8a791031178b28432890f6bc10	716	0	task_0716(HexInt64 A10_StartingVbo, HexInt64 A11_ScbHeaderValidDataLengthQuadPart, Pointer A12_ptrdiff_tScb)		WRITE	task_0	Informational		
Microsoft-Windows-NtfsLog_e7344f8a791031178b28432890f6bc10	717	0	task_0717(HexInt64 A10_ByteRange, HexInt64 A11_SectorAlignedVdl, Pointer A12_ptrdiff_tScb)		WRITE	task_0	Informational		
