provider	category	event_id	version	event(fields)	event_type	description
Windows Kernel Trace	{01853a65-418f-4f36-aefc-dc0f1d2fd235}	10	0	SystemConfig_CPU(UInt32 MHz, UInt32 NumberOfProcessors, UInt32 MemSize, UInt32 PageSize, UInt32 AllocationGranularity, Char16 ComputerName, Char16 DomainName, UInt32 HyperThreadingFlag)	CPU	System Configuration
Windows Kernel Trace	{01853a65-418f-4f36-aefc-dc0f1d2fd235}	10	1	SystemConfig_CPU_V1(UInt32 MHz, UInt32 NumberOfProcessors, UInt32 MemSize, UInt32 PageSize, UInt32 AllocationGranularity, Char16 ComputerName, Char16 DomainName, UInt32 HyperThreadingFlag)	CPU	System Configuration
Windows Kernel Trace	{01853a65-418f-4f36-aefc-dc0f1d2fd235}	10	2	SystemConfig_CPU_V2(UInt32 MHz, UInt32 NumberOfProcessors, UInt32 MemSize, UInt32 PageSize, UInt32 AllocationGranularity, Char16 ComputerName, Char16 DomainName, UInt32 HyperThreadingFlag)	CPU	System Configuration
Windows Kernel Trace	{01853a65-418f-4f36-aefc-dc0f1d2fd235}	10	3	SystemConfig_CPU_V3(UInt32 MHz, UInt32 NumberOfProcessors, UInt32 MemSize, UInt32 PageSize, UInt32 AllocationGranularity, Char16 ComputerName, Char16 DomainName, UInt32 HyperThreadingFlag, UInt32 HighestUserAddress, UInt16 ProcessorArchitecture, UInt16 ProcessorLevel, UInt16 ProcessorRevision, UInt8 PaeEnabled, UInt8 NxEnabled, UInt32 MemorySpeed)	CPU	System Configuration
Windows Kernel Trace	{01853a65-418f-4f36-aefc-dc0f1d2fd235}	11	0	SystemConfig_PhyDisk(UInt32 DiskNumber, UInt32 BytesPerSector, UInt32 SectorsPerTrack, UInt32 TracksPerCylinder, UInt64 Cylinders, UInt32 SCSIPort, UInt32 SCSIPath, UInt32 SCSITarget, UInt32 SCSILun, Char16 Manufacturer, UInt32 PartitionCount, UInt8 WriteCacheEnabled, UInt8 Pad, Char16 BootDriveLetter, Char16 Spare)	PhyDisk	System Configuration
Windows Kernel Trace	{01853a65-418f-4f36-aefc-dc0f1d2fd235}	11	1	SystemConfig_PhyDisk_V1(UInt32 DiskNumber, UInt32 BytesPerSector, UInt32 SectorsPerTrack, UInt32 TracksPerCylinder, UInt64 Cylinders, UInt32 SCSIPort, UInt32 SCSIPath, UInt32 SCSITarget, UInt32 SCSILun, Char16 Manufacturer, UInt32 PartitionCount, UInt8 WriteCacheEnabled, UInt8 Pad, Char16 BootDriveLetter, Char16 Spare)	PhyDisk	System Configuration
Windows Kernel Trace	{01853a65-418f-4f36-aefc-dc0f1d2fd235}	11	2	SystemConfig_PhyDisk_V2(UInt32 DiskNumber, UInt32 BytesPerSector, UInt32 SectorsPerTrack, UInt32 TracksPerCylinder, UInt64 Cylinders, UInt32 SCSIPort, UInt32 SCSIPath, UInt32 SCSITarget, UInt32 SCSILun, Char16 Manufacturer, UInt32 PartitionCount, UInt8 WriteCacheEnabled, UInt8 Pad, Char16 BootDriveLetter, Char16 Spare)	PhyDisk	System Configuration
Windows Kernel Trace	{01853a65-418f-4f36-aefc-dc0f1d2fd235}	12	0	SystemConfig_LogDisk(UInt64 StartOffset, UInt64 PartitionSize, UInt32 DiskNumber, UInt32 Size, UInt32 DriveType, Char16 DriveLetterString, UInt32 Pad1, UInt32 PartitionNumber, UInt32 SectorsPerCluster, UInt32 BytesPerSector, UInt32 Pad2, SInt64 NumberOfFreeClusters, SInt64 TotalNumberOfClusters, Char16 FileSystem, UInt32 VolumeExt)	LogDisk	System Configuration
Windows Kernel Trace	{01853a65-418f-4f36-aefc-dc0f1d2fd235}	12	1	SystemConfig_LogDisk_V1(UInt64 StartOffset, UInt64 PartitionSize, UInt32 DiskNumber, UInt32 Size, UInt32 DriveType, Char16 DriveLetterString, UInt32 Pad1, UInt32 PartitionNumber, UInt32 SectorsPerCluster, UInt32 BytesPerSector, UInt32 Pad2, SInt64 NumberOfFreeClusters, SInt64 TotalNumberOfClusters, Char16 FileSystem, UInt32 VolumeExt)	LogDisk	System Configuration
Windows Kernel Trace	{01853a65-418f-4f36-aefc-dc0f1d2fd235}	12	2	SystemConfig_LogDisk_V2(UInt64 StartOffset, UInt64 PartitionSize, UInt32 DiskNumber, UInt32 Size, UInt32 DriveType, Char16 DriveLetterString, UInt32 Pad1, UInt32 PartitionNumber, UInt32 SectorsPerCluster, UInt32 BytesPerSector, UInt32 Pad2, SInt64 NumberOfFreeClusters, SInt64 TotalNumberOfClusters, Char16 FileSystem, UInt32 VolumeExt, UInt32 Pad3)	LogDisk	System Configuration
Windows Kernel Trace	{01853a65-418f-4f36-aefc-dc0f1d2fd235}	13	0	SystemConfig_NIC(Char16 NICName, UInt32 Index, UInt32 PhysicalAddrLen, Char16 PhysicalAddr, UInt32 Size, SInt32 IpAddress, SInt32 SubnetMask, SInt32 DhcpServer, SInt32 Gateway, SInt32 PrimaryWinsServer, SInt32 SecondaryWinsServer, SInt32 DnsServer1, SInt32 DnsServer2, SInt32 DnsServer3, SInt32 DnsServer4, UInt32 Data)	NIC	System Configuration
Windows Kernel Trace	{01853a65-418f-4f36-aefc-dc0f1d2fd235}	13	1	SystemConfig_NIC_V1(Char16 NICName, UInt32 Index, UInt32 PhysicalAddrLen, Char16 PhysicalAddr, UInt32 Size, SInt32 IpAddress, SInt32 SubnetMask, SInt32 DhcpServer, SInt32 Gateway, SInt32 PrimaryWinsServer, SInt32 SecondaryWinsServer, SInt32 DnsServer1, SInt32 DnsServer2, SInt32 DnsServer3, SInt32 DnsServer4, UInt32 Data)	NIC	System Configuration
Windows Kernel Trace	{01853a65-418f-4f36-aefc-dc0f1d2fd235}	13	2	SystemConfig_NIC_V2(UInt64 PhysicalAddr, UInt32 PhysicalAddrLen, UInt32 Ipv4Index, UInt32 Ipv6Index, String NICDescription, String IpAddresses, String DnsServerAddresses)	NIC	System Configuration
Windows Kernel Trace	{01853a65-418f-4f36-aefc-dc0f1d2fd235}	14	0	SystemConfig_Video(UInt32 MemorySize, UInt32 XResolution, UInt32 YResolution, UInt32 BitsPerPixel, UInt32 VRefresh, Char16 ChipType, Char16 DACType, Char16 AdapterString, Char16 BiosString, Char16 DeviceId, UInt32 StateFlags)	Video	System Configuration
Windows Kernel Trace	{01853a65-418f-4f36-aefc-dc0f1d2fd235}	14	1	SystemConfig_Video_V1(UInt32 MemorySize, UInt32 XResolution, UInt32 YResolution, UInt32 BitsPerPixel, UInt32 VRefresh, Char16 ChipType, Char16 DACType, Char16 AdapterString, Char16 BiosString, Char16 DeviceId, UInt32 StateFlags)	Video	System Configuration
Windows Kernel Trace	{01853a65-418f-4f36-aefc-dc0f1d2fd235}	14	2	SystemConfig_Video_V2(UInt32 MemorySize, UInt32 XResolution, UInt32 YResolution, UInt32 BitsPerPixel, UInt32 VRefresh, Char16 ChipType, Char16 DACType, Char16 AdapterString, Char16 BiosString, Char16 DeviceId, UInt32 StateFlags)	Video	System Configuration
Windows Kernel Trace	{01853a65-418f-4f36-aefc-dc0f1d2fd235}	15	0	SystemConfig_Services(Char16 ServiceName, Char16 DisplayName, Char16 ProcessName, UInt32 ProcessId)	Services	System Configuration
Windows Kernel Trace	{01853a65-418f-4f36-aefc-dc0f1d2fd235}	15	1	SystemConfig_Services_V1(Char16 ServiceName, Char16 DisplayName, Char16 ProcessName, UInt32 ProcessId)	Services	System Configuration
Windows Kernel Trace	{01853a65-418f-4f36-aefc-dc0f1d2fd235}	15	2	SystemConfig_Services_V2(UInt32 ProcessId, UInt32 ServiceState, UInt32 SubProcessTag, String ServiceName, String DisplayName, String ProcessName)	Services	System Configuration
Windows Kernel Trace	{01853a65-418f-4f36-aefc-dc0f1d2fd235}	15	3	SystemConfig_Services_V3(UInt32 ProcessId, UInt32 ServiceState, UInt32 SubProcessTag, String ServiceName, String DisplayName, String ProcessName, String LoadOrderGroup, String SvchostGroup)	Services	System Configuration
Windows Kernel Trace	{01853a65-418f-4f36-aefc-dc0f1d2fd235}	16	0	SystemConfig_Power(UInt8 S1, UInt8 S2, UInt8 S3, UInt8 S4, UInt8 S5, UInt8 Pad1, UInt8 Pad2, UInt8 Pad3)	Power	System Configuration
Windows Kernel Trace	{01853a65-418f-4f36-aefc-dc0f1d2fd235}	16	1	SystemConfig_Power_V1(UInt8 S1, UInt8 S2, UInt8 S3, UInt8 S4, UInt8 S5, UInt8 Pad1, UInt8 Pad2, UInt8 Pad3)	Power	System Configuration
Windows Kernel Trace	{01853a65-418f-4f36-aefc-dc0f1d2fd235}	16	2	SystemConfig_Power_V2(UInt8 S1, UInt8 S2, UInt8 S3, UInt8 S4, UInt8 S5, UInt8 Pad1, UInt8 Pad2, UInt8 Pad3)	Power	System Configuration
Windows Kernel Trace	{01853a65-418f-4f36-aefc-dc0f1d2fd235}	17	2	SystemConfig_Network_V2(UInt32 TcbTablePartitions, UInt32 MaxHashTableSize, UInt32 MaxUserPort, UInt32 TcpTimedWaitDelay)	Network	System Configuration
Windows Kernel Trace	{01853a65-418f-4f36-aefc-dc0f1d2fd235}	18	2	SystemConfig_OpticalDisk_V2(UInt16 DiskNumber, UInt16 BusType, UInt16 DeviceType, UInt16 MediaType, UInt64 StartingOffset, UInt64 Size, UInt64 NumberOfFreeBlocks, UInt64 TotalNumberOfBlocks, UInt64 NextWritableAddress, UInt32 NumberOfSessions, UInt32 NumberOfTracks, UInt32 BytesPerSector, UInt16 DiscStatus, UInt16 LastSessionStatus, String DriveLetter, String FileSystemName, String DeviceName, String ManufacturerName)	OpticalDisk	System Configuration
Windows Kernel Trace	{01853a65-418f-4f36-aefc-dc0f1d2fd235}	21	0	SystemConfig_IRQ(UInt64 IRQAffinity, UInt32 IRQNum, UInt32 DeviceDescriptionLen, String DeviceDescription)	IRQ	System Configuration
Windows Kernel Trace	{01853a65-418f-4f36-aefc-dc0f1d2fd235}	21	1	SystemConfig_IRQ_V1(UInt64 IRQAffinity, UInt32 IRQNum, UInt32 DeviceDescriptionLen, String DeviceDescription)	IRQ	System Configuration
Windows Kernel Trace	{01853a65-418f-4f36-aefc-dc0f1d2fd235}	21	2	SystemConfig_IRQ_V2(UInt64 IRQAffinity, UInt32 IRQNum, UInt32 DeviceDescriptionLen, String DeviceDescription)	IRQ	System Configuration
Windows Kernel Trace	{01853a65-418f-4f36-aefc-dc0f1d2fd235}	21	3	SystemConfig_IRQ_V3(UInt64 IRQAffinity, UInt16 IRQGroup, UInt16 Reserved, UInt32 IRQNum, UInt32 DeviceDescriptionLen, String DeviceDescription)	IRQ	System Configuration
Windows Kernel Trace	{01853a65-418f-4f36-aefc-dc0f1d2fd235}	22	0	SystemConfig_PnP(UInt32 IDLength, UInt32 DescriptionLength, UInt32 FriendlyNameLength, String DeviceID, String DeviceDescription, String FriendlyName)	PnP	System Configuration
Windows Kernel Trace	{01853a65-418f-4f36-aefc-dc0f1d2fd235}	22	1	SystemConfig_PnP_V1(UInt32 IDLength, UInt32 DescriptionLength, UInt32 FriendlyNameLength, String DeviceID, String DeviceDescription, String FriendlyName)	PnP	System Configuration
Windows Kernel Trace	{01853a65-418f-4f36-aefc-dc0f1d2fd235}	22	2	SystemConfig_PnP_V2(UInt32 IDLength, UInt32 DescriptionLength, UInt32 FriendlyNameLength, String DeviceID, String DeviceDescription, String FriendlyName)	PnP	System Configuration
Windows Kernel Trace	{01853a65-418f-4f36-aefc-dc0f1d2fd235}	22	3	SystemConfig_PnP_V3(UInt32 IDLength, UInt32 DescriptionLength, UInt32 FriendlyNameLength, String DeviceID, String DeviceDescription, String FriendlyName, String PdoName)	PnP	System Configuration
Windows Kernel Trace	{01853a65-418f-4f36-aefc-dc0f1d2fd235}	22	4	SystemConfig_PnP_V4(Object ClassGuid, UInt32 UpperFiltersCount, UInt32 LowerFiltersCount, String DeviceID, String DeviceDescription, String FriendlyName, String PdoName, String ServiceName, String UpperFilters, String LowerFilters)	PnP	System Configuration
Windows Kernel Trace	{01853a65-418f-4f36-aefc-dc0f1d2fd235}	22	5	SystemConfig_PnP_V5(Object ClassGuid, UInt32 UpperFiltersCount, UInt32 LowerFiltersCount, UInt32 DevStatus, UInt32 DevProblem, String DeviceID, String DeviceDescription, String FriendlyName, String PdoName, String ServiceName, String UpperFilters, String LowerFilters)	PnP	System Configuration
Windows Kernel Trace	{01853a65-418f-4f36-aefc-dc0f1d2fd235}	23	2	SystemConfig_IDEChannel_V2(UInt32 TargetId, UInt32 DeviceType, UInt32 DeviceTimingMode, UInt32 LocationInformationLen, String LocationInformation)	IDEChannel	System Configuration
Windows Kernel Trace	{01853a65-418f-4f36-aefc-dc0f1d2fd235}	24	2	SystemConfig_NumaNode_V2(UInt32 NodeCount, UInt64 NodeMap)	NumaNode	System Configuration
Windows Kernel Trace	{01853a65-418f-4f36-aefc-dc0f1d2fd235}	25	2	SystemConfig_Platform_V2(String SystemManufacturer, String SystemProductName, String BiosDate, String BiosVersion)	Platform	System Configuration
Windows Kernel Trace	{01853a65-418f-4f36-aefc-dc0f1d2fd235}	26	2	SystemConfig_ProcessorGroup_V2(UInt32 GroupCount, UInt32 Affinity)	ProcessorGroup	System Configuration
Windows Kernel Trace	{01853a65-418f-4f36-aefc-dc0f1d2fd235}	27	2	SystemConfig_ProcessorNumber_V2(UInt32 ProcessorCount, UInt32 ProcessorNumber)	ProcessorNumber	System Configuration
Windows Kernel Trace	{01853a65-418f-4f36-aefc-dc0f1d2fd235}	28	2	SystemConfig_DPI_V2(UInt32 MachineDPI, UInt32 UserDPI)	DPI	System Configuration
Windows Kernel Trace	{01853a65-418f-4f36-aefc-dc0f1d2fd235}	29	2	SystemConfig_CodeIntegrity_V2(UInt32 CodeIntegrityInfo)	CodeIntegrity	System Configuration
Windows Kernel Trace	{01853a65-418f-4f36-aefc-dc0f1d2fd235}	30	2	SystemConfig_TelemetryConfiguration_V2(Object MachineId)	TelemetryConfiguration	System Configuration
Windows Kernel Trace	{01853a65-418f-4f36-aefc-dc0f1d2fd235}	31	2	SystemConfig_Defragmentation_V2(UInt64 AlignmentClusters, UInt64 AvgFreeSpaceSize, UInt64 ClustersPerSlab, UInt64 FragmentedDirectoryExtents, UInt64 FragmentedExtents, UInt64 FreeSpaceCount, UInt64 LargestFreeSpaceSize, UInt64 LastRunActualPurgeClusters, UInt64 LastRunClustersTrimmed, UInt64 LastRunFullDefragTime, UInt64 LastRunTime, UInt64 MFTSize, UInt64 TotalClusters, UInt64 TotalUsedClusters, UInt32 AvgFragmentsPerFile, UInt32 BytesPerCluster, UInt32 DirectoryCount, UInt32 FragmentedDirectories, UInt32 FragmentedFiles, UInt32 FragmentedSpace, UInt32 HardwareIssue, UInt32 InUseMFTRecords, UInt32 InUseSlabs, UInt32 LastRunActualPurgeSlabs, UInt32 LastRunInitialBackedSlabs, UInt32 LastRunPercentFragmentation, UInt32 LastRunPinnedSlabs, UInt32 LastRunPotentialPurgeSlabs, UInt32 LastRunSpaceInefficientSlabs, UInt32 LastRunTrimmedSlabs, UInt32 LastRunUnknownEvictFailSlabs, UInt32 LastRunVolsnapPinnedSlabs, UInt32 MFTFragmentCount, UInt32 MovableFiles, UInt32 TotalMFTRecords, UInt32 TotalSlabs, UInt32 UnmovableFiles, Object VolumeId, String VolumePathNames)	Defragmentation	System Configuration
Windows Kernel Trace	{01853a65-418f-4f36-aefc-dc0f1d2fd235}	32	2	SystemConfig_MobilePlatform_V2(String BootLoaderVersion, String FirmwareRevision, String FriendlyName, String HardwareRevision, String Manufacturer, String ManufacturerDisplayName, String ManufacturerModelName, String MobileOperatorDisplayName, String MobileOperatorName, String ModelName, String RadioHardwareRevision, String RadioSoftwareRevision, String ROMVersion, String SOCVersion, String HardwareVariant)	MobilePlatform	System Configuration
Windows Kernel Trace	{01853a65-418f-4f36-aefc-dc0f1d2fd235}	32	3	SystemConfig_MobilePlatform_V3(String DeviceManufacturer, String DeviceManufacturerDisplayName, String DeviceModel, String DeviceModelDisplayName, String MobileOperator, String MobileOperatorDisplayName, String HardwareVersion, String SocVersion, String RadioHardwareVersion, String RadioSoftwareVersion, String BspVersion, String OemSoftwareVersion)	MobilePlatform	System Configuration
Windows Kernel Trace	{01853a65-418f-4f36-aefc-dc0f1d2fd235}	32	4	SystemConfig_MobilePlatform_V4(String DeviceManufacturer, String DeviceManufacturerDisplayName, String DeviceModel, String DeviceModelDisplayName, String MobileOperator, String SocVersion, String BspVersion)	MobilePlatform	System Configuration
Windows Kernel Trace	{01853a65-418f-4f36-aefc-dc0f1d2fd235}	33	2	SystemConfig_DeviceFamily_V2(UInt64 UAPInfo, UInt32 DeviceFamily, UInt32 DeviceForm)	DeviceFamily	System Configuration
Windows Kernel Trace	{01853a65-418f-4f36-aefc-dc0f1d2fd235}	34	2	SystemConfig_FlightIds_V2(String UpdateId, String FlightIdList)	FlightIds	System Configuration
Windows Kernel Trace	{01853a65-418f-4f36-aefc-dc0f1d2fd235}	35	2	SystemConfig_Processors_V2(UInt32 ProcessorIndex, UInt32 FeatureSet, UInt32 ProcessorSpeed, Char16 ProcessorName, Char16 VendorIdentifier, Char16 ProcessorIdentifier)	Processors	System Configuration
Windows Kernel Trace	{01853a65-418f-4f36-aefc-dc0f1d2fd235}	36	2	SystemConfig_Virtualization Config Info_V2(UInt8 VbsEnabled, UInt8 HvciEnabled, UInt8 HyperVisorEnabled, UInt8 Reserved)	Virtualization Config Info	System Configuration
Windows Kernel Trace	{01853a65-418f-4f36-aefc-dc0f1d2fd235}	37	2	SystemConfig_Boot Config Info_V2(UInt64 BootFlags, UInt32 FirmwareType, UInt8 SecureBootEnabled, UInt8 SecureBootCapable, UInt8 Reserved1, UInt8 Reserved2)	Boot Config Info	Boot Configuration
Windows Kernel Trace	{0268a8b6-74fd-4302-9dd0-6e8f1795c0cf}	32	2	Pool_PoolAllocation_V2(UInt32 Type, UInt32 Tag, Object NumberOfBytes, UInt32 Entry)	PoolAllocation	Pool Allocation/Free Event
Windows Kernel Trace	{0268a8b6-74fd-4302-9dd0-6e8f1795c0cf}	33	2	Pool_SessionPoolAllocation_V2(UInt32 Type, UInt32 Tag, Object NumberOfBytes, UInt32 Entry, UInt32 SessionId)	SessionPoolAllocation	Session Pool Allocation/Free Event
Windows Kernel Trace	{0268a8b6-74fd-4302-9dd0-6e8f1795c0cf}	34	2	Pool_PoolFree_V2(UInt32 Type, UInt32 Tag, Object NumberOfBytes, UInt32 Entry)	PoolFree	Pool Allocation/Free Event
Windows Kernel Trace	{0268a8b6-74fd-4302-9dd0-6e8f1795c0cf}	35	2	Pool_SessionPoolFree_V2(UInt32 Type, UInt32 Tag, Object NumberOfBytes, UInt32 Entry, UInt32 SessionId)	SessionPoolFree	Session Pool Allocation/Free Event
Windows Kernel Trace	{0268a8b6-74fd-4302-9dd0-6e8f1795c0cf}	40	2	Pool_PoolSnapDCStart_V2()	PoolSnapDCStart	Pool Snapshot Event
Windows Kernel Trace	{0268a8b6-74fd-4302-9dd0-6e8f1795c0cf}	41	2	Pool_PoolSnapDCEnd_V2()	PoolSnapDCEnd	Pool Snapshot Event
Windows Kernel Trace	{0268a8b6-74fd-4302-9dd0-6e8f1795c0cf}	42	2	Pool_BigPoolSnapDCStart_V2()	BigPoolSnapDCStart	Pool Snapshot Event
Windows Kernel Trace	{0268a8b6-74fd-4302-9dd0-6e8f1795c0cf}	43	2	Pool_BigPoolSnapDCEnd_V2()	BigPoolSnapDCEnd	Pool Snapshot Event
Windows Kernel Trace	{0268a8b6-74fd-4302-9dd0-6e8f1795c0cf}	44	2	Pool_SessionPoolSnapDCStart_V2()	SessionPoolSnapDCStart	Pool Snapshot Event
Windows Kernel Trace	{0268a8b6-74fd-4302-9dd0-6e8f1795c0cf}	45	2	Pool_SessionPoolSnapDCEnd_V2()	SessionPoolSnapDCEnd	Pool Snapshot Event
Windows Kernel Trace	{0268a8b6-74fd-4302-9dd0-6e8f1795c0cf}	46	2	Pool_SessionBigPoolSnapDCStart_V2()	SessionBigPoolSnapDCStart	Pool Snapshot Event
Windows Kernel Trace	{0268a8b6-74fd-4302-9dd0-6e8f1795c0cf}	47	2	Pool_SessionBigPoolSnapDCEnd_V2()	SessionBigPoolSnapDCEnd	Pool Snapshot Event
Windows Kernel Trace	{13976d09-a327-438c-950b-7f03192815c7}	32	2	Debugger_DebugPrint_V2(UInt32 Component, UInt32 Level, String Message)	DebugPrint	DebugPrint Event
Windows Kernel Trace	{2cb15d1d-5fc1-11d2-abe1-00a0c911f518}	2	2	Image_UnLoad_V2(UInt32 ImageBase, UInt32 ImageSize, UInt32 ProcessId, UInt32 ImageChecksum, UInt32 TimeDateStamp, UInt32 Reserved0, UInt32 DefaultBase, UInt32 Reserved1, UInt32 Reserved2, UInt32 Reserved3, UInt32 Reserved4, String FileName)	UnLoad	Image Load
Windows Kernel Trace	{2cb15d1d-5fc1-11d2-abe1-00a0c911f518}	2	3	Image_UnLoad_V3(UInt32 ImageBase, UInt32 ImageSize, UInt32 ProcessId, UInt32 ImageChecksum, UInt32 TimeDateStamp, UInt8 SignatureLevel, UInt8 SignatureType, UInt16 Reserved0, UInt32 DefaultBase, UInt32 Reserved1, UInt32 Reserved2, UInt32 Reserved3, UInt32 Reserved4, String FileName)	UnLoad	Image Load
Windows Kernel Trace	{2cb15d1d-5fc1-11d2-abe1-00a0c911f518}	3	2	Image_DCStart_V2(UInt32 ImageBase, UInt32 ImageSize, UInt32 ProcessId, UInt32 ImageChecksum, UInt32 TimeDateStamp, UInt32 Reserved0, UInt32 DefaultBase, UInt32 Reserved1, UInt32 Reserved2, UInt32 Reserved3, UInt32 Reserved4, String FileName)	DCStart	Image Load
Windows Kernel Trace	{2cb15d1d-5fc1-11d2-abe1-00a0c911f518}	3	3	Image_DCStart_V3(UInt32 ImageBase, UInt32 ImageSize, UInt32 ProcessId, UInt32 ImageChecksum, UInt32 TimeDateStamp, UInt8 SignatureLevel, UInt8 SignatureType, UInt16 Reserved0, UInt32 DefaultBase, UInt32 Reserved1, UInt32 Reserved2, UInt32 Reserved3, UInt32 Reserved4, String FileName)	DCStart	Image Load
Windows Kernel Trace	{2cb15d1d-5fc1-11d2-abe1-00a0c911f518}	4	2	Image_DCEnd_V2(UInt32 ImageBase, UInt32 ImageSize, UInt32 ProcessId, UInt32 ImageChecksum, UInt32 TimeDateStamp, UInt32 Reserved0, UInt32 DefaultBase, UInt32 Reserved1, UInt32 Reserved2, UInt32 Reserved3, UInt32 Reserved4, String FileName)	DCEnd	Image Load
Windows Kernel Trace	{2cb15d1d-5fc1-11d2-abe1-00a0c911f518}	4	3	Image_DCEnd_V3(UInt32 ImageBase, UInt32 ImageSize, UInt32 ProcessId, UInt32 ImageChecksum, UInt32 TimeDateStamp, UInt8 SignatureLevel, UInt8 SignatureType, UInt16 Reserved0, UInt32 DefaultBase, UInt32 Reserved1, UInt32 Reserved2, UInt32 Reserved3, UInt32 Reserved4, String FileName)	DCEnd	Image Load
Windows Kernel Trace	{2cb15d1d-5fc1-11d2-abe1-00a0c911f518}	10	0	Image_Load(UInt32 BaseAddress, UInt32 ModuleSize, String ImageFileName)	Load	Image Load
Windows Kernel Trace	{2cb15d1d-5fc1-11d2-abe1-00a0c911f518}	10	1	Image_Load_V1(UInt32 ImageBase, UInt32 ImageSize, UInt32 ProcessId, String FileName)	Load	Image Load
Windows Kernel Trace	{2cb15d1d-5fc1-11d2-abe1-00a0c911f518}	10	2	Image_Load_V2(UInt32 ImageBase, UInt32 ImageSize, UInt32 ProcessId, UInt32 ImageChecksum, UInt32 TimeDateStamp, UInt32 Reserved0, UInt32 DefaultBase, UInt32 Reserved1, UInt32 Reserved2, UInt32 Reserved3, UInt32 Reserved4, String FileName)	Load	Image Load
Windows Kernel Trace	{2cb15d1d-5fc1-11d2-abe1-00a0c911f518}	10	3	Image_Load_V3(UInt32 ImageBase, UInt32 ImageSize, UInt32 ProcessId, UInt32 ImageChecksum, UInt32 TimeDateStamp, UInt8 SignatureLevel, UInt8 SignatureType, UInt16 Reserved0, UInt32 DefaultBase, UInt32 Reserved1, UInt32 Reserved2, UInt32 Reserved3, UInt32 Reserved4, String FileName)	Load	Image Load
Windows Kernel Trace	{2cb15d1d-5fc1-11d2-abe1-00a0c911f518}	33	2	Image_KernelBase_V2(UInt32 ImageBase)	KernelBase	Kernel Image Base
Windows Kernel Trace	{2cb15d1d-5fc1-11d2-abe1-00a0c911f518}	34	2	Image_HypercallPage_V2(UInt32 HypercallPageVa)	HypercallPage	Hypercall Page
Windows Kernel Trace	{2cb15d1d-5fc1-11d2-abe1-00a0c911f518}	128	2	Image_LoaderLockAttempt_V2()	LoaderLockAttempt	Library Loader Basic Event
Windows Kernel Trace	{2cb15d1d-5fc1-11d2-abe1-00a0c911f518}	129	2	Image_LoaderLockAcquire_V2()	LoaderLockAcquire	Library Loader Basic Event
Windows Kernel Trace	{2cb15d1d-5fc1-11d2-abe1-00a0c911f518}	130	2	Image_LoaderLockTriedAndFailed_V2()	LoaderLockTriedAndFailed	Library Loader Basic Event
Windows Kernel Trace	{2cb15d1d-5fc1-11d2-abe1-00a0c911f518}	131	2	Image_LoaderLockWait_V2()	LoaderLockWait	Library Loader Basic Event
Windows Kernel Trace	{2cb15d1d-5fc1-11d2-abe1-00a0c911f518}	132	2	Image_ProcessInitDone_V2()	ProcessInitDone	Library Loader Basic Event
Windows Kernel Trace	{2cb15d1d-5fc1-11d2-abe1-00a0c911f518}	133	2	Image_CreateSectionBegin_V2()	CreateSectionBegin	Library Loader Basic Event
Windows Kernel Trace	{2cb15d1d-5fc1-11d2-abe1-00a0c911f518}	134	2	Image_CreateSectionEnd_V2()	CreateSectionEnd	Library Loader Basic Event
Windows Kernel Trace	{2cb15d1d-5fc1-11d2-abe1-00a0c911f518}	135	2	Image_MapViewBegin_V2()	MapViewBegin	Library Loader Basic Event
Windows Kernel Trace	{2cb15d1d-5fc1-11d2-abe1-00a0c911f518}	144	2	Image_RelocateImageBegin_V2(UInt64 BaseAddress)	RelocateImageBegin	Library Loader BaseAddress Event
Windows Kernel Trace	{2cb15d1d-5fc1-11d2-abe1-00a0c911f518}	145	2	Image_RelocateImageEnd_V2(UInt64 BaseAddress)	RelocateImageEnd	Library Loader BaseAddress Event
Windows Kernel Trace	{2cb15d1d-5fc1-11d2-abe1-00a0c911f518}	146	2	Image_HandleOldDescsBegin_V2(UInt64 BaseAddress)	HandleOldDescsBegin	Library Loader BaseAddress Event
Windows Kernel Trace	{2cb15d1d-5fc1-11d2-abe1-00a0c911f518}	147	2	Image_HandleOldDescsEnd_V2(UInt64 BaseAddress)	HandleOldDescsEnd	Library Loader BaseAddress Event
Windows Kernel Trace	{2cb15d1d-5fc1-11d2-abe1-00a0c911f518}	148	2	Image_HandleNewDescsBegin_V2(UInt64 BaseAddress)	HandleNewDescsBegin	Library Loader BaseAddress Event
Windows Kernel Trace	{2cb15d1d-5fc1-11d2-abe1-00a0c911f518}	149	2	Image_HandleNewDescsEnd_V2(UInt64 BaseAddress)	HandleNewDescsEnd	Library Loader BaseAddress Event
Windows Kernel Trace	{2cb15d1d-5fc1-11d2-abe1-00a0c911f518}	150	2	Image_DllMainExit_V2(UInt64 BaseAddress)	DllMainExit	Library Loader BaseAddress Event
Windows Kernel Trace	{2cb15d1d-5fc1-11d2-abe1-00a0c911f518}	160	2	Image_FindDllByName_V2(UInt64 BaseAddress, UInt8 ErrorOpcode, SInt8 Code, String String)	FindDllByName	Library Loader Coded Event
Windows Kernel Trace	{2cb15d1d-5fc1-11d2-abe1-00a0c911f518}	161	2	Image_MapViewEnd_V2(UInt64 BaseAddress, UInt8 ErrorOpcode, SInt8 Code, String String)	MapViewEnd	Library Loader Coded Event
Windows Kernel Trace	{2cb15d1d-5fc1-11d2-abe1-00a0c911f518}	162	2	Image_LoaderLockRelease_V2(UInt64 BaseAddress, UInt8 ErrorOpcode, SInt8 Code, String String)	LoaderLockRelease	Library Loader Coded Event
Windows Kernel Trace	{2cb15d1d-5fc1-11d2-abe1-00a0c911f518}	163	2	Image_DllMainEnter_V2(UInt64 BaseAddress, UInt8 ErrorOpcode, SInt8 Code, String String)	DllMainEnter	Library Loader Coded Event
Windows Kernel Trace	{2cb15d1d-5fc1-11d2-abe1-00a0c911f518}	164	2	Image_LoaderError_V2(UInt64 BaseAddress, UInt8 ErrorOpcode, SInt8 Code, String String)	LoaderError	Library Loader Coded Event
Windows Kernel Trace	{2cb15d1d-5fc1-11d2-abe1-00a0c911f518}	165	3	Image_MapViewStart_V3(UInt64 BaseAddress, UInt8 ErrorOpcode, SInt8 Code, String String)	MapViewStart	Library Loader Coded Event
Windows Kernel Trace	{2cb15d1d-5fc1-11d2-abe1-00a0c911f518}	166	3	Image_SnappingStart_V3(UInt64 BaseAddress, UInt8 ErrorOpcode, SInt8 Code, String String)	SnappingStart	Library Loader Coded Event
Windows Kernel Trace	{2cb15d1d-5fc1-11d2-abe1-00a0c911f518}	167	3	Image_SnappingEnd_V3(UInt64 BaseAddress, UInt8 ErrorOpcode, SInt8 Code, String String)	SnappingEnd	Library Loader Coded Event
Windows Kernel Trace	{2cb15d1d-5fc1-11d2-abe1-00a0c911f518}	168	3	Image_LoadingStart_V3(UInt64 BaseAddress, UInt8 ErrorOpcode, SInt8 Code, String String)	LoadingStart	Library Loader Coded Event
Windows Kernel Trace	{2cb15d1d-5fc1-11d2-abe1-00a0c911f518}	169	3	Image_LoadingEnd_V3(UInt64 BaseAddress, UInt8 ErrorOpcode, SInt8 Code, String String)	LoadingEnd	Library Loader Coded Event
Windows Kernel Trace	{2cb15d1d-5fc1-11d2-abe1-00a0c911f518}	170	3	Image_FoundKnownDll_V3(UInt64 BaseAddress, UInt8 ErrorOpcode, SInt8 Code, String String)	FoundKnownDll	Library Loader Coded Event
Windows Kernel Trace	{2cb15d1d-5fc1-11d2-abe1-00a0c911f518}	171	3	Image_AbnormalTermination_V3(UInt64 BaseAddress, UInt8 ErrorOpcode, SInt8 Code, String String)	AbnormalTermination	Library Loader Coded Event
Windows Kernel Trace	{2cb15d1d-5fc1-11d2-abe1-00a0c911f518}	172	3	Image_ModulePlaceHolder_V3(UInt64 BaseAddress, UInt8 ErrorOpcode, SInt8 Code, String String)	ModulePlaceHolder	Library Loader Coded Event
Windows Kernel Trace	{2cb15d1d-5fc1-11d2-abe1-00a0c911f518}	173	3	Image_ReadyToInit_V3(UInt64 BaseAddress, UInt8 ErrorOpcode, SInt8 Code, String String)	ReadyToInit	Library Loader Coded Event
Windows Kernel Trace	{2cb15d1d-5fc1-11d2-abe1-00a0c911f518}	174	3	Image_ReadyToRun_V3(UInt64 BaseAddress, UInt8 ErrorOpcode, SInt8 Code, String String)	ReadyToRun	Library Loader Coded Event
Windows Kernel Trace	{2cb15d1d-5fc1-11d2-abe1-00a0c911f518}	176	3	Image_NewDllLoad_V3(UInt32 NewDllBaseAddress, UInt32 ParentDllBaseAddress, UInt32 LoadReason, String FilePath)	NewDllLoad	Library Loader New/Dependence DLL Load Event
Windows Kernel Trace	{2cb15d1d-5fc1-11d2-abe1-00a0c911f518}	177	3	Image_NewDllLoadAsData_V3(UInt32 NewDllBaseAddress, UInt32 ParentDllBaseAddress, UInt32 LoadReason, String FilePath)	NewDllLoadAsData	Library Loader New/Dependence DLL Load Event
Windows Kernel Trace	{2cb15d1d-5fc1-11d2-abe1-00a0c911f518}	192	3	Image_DllSearchPathExternal_V3(UInt64 BaseAddress, UInt8 ErrorOpcode, SInt8 Code, String String1, String String2)	DllSearchPathExternal	Library Loader Coded Event
Windows Kernel Trace	{2cb15d1d-5fc1-11d2-abe1-00a0c911f518}	193	3	Image_DllSearchPathInternal_V3(UInt64 BaseAddress, UInt8 ErrorOpcode, SInt8 Code, String String1, String String2)	DllSearchPathInternal	Library Loader Coded Event
Windows Kernel Trace	{2cb15d1d-5fc1-11d2-abe1-00a0c911f518}	208	3	Image_ApiSetResolving_V3(UInt64 BaseAddress, UInt8 ErrorOpcode, SInt8 Code, String String)	ApiSetResolving	Library Loader Coded Event
Windows Kernel Trace	{2cb15d1d-5fc1-11d2-abe1-00a0c911f518}	209	3	Image_ApiSetHosted_V3(UInt64 BaseAddress, UInt8 ErrorOpcode, SInt8 Code, String String)	ApiSetHosted	Library Loader Coded Event
Windows Kernel Trace	{2cb15d1d-5fc1-11d2-abe1-00a0c911f518}	210	3	Image_ApiSetUnhosted_V3(UInt64 BaseAddress, UInt8 ErrorOpcode, SInt8 Code, String String)	ApiSetUnhosted	Library Loader Coded Event
Windows Kernel Trace	{2cb15d1d-5fc1-11d2-abe1-00a0c911f518}	211	3	Image_ApiSetUnresolved_V3(UInt64 BaseAddress, UInt8 ErrorOpcode, SInt8 Code, String String)	ApiSetUnresolved	Library Loader Coded Event
Windows Kernel Trace	{2cb15d1d-5fc1-11d2-abe1-00a0c911f518}	212	3	Image_DllSearchResults_V3(UInt32 LdrLoadFlags, UInt32 LdrSearchFlags, UInt32 SearchInfo, UInt32 LoadReason, String FullDllName)	DllSearchResults	Library Loader Security Search Event
Windows Kernel Trace	{2cb15d1d-5fc1-11d2-abe1-00a0c911f518}	213	3	Image_DllPathSearchResults_V3(UInt32 SearchInfo, String Cwd, String AppDir, String DllDir, String DllLoadDir)	DllPathSearchResults	Library Loader Security Path Search Event
Windows Kernel Trace	{3d6fa8d0-fe05-11d0-9dda-00c04fd7ba7c}	1	0	Process_Start(UInt32 ProcessId, UInt32 ParentId, Object UserSID, String ImageFileName)	Start	Process Create/Exit Event
Windows Kernel Trace	{3d6fa8d0-fe05-11d0-9dda-00c04fd7ba7c}	1	1	Process_Start_V1(UInt32 PageDirectoryBase, UInt32 ProcessId, UInt32 ParentId, UInt32 SessionId, SInt32 ExitStatus, Object UserSID, String ImageFileName)	Start	Process Create/Exit Event
Windows Kernel Trace	{3d6fa8d0-fe05-11d0-9dda-00c04fd7ba7c}	1	2	Process_Start_V2(UInt32 UniqueProcessKey, UInt32 ProcessId, UInt32 ParentId, UInt32 SessionId, SInt32 ExitStatus, Object UserSID, String ImageFileName, String CommandLine)	Start	Process Create/Exit Event
Windows Kernel Trace	{3d6fa8d0-fe05-11d0-9dda-00c04fd7ba7c}	1	3	Process_Start_V3(UInt32 UniqueProcessKey, UInt32 ProcessId, UInt32 ParentId, UInt32 SessionId, SInt32 ExitStatus, UInt32 DirectoryTableBase, Object UserSID, String ImageFileName, String CommandLine)	Start	Process Create/Exit Event
Windows Kernel Trace	{3d6fa8d0-fe05-11d0-9dda-00c04fd7ba7c}	1	4	Process_Start_V4(UInt32 UniqueProcessKey, UInt32 ProcessId, UInt32 ParentId, UInt32 SessionId, SInt32 ExitStatus, UInt32 DirectoryTableBase, UInt32 Flags, Object UserSID, String ImageFileName, String CommandLine, String PackageFullName, String ApplicationId)	Start	Process Create/Exit Event
Windows Kernel Trace	{3d6fa8d0-fe05-11d0-9dda-00c04fd7ba7c}	2	0	Process_End(UInt32 ProcessId, UInt32 ParentId, Object UserSID, String ImageFileName)	End	Process Create/Exit Event
Windows Kernel Trace	{3d6fa8d0-fe05-11d0-9dda-00c04fd7ba7c}	2	1	Process_End_V1(UInt32 PageDirectoryBase, UInt32 ProcessId, UInt32 ParentId, UInt32 SessionId, SInt32 ExitStatus, Object UserSID, String ImageFileName)	End	Process Create/Exit Event
Windows Kernel Trace	{3d6fa8d0-fe05-11d0-9dda-00c04fd7ba7c}	2	2	Process_End_V2(UInt32 UniqueProcessKey, UInt32 ProcessId, UInt32 ParentId, UInt32 SessionId, SInt32 ExitStatus, Object UserSID, String ImageFileName, String CommandLine)	End	Process Create/Exit Event
Windows Kernel Trace	{3d6fa8d0-fe05-11d0-9dda-00c04fd7ba7c}	2	3	Process_End_V3(UInt32 UniqueProcessKey, UInt32 ProcessId, UInt32 ParentId, UInt32 SessionId, SInt32 ExitStatus, UInt32 DirectoryTableBase, Object UserSID, String ImageFileName, String CommandLine)	End	Process Create/Exit Event
Windows Kernel Trace	{3d6fa8d0-fe05-11d0-9dda-00c04fd7ba7c}	2	4	Process_End_V4(UInt32 UniqueProcessKey, UInt32 ProcessId, UInt32 ParentId, UInt32 SessionId, SInt32 ExitStatus, UInt32 DirectoryTableBase, UInt32 Flags, Object UserSID, String ImageFileName, String CommandLine, String PackageFullName, String ApplicationId)	End	Process Create/Exit Event
Windows Kernel Trace	{3d6fa8d0-fe05-11d0-9dda-00c04fd7ba7c}	3	0	Process_DCStart(UInt32 ProcessId, UInt32 ParentId, Object UserSID, String ImageFileName)	DCStart	Process Create/Exit Event
Windows Kernel Trace	{3d6fa8d0-fe05-11d0-9dda-00c04fd7ba7c}	3	1	Process_DCStart_V1(UInt32 PageDirectoryBase, UInt32 ProcessId, UInt32 ParentId, UInt32 SessionId, SInt32 ExitStatus, Object UserSID, String ImageFileName)	DCStart	Process Create/Exit Event
Windows Kernel Trace	{3d6fa8d0-fe05-11d0-9dda-00c04fd7ba7c}	3	2	Process_DCStart_V2(UInt32 UniqueProcessKey, UInt32 ProcessId, UInt32 ParentId, UInt32 SessionId, SInt32 ExitStatus, Object UserSID, String ImageFileName, String CommandLine)	DCStart	Process Create/Exit Event
Windows Kernel Trace	{3d6fa8d0-fe05-11d0-9dda-00c04fd7ba7c}	3	3	Process_DCStart_V3(UInt32 UniqueProcessKey, UInt32 ProcessId, UInt32 ParentId, UInt32 SessionId, SInt32 ExitStatus, UInt32 DirectoryTableBase, Object UserSID, String ImageFileName, String CommandLine)	DCStart	Process Create/Exit Event
Windows Kernel Trace	{3d6fa8d0-fe05-11d0-9dda-00c04fd7ba7c}	3	4	Process_DCStart_V4(UInt32 UniqueProcessKey, UInt32 ProcessId, UInt32 ParentId, UInt32 SessionId, SInt32 ExitStatus, UInt32 DirectoryTableBase, UInt32 Flags, Object UserSID, String ImageFileName, String CommandLine, String PackageFullName, String ApplicationId)	DCStart	Process Create/Exit Event
Windows Kernel Trace	{3d6fa8d0-fe05-11d0-9dda-00c04fd7ba7c}	4	0	Process_DCEnd(UInt32 ProcessId, UInt32 ParentId, Object UserSID, String ImageFileName)	DCEnd	Process Create/Exit Event
Windows Kernel Trace	{3d6fa8d0-fe05-11d0-9dda-00c04fd7ba7c}	4	1	Process_DCEnd_V1(UInt32 PageDirectoryBase, UInt32 ProcessId, UInt32 ParentId, UInt32 SessionId, SInt32 ExitStatus, Object UserSID, String ImageFileName)	DCEnd	Process Create/Exit Event
Windows Kernel Trace	{3d6fa8d0-fe05-11d0-9dda-00c04fd7ba7c}	4	2	Process_DCEnd_V2(UInt32 UniqueProcessKey, UInt32 ProcessId, UInt32 ParentId, UInt32 SessionId, SInt32 ExitStatus, Object UserSID, String ImageFileName, String CommandLine)	DCEnd	Process Create/Exit Event
Windows Kernel Trace	{3d6fa8d0-fe05-11d0-9dda-00c04fd7ba7c}	4	3	Process_DCEnd_V3(UInt32 UniqueProcessKey, UInt32 ProcessId, UInt32 ParentId, UInt32 SessionId, SInt32 ExitStatus, UInt32 DirectoryTableBase, Object UserSID, String ImageFileName, String CommandLine)	DCEnd	Process Create/Exit Event
Windows Kernel Trace	{3d6fa8d0-fe05-11d0-9dda-00c04fd7ba7c}	4	4	Process_DCEnd_V4(UInt32 UniqueProcessKey, UInt32 ProcessId, UInt32 ParentId, UInt32 SessionId, SInt32 ExitStatus, UInt32 DirectoryTableBase, UInt32 Flags, Object UserSID, String ImageFileName, String CommandLine, String PackageFullName, String ApplicationId)	DCEnd	Process Create/Exit Event
Windows Kernel Trace	{3d6fa8d0-fe05-11d0-9dda-00c04fd7ba7c}	11	2	Process_Terminate_V2(UInt32 ProcessId)	Terminate	Process Terminate Event
Windows Kernel Trace	{3d6fa8d0-fe05-11d0-9dda-00c04fd7ba7c}	32	2	Process_PerfCtr_V2(UInt32 ProcessId, UInt32 PageFaultCount, UInt32 HandleCount, UInt32 Reserved, Object PeakVirtualSize, Object PeakWorkingSetSize, Object PeakPagefileUsage, Object QuotaPeakPagedPoolUsage, Object QuotaPeakNonPagedPoolUsage, Object VirtualSize, Object WorkingSetSize, Object PagefileUsage, Object QuotaPagedPoolUsage, Object QuotaNonPagedPoolUsage, Object PrivatePageCount)	PerfCtr	Process Performance Counters
Windows Kernel Trace	{3d6fa8d0-fe05-11d0-9dda-00c04fd7ba7c}	33	2	Process_PerfCtrRundown_V2(UInt32 ProcessId, UInt32 PageFaultCount, UInt32 HandleCount, UInt32 Reserved, Object PeakVirtualSize, Object PeakWorkingSetSize, Object PeakPagefileUsage, Object QuotaPeakPagedPoolUsage, Object QuotaPeakNonPagedPoolUsage, Object VirtualSize, Object WorkingSetSize, Object PagefileUsage, Object QuotaPagedPoolUsage, Object QuotaNonPagedPoolUsage, Object PrivatePageCount)	PerfCtrRundown	Process Performance Counters
Windows Kernel Trace	{3d6fa8d0-fe05-11d0-9dda-00c04fd7ba7c}	35	2	Process_InSwap_V2(UInt32 DirectoryTableBase, UInt32 ProcessId)	InSwap	Process In Swap Event
Windows Kernel Trace	{3d6fa8d0-fe05-11d0-9dda-00c04fd7ba7c}	39	2	Process_Defunct_V2(UInt32 UniqueProcessKey, UInt32 ProcessId, UInt32 ParentId, UInt32 SessionId, SInt32 ExitStatus, Object UserSID, String ImageFileName, String CommandLine)	Defunct	Process Create/Exit Event
Windows Kernel Trace	{3d6fa8d0-fe05-11d0-9dda-00c04fd7ba7c}	39	3	Process_Defunct_V3(UInt32 UniqueProcessKey, UInt32 ProcessId, UInt32 ParentId, UInt32 SessionId, SInt32 ExitStatus, UInt32 DirectoryTableBase, Object UserSID, String ImageFileName, String CommandLine)	Defunct	Process Create/Exit Event
Windows Kernel Trace	{3d6fa8d0-fe05-11d0-9dda-00c04fd7ba7c}	39	4	Process_Defunct_V4(UInt32 UniqueProcessKey, UInt32 ProcessId, UInt32 ParentId, UInt32 SessionId, SInt32 ExitStatus, UInt32 DirectoryTableBase, UInt32 Flags, Object UserSID, String ImageFileName, String CommandLine, String PackageFullName, String ApplicationId)	Defunct	Process Create/Exit Event
Windows Kernel Trace	{3d6fa8d0-fe05-11d0-9dda-00c04fd7ba7c}	39	5	Process_Defunct_V5(UInt32 UniqueProcessKey, UInt32 ProcessId, UInt32 ParentId, UInt32 SessionId, SInt32 ExitStatus, UInt32 DirectoryTableBase, UInt32 Flags, Object UserSID, String ImageFileName, String CommandLine, String PackageFullName, String ApplicationId, UInt64 ExitTime)	Defunct	Process Zombie Event
Windows Kernel Trace	{3d6fa8d0-fe05-11d0-9dda-00c04fd7ba7c}	48	2	Process_WakeChargeUser_V2(UInt32 Object, UInt32 Tag, UInt32 ProcessId, UInt32 Count)	WakeChargeUser	Process Wake Counter
Windows Kernel Trace	{3d6fa8d0-fe05-11d0-9dda-00c04fd7ba7c}	49	2	Process_WakeChargeExecution_V2(UInt32 Object, UInt32 Tag, UInt32 ProcessId, UInt32 Count)	WakeChargeExecution	Process Wake Counter
Windows Kernel Trace	{3d6fa8d0-fe05-11d0-9dda-00c04fd7ba7c}	50	2	Process_WakeChargeKernel_V2(UInt32 Object, UInt32 Tag, UInt32 ProcessId, UInt32 Count)	WakeChargeKernel	Process Wake Counter
Windows Kernel Trace	{3d6fa8d0-fe05-11d0-9dda-00c04fd7ba7c}	51	2	Process_WakeChargeInstrumentation_V2(UInt32 Object, UInt32 Tag, UInt32 ProcessId, UInt32 Count)	WakeChargeInstrumentation	Process Wake Counter
Windows Kernel Trace	{3d6fa8d0-fe05-11d0-9dda-00c04fd7ba7c}	52	2	Process_WakeChargePreserveProcess_V2(UInt32 Object, UInt32 Tag, UInt32 ProcessId, UInt32 Count)	WakeChargePreserveProcess	Process Wake Counter
Windows Kernel Trace	{3d6fa8d0-fe05-11d0-9dda-00c04fd7ba7c}	64	2	Process_WakeReleaseUser_V2(UInt32 Object, UInt32 Tag, UInt32 ProcessId, UInt32 Count)	WakeReleaseUser	Process Wake Counter
Windows Kernel Trace	{3d6fa8d0-fe05-11d0-9dda-00c04fd7ba7c}	65	2	Process_WakeReleaseExecution_V2(UInt32 Object, UInt32 Tag, UInt32 ProcessId, UInt32 Count)	WakeReleaseExecution	Process Wake Counter
Windows Kernel Trace	{3d6fa8d0-fe05-11d0-9dda-00c04fd7ba7c}	66	2	Process_WakeReleaseKernel_V2(UInt32 Object, UInt32 Tag, UInt32 ProcessId, UInt32 Count)	WakeReleaseKernel	Process Wake Counter
Windows Kernel Trace	{3d6fa8d0-fe05-11d0-9dda-00c04fd7ba7c}	67	2	Process_WakeReleaseInstrumentation_V2(UInt32 Object, UInt32 Tag, UInt32 ProcessId, UInt32 Count)	WakeReleaseInstrumentation	Process Wake Counter
Windows Kernel Trace	{3d6fa8d0-fe05-11d0-9dda-00c04fd7ba7c}	68	2	Process_WakeReleasePreserveProcess_V2(UInt32 Object, UInt32 Tag, UInt32 ProcessId, UInt32 Count)	WakeReleasePreserveProcess	Process Wake Counter
Windows Kernel Trace	{3d6fa8d0-fe05-11d0-9dda-00c04fd7ba7c}	80	2	Process_WakeDropUser_V2(UInt32 Object, UInt32 Tag, UInt32 ProcessId, UInt32 Count)	WakeDropUser	Process Wake Counter
Windows Kernel Trace	{3d6fa8d0-fe05-11d0-9dda-00c04fd7ba7c}	81	2	Process_WakeDropExecution_V2(UInt32 Object, UInt32 Tag, UInt32 ProcessId, UInt32 Count)	WakeDropExecution	Process Wake Counter
Windows Kernel Trace	{3d6fa8d0-fe05-11d0-9dda-00c04fd7ba7c}	82	2	Process_WakeDropKernel_V2(UInt32 Object, UInt32 Tag, UInt32 ProcessId, UInt32 Count)	WakeDropKernel	Process Wake Counter
Windows Kernel Trace	{3d6fa8d0-fe05-11d0-9dda-00c04fd7ba7c}	83	2	Process_WakeDropInstrumentation_V2(UInt32 Object, UInt32 Tag, UInt32 ProcessId, UInt32 Count)	WakeDropInstrumentation	Process Wake Counter
Windows Kernel Trace	{3d6fa8d0-fe05-11d0-9dda-00c04fd7ba7c}	84	2	Process_WakeDropPreserveProcess_V2(UInt32 Object, UInt32 Tag, UInt32 ProcessId, UInt32 Count)	WakeDropPreserveProcess	Process Wake Counter
Windows Kernel Trace	{3d6fa8d0-fe05-11d0-9dda-00c04fd7ba7c}	96	2	Process_WakeEventUser_V2(UInt32 Object)	WakeEventUser	Process Wake Events
Windows Kernel Trace	{3d6fa8d0-fe05-11d0-9dda-00c04fd7ba7c}	97	2	Process_WakeEventExecution_V2(UInt32 Object)	WakeEventExecution	Process Wake Events
Windows Kernel Trace	{3d6fa8d0-fe05-11d0-9dda-00c04fd7ba7c}	98	2	Process_WakeEventKernel_V2(UInt32 Object)	WakeEventKernel	Process Wake Events
Windows Kernel Trace	{3d6fa8d0-fe05-11d0-9dda-00c04fd7ba7c}	99	2	Process_WakeEventInstrumentation_V2(UInt32 Object)	WakeEventInstrumentation	Process Wake Events
Windows Kernel Trace	{3d6fa8d1-fe05-11d0-9dda-00c04fd7ba7c}	1	0	Thread_Start(UInt32 TThreadId, UInt32 ProcessId)	Start	Thread Create/Exit Event
Windows Kernel Trace	{3d6fa8d1-fe05-11d0-9dda-00c04fd7ba7c}	1	1	Thread_Start_V1(UInt32 ProcessId, UInt32 TThreadId, UInt32 StackBase, UInt32 StackLimit, UInt32 UserStackBase, UInt32 UserStackLimit, UInt32 StartAddr, UInt32 Win32StartAddr, SInt8 WaitMode)	Start	Thread Create/Exit Event
Windows Kernel Trace	{3d6fa8d1-fe05-11d0-9dda-00c04fd7ba7c}	1	2	Thread_Start_V2(UInt32 ProcessId, UInt32 TThreadId, UInt32 StackBase, UInt32 StackLimit, UInt32 UserStackBase, UInt32 UserStackLimit, UInt32 StartAddr, UInt32 Win32StartAddr, UInt32 TebBase, UInt32 SubProcessTag)	Start	Thread Create/Exit Event
Windows Kernel Trace	{3d6fa8d1-fe05-11d0-9dda-00c04fd7ba7c}	1	3	Thread_Start_V3(UInt32 ProcessId, UInt32 TThreadId, UInt32 StackBase, UInt32 StackLimit, UInt32 UserStackBase, UInt32 UserStackLimit, UInt32 Affinity, UInt32 Win32StartAddr, UInt32 TebBase, UInt32 SubProcessTag, UInt8 BasePriority, UInt8 PagePriority, UInt8 IoPriority, UInt8 ThreadFlags)	Start	Thread Create/Exit Event
Windows Kernel Trace	{3d6fa8d1-fe05-11d0-9dda-00c04fd7ba7c}	1	4	Thread_Start_V4(UInt32 ProcessId, UInt32 TThreadId, UInt32 StackBase, UInt32 StackLimit, UInt32 UserStackBase, UInt32 UserStackLimit, UInt32 Affinity, UInt32 Win32StartAddr, UInt32 TebBase, UInt32 SubProcessTag, UInt8 BasePriority, UInt8 PagePriority, UInt8 IoPriority, UInt8 ThreadFlags, String ThreadName)	Start	Thread Create/Exit Event
Windows Kernel Trace	{3d6fa8d1-fe05-11d0-9dda-00c04fd7ba7c}	2	0	Thread_End(UInt32 TThreadId, UInt32 ProcessId)	End	Thread Create/Exit Event
Windows Kernel Trace	{3d6fa8d1-fe05-11d0-9dda-00c04fd7ba7c}	2	1	Thread_End_V1(UInt32 ProcessId, UInt32 TThreadId)	End	Thread Create/Exit Event
Windows Kernel Trace	{3d6fa8d1-fe05-11d0-9dda-00c04fd7ba7c}	2	2	Thread_End_V2(UInt32 ProcessId, UInt32 TThreadId, UInt32 StackBase, UInt32 StackLimit, UInt32 UserStackBase, UInt32 UserStackLimit, UInt32 StartAddr, UInt32 Win32StartAddr, UInt32 TebBase, UInt32 SubProcessTag)	End	Thread Create/Exit Event
Windows Kernel Trace	{3d6fa8d1-fe05-11d0-9dda-00c04fd7ba7c}	2	3	Thread_End_V3(UInt32 ProcessId, UInt32 TThreadId, UInt32 StackBase, UInt32 StackLimit, UInt32 UserStackBase, UInt32 UserStackLimit, UInt32 Affinity, UInt32 Win32StartAddr, UInt32 TebBase, UInt32 SubProcessTag, UInt8 BasePriority, UInt8 PagePriority, UInt8 IoPriority, UInt8 ThreadFlags)	End	Thread Create/Exit Event
Windows Kernel Trace	{3d6fa8d1-fe05-11d0-9dda-00c04fd7ba7c}	2	4	Thread_End_V4(UInt32 ProcessId, UInt32 TThreadId, UInt32 StackBase, UInt32 StackLimit, UInt32 UserStackBase, UInt32 UserStackLimit, UInt32 Affinity, UInt32 Win32StartAddr, UInt32 TebBase, UInt32 SubProcessTag, UInt8 BasePriority, UInt8 PagePriority, UInt8 IoPriority, UInt8 ThreadFlags, String ThreadName)	End	Thread Create/Exit Event
Windows Kernel Trace	{3d6fa8d1-fe05-11d0-9dda-00c04fd7ba7c}	3	0	Thread_DCStart(UInt32 TThreadId, UInt32 ProcessId)	DCStart	Thread Create/Exit Event
Windows Kernel Trace	{3d6fa8d1-fe05-11d0-9dda-00c04fd7ba7c}	3	1	Thread_DCStart_V1(UInt32 ProcessId, UInt32 TThreadId, UInt32 StackBase, UInt32 StackLimit, UInt32 UserStackBase, UInt32 UserStackLimit, UInt32 StartAddr, UInt32 Win32StartAddr, SInt8 WaitMode)	DCStart	Thread Create/Exit Event
Windows Kernel Trace	{3d6fa8d1-fe05-11d0-9dda-00c04fd7ba7c}	3	2	Thread_DCStart_V2(UInt32 ProcessId, UInt32 TThreadId, UInt32 StackBase, UInt32 StackLimit, UInt32 UserStackBase, UInt32 UserStackLimit, UInt32 StartAddr, UInt32 Win32StartAddr, UInt32 TebBase, UInt32 SubProcessTag)	DCStart	Thread Create/Exit Event
Windows Kernel Trace	{3d6fa8d1-fe05-11d0-9dda-00c04fd7ba7c}	3	3	Thread_DCStart_V3(UInt32 ProcessId, UInt32 TThreadId, UInt32 StackBase, UInt32 StackLimit, UInt32 UserStackBase, UInt32 UserStackLimit, UInt32 Affinity, UInt32 Win32StartAddr, UInt32 TebBase, UInt32 SubProcessTag, UInt8 BasePriority, UInt8 PagePriority, UInt8 IoPriority, UInt8 ThreadFlags)	DCStart	Thread Create/Exit Event
Windows Kernel Trace	{3d6fa8d1-fe05-11d0-9dda-00c04fd7ba7c}	3	4	Thread_DCStart_V4(UInt32 ProcessId, UInt32 TThreadId, UInt32 StackBase, UInt32 StackLimit, UInt32 UserStackBase, UInt32 UserStackLimit, UInt32 Affinity, UInt32 Win32StartAddr, UInt32 TebBase, UInt32 SubProcessTag, UInt8 BasePriority, UInt8 PagePriority, UInt8 IoPriority, UInt8 ThreadFlags, String ThreadName)	DCStart	Thread Create/Exit Event
Windows Kernel Trace	{3d6fa8d1-fe05-11d0-9dda-00c04fd7ba7c}	4	0	Thread_DCEnd(UInt32 TThreadId, UInt32 ProcessId)	DCEnd	Thread Create/Exit Event
Windows Kernel Trace	{3d6fa8d1-fe05-11d0-9dda-00c04fd7ba7c}	4	1	Thread_DCEnd_V1(UInt32 ProcessId, UInt32 TThreadId, UInt32 StackBase, UInt32 StackLimit, UInt32 UserStackBase, UInt32 UserStackLimit, UInt32 StartAddr, UInt32 Win32StartAddr, SInt8 WaitMode)	DCEnd	Thread Create/Exit Event
Windows Kernel Trace	{3d6fa8d1-fe05-11d0-9dda-00c04fd7ba7c}	4	2	Thread_DCEnd_V2(UInt32 ProcessId, UInt32 TThreadId, UInt32 StackBase, UInt32 StackLimit, UInt32 UserStackBase, UInt32 UserStackLimit, UInt32 StartAddr, UInt32 Win32StartAddr, UInt32 TebBase, UInt32 SubProcessTag)	DCEnd	Thread Create/Exit Event
Windows Kernel Trace	{3d6fa8d1-fe05-11d0-9dda-00c04fd7ba7c}	4	3	Thread_DCEnd_V3(UInt32 ProcessId, UInt32 TThreadId, UInt32 StackBase, UInt32 StackLimit, UInt32 UserStackBase, UInt32 UserStackLimit, UInt32 Affinity, UInt32 Win32StartAddr, UInt32 TebBase, UInt32 SubProcessTag, UInt8 BasePriority, UInt8 PagePriority, UInt8 IoPriority, UInt8 ThreadFlags)	DCEnd	Thread Create/Exit Event
Windows Kernel Trace	{3d6fa8d1-fe05-11d0-9dda-00c04fd7ba7c}	4	4	Thread_DCEnd_V4(UInt32 ProcessId, UInt32 TThreadId, UInt32 StackBase, UInt32 StackLimit, UInt32 UserStackBase, UInt32 UserStackLimit, UInt32 Affinity, UInt32 Win32StartAddr, UInt32 TebBase, UInt32 SubProcessTag, UInt8 BasePriority, UInt8 PagePriority, UInt8 IoPriority, UInt8 ThreadFlags, String ThreadName)	DCEnd	Thread Create/Exit Event
Windows Kernel Trace	{3d6fa8d1-fe05-11d0-9dda-00c04fd7ba7c}	36	1	Thread_CSwitch_V1(UInt32 NewThreadId, UInt32 OldThreadId, SInt8 NewThreadPriority, SInt8 OldThreadPriority, SInt8 NewThreadQuantum, SInt8 OldThreadQuantum, SInt8 OldThreadWaitReason, SInt8 OldThreadWaitMode, SInt8 OldThreadState, SInt8 OldThreadWaitIdealProcessor)	CSwitch	Context Switch Event
Windows Kernel Trace	{3d6fa8d1-fe05-11d0-9dda-00c04fd7ba7c}	36	2	Thread_CSwitch_V2(UInt32 NewThreadId, UInt32 OldThreadId, SInt8 NewThreadPriority, SInt8 OldThreadPriority, UInt8 PreviousCState, SInt8 SpareByte, SInt8 OldThreadWaitReason, SInt8 OldThreadWaitMode, SInt8 OldThreadState, SInt8 OldThreadWaitIdealProcessor, UInt32 NewThreadWaitTime, UInt32 Reserved)	CSwitch	Context Switch Event
Windows Kernel Trace	{3d6fa8d1-fe05-11d0-9dda-00c04fd7ba7c}	36	3	Thread_CSwitch_V3(UInt32 NewThreadId, UInt32 OldThreadId, SInt8 NewThreadPriority, SInt8 OldThreadPriority, UInt8 PreviousCState, SInt8 SpareByte, SInt8 OldThreadWaitReason, SInt8 ThreadFlags, SInt8 OldThreadState, SInt8 OldThreadWaitIdealProcessor, UInt32 NewThreadWaitTime, UInt32 Reserved)	CSwitch	Context Switch Event
Windows Kernel Trace	{3d6fa8d1-fe05-11d0-9dda-00c04fd7ba7c}	36	4	Thread_CSwitch_V4(UInt32 NewThreadId, UInt32 OldThreadId, SInt8 NewThreadPriority, SInt8 OldThreadPriority, UInt8 PreviousCState, SInt8 SpareByte, SInt8 OldThreadWaitReason, SInt8 ThreadFlags, SInt8 OldThreadState, SInt8 OldThreadWaitIdealProcessor, UInt32 NewThreadWaitTime, UInt32 Reserved)	CSwitch	Context Switch Event
Windows Kernel Trace	{3d6fa8d1-fe05-11d0-9dda-00c04fd7ba7c}	37	2	Thread_CompCS_V2()	CompCS	Compressed CS Event
Windows Kernel Trace	{3d6fa8d1-fe05-11d0-9dda-00c04fd7ba7c}	41	2	Thread_SpinLock_V2(UInt32 SpinLockAddress, UInt32 CallerAddress, UInt64 AcquireTime, UInt64 ReleaseTime, UInt32 WaitTimeInCycles, UInt32 SpinCount, UInt32 ThreadId, UInt32 InterruptCount, UInt8 Irql, UInt8 AcquireDepth, UInt8 Flag, UInt8 Reserved)	SpinLock	Spinlock Release Event
Windows Kernel Trace	{3d6fa8d1-fe05-11d0-9dda-00c04fd7ba7c}	48	3	Thread_SetPriority_V3(UInt32 ThreadId, UInt8 OldPriority, UInt8 NewPriority, UInt16 Reserved)	SetPriority	Priority Change Event
Windows Kernel Trace	{3d6fa8d1-fe05-11d0-9dda-00c04fd7ba7c}	49	3	Thread_SetBasePriority_V3(UInt32 ThreadId, UInt8 OldPriority, UInt8 NewPriority, UInt16 Reserved)	SetBasePriority	Priority Change Event
Windows Kernel Trace	{3d6fa8d1-fe05-11d0-9dda-00c04fd7ba7c}	50	2	Thread_ReadyThread_V2(UInt32 TThreadId, SInt8 AdjustReason, SInt8 AdjustIncrement, SInt8 Flag, SInt8 Reserved)	ReadyThread	Ready Thread Event
Windows Kernel Trace	{3d6fa8d1-fe05-11d0-9dda-00c04fd7ba7c}	51	3	Thread_SetPagePriority_V3(UInt32 ThreadId, UInt8 OldPriority, UInt8 NewPriority, UInt16 Reserved)	SetPagePriority	Priority Change Event
Windows Kernel Trace	{3d6fa8d1-fe05-11d0-9dda-00c04fd7ba7c}	52	3	Thread_SetIoPriority_V3(UInt32 ThreadId, UInt8 OldPriority, UInt8 NewPriority, UInt16 Reserved)	SetIoPriority	Priority Change Event
Windows Kernel Trace	{3d6fa8d1-fe05-11d0-9dda-00c04fd7ba7c}	53	2	Thread_ThreadAffinity_V2(UInt32 Affinity, UInt32 ThreadId, UInt16 Group, UInt16 Reserved)	ThreadAffinity	Thread Affinity Event
Windows Kernel Trace	{3d6fa8d1-fe05-11d0-9dda-00c04fd7ba7c}	57	1	Thread_WorkerThread_V1(UInt32 TThreadId, UInt64 StartTime, UInt32 ThreadRoutine)	WorkerThread	Worker Thread Event
Windows Kernel Trace	{3d6fa8d1-fe05-11d0-9dda-00c04fd7ba7c}	57	2	Thread_WorkerThread_V2(UInt32 TThreadId, UInt64 StartTime, UInt32 ThreadRoutine)	WorkerThread	Worker Thread Event
Windows Kernel Trace	{3d6fa8d1-fe05-11d0-9dda-00c04fd7ba7c}	60	2	Thread_AntiStarvationBoost_V2(UInt32 ThreadId, UInt16 ProcessorIndex, UInt8 Priority, UInt8 Reserved)	AntiStarvationBoost	Anti Starvation Boost Event
Windows Kernel Trace	{3d6fa8d1-fe05-11d0-9dda-00c04fd7ba7c}	61	2	Thread_Thread Migration_V2(UInt32 ThreadId, UInt16 SourceProcessorIndex, UInt16 TargetProcessorIndex, UInt8 Priority, Boolean IdealProcessorAdjust, UInt16 OldIdealProcessorIndex)	Thread Migration	Thread Migration Event
Windows Kernel Trace	{3d6fa8d1-fe05-11d0-9dda-00c04fd7ba7c}	62	2	Thread_Kernel Queue Enqueue_V2(UInt32 Entry, UInt32 ThreadId)	Kernel Queue Enqueue	Kernel Queue Enqueue Event
Windows Kernel Trace	{3d6fa8d1-fe05-11d0-9dda-00c04fd7ba7c}	63	2	Thread_Kernel Queue Dequeue_V2(UInt32 ThreadId, UInt32 EntryCount, UInt32 Entries)	Kernel Queue Dequeue	Kernel Queue Dequeue Event
Windows Kernel Trace	{3d6fa8d1-fe05-11d0-9dda-00c04fd7ba7c}	64	2	Thread_Start_V2(UInt32 CallbackRoutine)	Start	Worker Thread Start/Stop Event
Windows Kernel Trace	{3d6fa8d1-fe05-11d0-9dda-00c04fd7ba7c}	65	2	Thread_End_V2(UInt32 CallbackRoutine)	End	Worker Thread Start/Stop Event
Windows Kernel Trace	{3d6fa8d1-fe05-11d0-9dda-00c04fd7ba7c}	66	2	Thread_AutoBoost Set Floor_V2(UInt32 Lock, UInt32 ThreadId, UInt8 NewCpuPriorityFloor, UInt8 OldCpuPriority, UInt8 IoPriorities, UInt8 BoostFlags)	AutoBoost Set Floor	AutoBoost Set Floor Event
Windows Kernel Trace	{3d6fa8d1-fe05-11d0-9dda-00c04fd7ba7c}	67	2	Thread_AutoBoost Clear Floor_V2(UInt32 LockAddress, UInt32 ThreadId, UInt32 BoostBitmap)	AutoBoost Clear Floor	AutoBoost Clear Floor Event
Windows Kernel Trace	{3d6fa8d1-fe05-11d0-9dda-00c04fd7ba7c}	68	2	Thread_AutoBoost Entry Exhaustion_V2(UInt32 LockAddress, UInt32 ThreadId)	AutoBoost Entry Exhaustion	AutoBoost Entry Exhaustion Event
Windows Kernel Trace	{3d6fa8d1-fe05-11d0-9dda-00c04fd7ba7c}	69	2	Thread_SubProcessTag Changed_V2(UInt32 OldTag, UInt32 NewTag)	SubProcessTag Changed	Thread SubProcessTag Changed
Windows Kernel Trace	{3d6fa8d1-fe05-11d0-9dda-00c04fd7ba7c}	72	2	Thread_SetName_V2(UInt32 ProcessId, UInt32 ThreadId, String ThreadName)	SetName	Thread Set Name Event
Windows Kernel Trace	{3d6fa8d3-fe05-11d0-9dda-00c04fd7ba7c}	10	2	PageFault_TransitionFault_V2(UInt32 VirtualAddress, UInt32 ProgramCounter)	TransitionFault	Page Fault Event
Windows Kernel Trace	{3d6fa8d3-fe05-11d0-9dda-00c04fd7ba7c}	11	2	PageFault_DemandZeroFault_V2(UInt32 VirtualAddress, UInt32 ProgramCounter)	DemandZeroFault	Page Fault Event
Windows Kernel Trace	{3d6fa8d3-fe05-11d0-9dda-00c04fd7ba7c}	12	2	PageFault_CopyOnWrite_V2(UInt32 VirtualAddress, UInt32 ProgramCounter)	CopyOnWrite	Page Fault Event
Windows Kernel Trace	{3d6fa8d3-fe05-11d0-9dda-00c04fd7ba7c}	13	2	PageFault_GuardPageFault_V2(UInt32 VirtualAddress, UInt32 ProgramCounter)	GuardPageFault	Page Fault Event
Windows Kernel Trace	{3d6fa8d3-fe05-11d0-9dda-00c04fd7ba7c}	14	2	PageFault_HardPageFault_V2(UInt32 VirtualAddress, UInt32 ProgramCounter)	HardPageFault	Page Fault Event
Windows Kernel Trace	{3d6fa8d3-fe05-11d0-9dda-00c04fd7ba7c}	15	2	PageFault_AccessViolation_V2(UInt32 VirtualAddress, UInt32 ProgramCounter)	AccessViolation	Page Fault Event
Windows Kernel Trace	{3d6fa8d3-fe05-11d0-9dda-00c04fd7ba7c}	32	2	PageFault_HardFault_V2(Object InitialTime, UInt64 ReadOffset, UInt32 VirtualAddress, UInt32 FileObject, UInt32 TThreadId, UInt32 ByteCount)	HardFault	Hard Page Fault Event
Windows Kernel Trace	{3d6fa8d3-fe05-11d0-9dda-00c04fd7ba7c}	98	2	PageFault_VirtualAlloc_V2(UInt32 BaseAddress, Object RegionSize, UInt32 ProcessId, UInt32 Flags)	VirtualAlloc	Virtual Allocations
Windows Kernel Trace	{3d6fa8d3-fe05-11d0-9dda-00c04fd7ba7c}	99	2	PageFault_VirtualFree_V2(UInt32 BaseAddress, Object RegionSize, UInt32 ProcessId, UInt32 Flags)	VirtualFree	Virtual Allocations
Windows Kernel Trace	{3d6fa8d3-fe05-11d0-9dda-00c04fd7ba7c}	100	2	PageFault_HRRundown_V2(UInt32 HeapHandle, UInt32 HRFlags, UInt32 HRPid, UInt32 HRRangeCount)	HRRundown	Heap Range Rundown Event
Windows Kernel Trace	{3d6fa8d3-fe05-11d0-9dda-00c04fd7ba7c}	100	3	PageFault_HRRundown_V3(UInt32 HeapHandle, UInt32 HRFlags, UInt32 HRPid, UInt32 HRRangeCount, UInt32 Reserved)	HRRundown	Heap Range Rundown Event
Windows Kernel Trace	{3d6fa8d3-fe05-11d0-9dda-00c04fd7ba7c}	100	4	PageFault_HRRundown_V4(UInt32 HeapHandle, UInt32 HRFlags, UInt32 HRPid, UInt32 HRRangeCount, UInt64 HRHeapTag)	HRRundown	Heap Range Rundown Event
Windows Kernel Trace	{3d6fa8d3-fe05-11d0-9dda-00c04fd7ba7c}	101	2	PageFault_HRCreate_V2(UInt32 HeapHandle, Object FirstRangeSize, UInt32 HRCreateFlags)	HRCreate	Heap Range Create Event
Windows Kernel Trace	{3d6fa8d3-fe05-11d0-9dda-00c04fd7ba7c}	102	2	PageFault_HRReserve_V2(UInt32 HeapHandle, UInt32 HRAddress, Object HRSize)	HRReserve	Heap Range Event
Windows Kernel Trace	{3d6fa8d3-fe05-11d0-9dda-00c04fd7ba7c}	103	2	PageFault_HRRelease_V2(UInt32 HeapHandle, UInt32 HRAddress, Object HRSize)	HRRelease	Heap Range Event
Windows Kernel Trace	{3d6fa8d3-fe05-11d0-9dda-00c04fd7ba7c}	104	2	PageFault_HRDestroy_V2(UInt32 HeapHandle)	HRDestroy	Heap Range Destroy Event
Windows Kernel Trace	{3d6fa8d3-fe05-11d0-9dda-00c04fd7ba7c}	105	2	PageFault_ImageLoadBacked_V2(UInt32 FileObject, UInt32 DeviceChar, UInt16 FileChar, UInt16 LoadFlags)	ImageLoadBacked	Image Load in PageFile Event
Windows Kernel Trace	{3d6fa8d3-fe05-11d0-9dda-00c04fd7ba7c}	127	2	PageFault_VirtualRotate_V2(UInt32 BaseAddress, Object SizeInBytes, UInt32 Flags)	VirtualRotate	Virtual Rotate
Windows Kernel Trace	{3d6fa8d3-fe05-11d0-9dda-00c04fd7ba7c}	128	2	PageFault_VirtualAllocDCStart_V2(UInt32 BaseAddress, Object RegionSize, UInt32 ProcessId, UInt32 Flags, Object CommitSizeInBytes)	VirtualAllocDCStart	Virtual Allocations Rundown
Windows Kernel Trace	{3d6fa8d3-fe05-11d0-9dda-00c04fd7ba7c}	129	2	PageFault_VirtualAllocDCEnd_V2(UInt32 BaseAddress, Object RegionSize, UInt32 ProcessId, UInt32 Flags, Object CommitSizeInBytes)	VirtualAllocDCEnd	Virtual Allocations Rundown
Windows Kernel Trace	{3d6fa8d3-fe05-11d0-9dda-00c04fd7ba7c}	134	2	PageFault_MemResetInfo_V2(UInt32 BaseAddress, Object SizeInBytes, UInt32 Flags)	MemResetInfo	MemReset Info
Windows Kernel Trace	{3d6fa8d4-fe05-11d0-9dda-00c04fd7ba7c}	10	0	DiskIo_Read(UInt32 DiskNumber, UInt32 IrpFlags, UInt32 TransferSize, UInt32 Reserved, UInt64 ByteOffset, UInt32 FileObject)	Read	I/O Read/Write Event
Windows Kernel Trace	{3d6fa8d4-fe05-11d0-9dda-00c04fd7ba7c}	10	1	DiskIo_Read_V1(UInt32 DiskNumber, UInt32 IrpFlags, UInt32 TransferSize, UInt32 ResponseTime, UInt64 ByteOffset, UInt32 FileObject, UInt64 HighResResponseTime)	Read	I/O Read/Write Event
Windows Kernel Trace	{3d6fa8d4-fe05-11d0-9dda-00c04fd7ba7c}	10	2	DiskIo_Read_V2(UInt32 DiskNumber, UInt32 IrpFlags, UInt32 TransferSize, UInt32 Reserved, UInt64 ByteOffset, UInt32 FileObject, UInt32 Irp, UInt64 HighResResponseTime)	Read	I/O Read/Write Event
Windows Kernel Trace	{3d6fa8d4-fe05-11d0-9dda-00c04fd7ba7c}	10	3	DiskIo_Read_V3(UInt32 DiskNumber, UInt32 IrpFlags, UInt32 TransferSize, UInt32 Reserved, UInt64 ByteOffset, UInt32 FileObject, UInt32 Irp, UInt64 HighResResponseTime, UInt32 IssuingThreadId)	Read	I/O Read/Write Event
Windows Kernel Trace	{3d6fa8d4-fe05-11d0-9dda-00c04fd7ba7c}	11	0	DiskIo_Write(UInt32 DiskNumber, UInt32 IrpFlags, UInt32 TransferSize, UInt32 Reserved, UInt64 ByteOffset, UInt32 FileObject)	Write	I/O Read/Write Event
Windows Kernel Trace	{3d6fa8d4-fe05-11d0-9dda-00c04fd7ba7c}	11	1	DiskIo_Write_V1(UInt32 DiskNumber, UInt32 IrpFlags, UInt32 TransferSize, UInt32 ResponseTime, UInt64 ByteOffset, UInt32 FileObject, UInt64 HighResResponseTime)	Write	I/O Read/Write Event
Windows Kernel Trace	{3d6fa8d4-fe05-11d0-9dda-00c04fd7ba7c}	11	2	DiskIo_Write_V2(UInt32 DiskNumber, UInt32 IrpFlags, UInt32 TransferSize, UInt32 Reserved, UInt64 ByteOffset, UInt32 FileObject, UInt32 Irp, UInt64 HighResResponseTime)	Write	I/O Read/Write Event
Windows Kernel Trace	{3d6fa8d4-fe05-11d0-9dda-00c04fd7ba7c}	11	3	DiskIo_Write_V3(UInt32 DiskNumber, UInt32 IrpFlags, UInt32 TransferSize, UInt32 Reserved, UInt64 ByteOffset, UInt32 FileObject, UInt32 Irp, UInt64 HighResResponseTime, UInt32 IssuingThreadId)	Write	I/O Read/Write Event
Windows Kernel Trace	{3d6fa8d4-fe05-11d0-9dda-00c04fd7ba7c}	12	2	DiskIo_ReadInit_V2(UInt32 Irp)	ReadInit	I/O Read/Write/Flush Start Event
Windows Kernel Trace	{3d6fa8d4-fe05-11d0-9dda-00c04fd7ba7c}	12	3	DiskIo_ReadInit_V3(UInt32 Irp, UInt32 IssuingThreadId)	ReadInit	I/O Read/Write/Flush Start Event
Windows Kernel Trace	{3d6fa8d4-fe05-11d0-9dda-00c04fd7ba7c}	13	2	DiskIo_WriteInit_V2(UInt32 Irp)	WriteInit	I/O Read/Write/Flush Start Event
Windows Kernel Trace	{3d6fa8d4-fe05-11d0-9dda-00c04fd7ba7c}	13	3	DiskIo_WriteInit_V3(UInt32 Irp, UInt32 IssuingThreadId)	WriteInit	I/O Read/Write/Flush Start Event
Windows Kernel Trace	{3d6fa8d4-fe05-11d0-9dda-00c04fd7ba7c}	14	2	DiskIo_FlushBuffers_V2(UInt32 DiskNumber, UInt32 IrpFlags, UInt64 HighResResponseTime, UInt32 Irp)	FlushBuffers	I/O Flush Buffers Event
Windows Kernel Trace	{3d6fa8d4-fe05-11d0-9dda-00c04fd7ba7c}	14	3	DiskIo_FlushBuffers_V3(UInt32 DiskNumber, UInt32 IrpFlags, UInt64 HighResResponseTime, UInt32 Irp, UInt32 IssuingThreadId)	FlushBuffers	I/O Flush Buffers Event
Windows Kernel Trace	{3d6fa8d4-fe05-11d0-9dda-00c04fd7ba7c}	15	2	DiskIo_FlushInit_V2(UInt32 Irp)	FlushInit	I/O Read/Write/Flush Start Event
Windows Kernel Trace	{3d6fa8d4-fe05-11d0-9dda-00c04fd7ba7c}	15	3	DiskIo_FlushInit_V3(UInt32 Irp, UInt32 IssuingThreadId)	FlushInit	I/O Read/Write/Flush Start Event
Windows Kernel Trace	{3d6fa8d4-fe05-11d0-9dda-00c04fd7ba7c}	34	1	DiskIo_DrvMjFnCall_V1(UInt32 UniqMatchId, UInt32 RoutineAddr, UInt32 Irp, UInt32 MajorFunction, UInt32 MinorFunction, UInt32 FileObject)	DrvMjFnCall	Driver Major Function Call
Windows Kernel Trace	{3d6fa8d4-fe05-11d0-9dda-00c04fd7ba7c}	34	2	DiskIo_DrvMjFnCall_V2(UInt32 MajorFunction, UInt32 MinorFunction, UInt32 RoutineAddr, UInt32 FileObject, UInt32 Irp, UInt32 UniqMatchId)	DrvMjFnCall	Driver Major Function Call
Windows Kernel Trace	{3d6fa8d4-fe05-11d0-9dda-00c04fd7ba7c}	35	1	DiskIo_DrvMjFnRet_V1(UInt32 UniqMatchId, UInt32 Irp)	DrvMjFnRet	Driver Major Function Return
Windows Kernel Trace	{3d6fa8d4-fe05-11d0-9dda-00c04fd7ba7c}	35	2	DiskIo_DrvMjFnRet_V2(UInt32 Irp, UInt32 UniqMatchId)	DrvMjFnRet	Driver Major Function Return
Windows Kernel Trace	{3d6fa8d4-fe05-11d0-9dda-00c04fd7ba7c}	37	2	DiskIo_DrvComplRout_V2(UInt32 Routine, UInt32 IrpPtr, UInt32 UniqMatchId)	DrvComplRout	Driver Completion Routine
Windows Kernel Trace	{3d6fa8d4-fe05-11d0-9dda-00c04fd7ba7c}	52	1	DiskIo_DrvComplReq_V1(UInt32 RoutineAddr, UInt32 Irp, UInt32 UniqMatchId)	DrvComplReq	Driver Complete Request
Windows Kernel Trace	{3d6fa8d4-fe05-11d0-9dda-00c04fd7ba7c}	52	2	DiskIo_DrvComplReq_V2(UInt32 RoutineAddr, UInt32 Irp, UInt32 UniqMatchId)	DrvComplReq	Driver Complete Request
Windows Kernel Trace	{3d6fa8d4-fe05-11d0-9dda-00c04fd7ba7c}	53	1	DiskIo_DrvComplReqRet_V1(UInt32 Irp, UInt32 UniqMatchId)	DrvComplReqRet	Driver Delay Complete Request Return
Windows Kernel Trace	{3d6fa8d4-fe05-11d0-9dda-00c04fd7ba7c}	53	2	DiskIo_DrvComplReqRet_V2(UInt32 Irp, UInt32 UniqMatchId)	DrvComplReqRet	Driver Delay Complete Request Return
Windows Kernel Trace	{3d6fa8d4-fe05-11d0-9dda-00c04fd7ba7c}	55	3	DiskIo_OpticalRead_V3(UInt32 DiskNumber, UInt32 IrpFlags, UInt32 TransferSize, UInt32 Reserved, UInt64 ByteOffset, UInt32 FileObject, UInt32 Irp, UInt64 HighResResponseTime, UInt32 IssuingThreadId)	OpticalRead	I/O Read/Write Event
Windows Kernel Trace	{3d6fa8d4-fe05-11d0-9dda-00c04fd7ba7c}	56	3	DiskIo_OpticalWrite_V3(UInt32 DiskNumber, UInt32 IrpFlags, UInt32 TransferSize, UInt32 Reserved, UInt64 ByteOffset, UInt32 FileObject, UInt32 Irp, UInt64 HighResResponseTime, UInt32 IssuingThreadId)	OpticalWrite	I/O Read/Write Event
Windows Kernel Trace	{3d6fa8d4-fe05-11d0-9dda-00c04fd7ba7c}	57	3	DiskIo_OpticalFlushBuffers_V3(UInt32 DiskNumber, UInt32 IrpFlags, UInt64 HighResResponseTime, UInt32 Irp, UInt32 IssuingThreadId)	OpticalFlushBuffers	I/O Flush Buffers Event
Windows Kernel Trace	{3d6fa8d4-fe05-11d0-9dda-00c04fd7ba7c}	58	3	DiskIo_OpticalReadInit_V3(UInt32 Irp, UInt32 IssuingThreadId)	OpticalReadInit	I/O Read/Write/Flush Start Event
Windows Kernel Trace	{3d6fa8d4-fe05-11d0-9dda-00c04fd7ba7c}	59	3	DiskIo_OpticalWriteInit_V3(UInt32 Irp, UInt32 IssuingThreadId)	OpticalWriteInit	I/O Read/Write/Flush Start Event
Windows Kernel Trace	{3d6fa8d4-fe05-11d0-9dda-00c04fd7ba7c}	60	3	DiskIo_OpticalFlushInit_V3(UInt32 Irp, UInt32 IssuingThreadId)	OpticalFlushInit	I/O Read/Write/Flush Start Event
Windows Kernel Trace	{45d8cccd-539f-4b72-a8b7-5c683142609a}	33	2	ALPC_ALPC-Send-Message_V2(UInt32 MessageID)	ALPC-Send-Message	ALPC Send Message
Windows Kernel Trace	{45d8cccd-539f-4b72-a8b7-5c683142609a}	34	2	ALPC_ALPC-Receive-Message_V2(UInt32 MessageID)	ALPC-Receive-Message	ALPC Receive Message
Windows Kernel Trace	{45d8cccd-539f-4b72-a8b7-5c683142609a}	35	2	ALPC_ALPC-Wait-For-Reply_V2(UInt32 MessageID)	ALPC-Wait-For-Reply	ALPC Wait For Reply
Windows Kernel Trace	{45d8cccd-539f-4b72-a8b7-5c683142609a}	36	2	ALPC_ALPC-Wait-For-New-Message_V2(UInt32 IsServerPort, String PortName)	ALPC-Wait-For-New-Message	ALPC Wait For New Message
Windows Kernel Trace	{45d8cccd-539f-4b72-a8b7-5c683142609a}	37	2	ALPC_ALPC-Unwait_V2(UInt32 Status)	ALPC-Unwait	ALPC Unwait
Windows Kernel Trace	{68fdd900-4a3e-11d1-84f4-0000f80464e3}	0	0	EventTrace_Header(UInt32 BufferSize, UInt32 Version, UInt32 ProviderVersion, UInt32 NumberOfProcessors, UInt64 EndTime, UInt32 TimerResolution, UInt32 MaxFileSize, UInt32 LogFileMode, UInt32 BuffersWritten, UInt32 StartBuffers, UInt32 PointerSize, UInt32 EventsLost, UInt32 CPUSpeed, UInt32 LoggerName, UInt32 LogFileName, UInt8 TimeZoneInformation, UInt64 BootTime, UInt64 PerfFreq, UInt64 StartTime, UInt32 ReservedFlags, UInt32 BuffersLost, String SessionNameString, String LogFileNameString)	Header	Event Trace Event
Windows Kernel Trace	{68fdd900-4a3e-11d1-84f4-0000f80464e3}	0	1	EventTrace_Header_V1(UInt32 BufferSize, UInt32 Version, UInt32 ProviderVersion, UInt32 NumberOfProcessors, UInt64 EndTime, UInt32 TimerResolution, UInt32 MaxFileSize, UInt32 LogFileMode, UInt32 BuffersWritten, UInt32 StartBuffers, UInt32 PointerSize, UInt32 EventsLost, UInt32 CPUSpeed, UInt32 LoggerName, UInt32 LogFileName, UInt8 TimeZoneInformation, UInt64 BootTime, UInt64 PerfFreq, UInt64 StartTime, UInt32 ReservedFlags, UInt32 BuffersLost, String SessionNameString, String LogFileNameString)	Header	Event Trace Event
Windows Kernel Trace	{68fdd900-4a3e-11d1-84f4-0000f80464e3}	0	2	EventTrace_Header_V2(UInt32 BufferSize, UInt32 Version, UInt32 ProviderVersion, UInt32 NumberOfProcessors, UInt64 EndTime, UInt32 TimerResolution, UInt32 MaxFileSize, UInt32 LogFileMode, UInt32 BuffersWritten, UInt32 StartBuffers, UInt32 PointerSize, UInt32 EventsLost, UInt32 CPUSpeed, UInt32 LoggerName, UInt32 LogFileName, UInt8 TimeZoneInformation, UInt64 BootTime, UInt64 PerfFreq, UInt64 StartTime, UInt32 ReservedFlags, UInt32 BuffersLost, String SessionNameString, String LogFileNameString)	Header	Event Trace Event
Windows Kernel Trace	{68fdd900-4a3e-11d1-84f4-0000f80464e3}	5	0	EventTrace_Extension(UInt32 GroupMask1, UInt32 GroupMask2, UInt32 GroupMask3, UInt32 GroupMask4, UInt32 GroupMask5, UInt32 GroupMask6, UInt32 GroupMask7, UInt32 GroupMask8)	Extension	Event Trace Header Extension
Windows Kernel Trace	{68fdd900-4a3e-11d1-84f4-0000f80464e3}	5	1	EventTrace_Extension_V1(UInt32 GroupMask1, UInt32 GroupMask2, UInt32 GroupMask3, UInt32 GroupMask4, UInt32 GroupMask5, UInt32 GroupMask6, UInt32 GroupMask7, UInt32 GroupMask8)	Extension	Event Trace Header Extension
Windows Kernel Trace	{68fdd900-4a3e-11d1-84f4-0000f80464e3}	5	2	EventTrace_Extension_V2(UInt32 GroupMask1, UInt32 GroupMask2, UInt32 GroupMask3, UInt32 GroupMask4, UInt32 GroupMask5, UInt32 GroupMask6, UInt32 GroupMask7, UInt32 GroupMask8, UInt32 KernelEventVersion)	Extension	Event Trace Header Extension
Windows Kernel Trace	{68fdd900-4a3e-11d1-84f4-0000f80464e3}	8	0	EventTrace_RDComplete()	RDComplete	Event Trace Rundown Complete
Windows Kernel Trace	{68fdd900-4a3e-11d1-84f4-0000f80464e3}	8	1	EventTrace_RDComplete_V1()	RDComplete	Event Trace Rundown Complete
Windows Kernel Trace	{68fdd900-4a3e-11d1-84f4-0000f80464e3}	8	2	EventTrace_RDComplete_V2()	RDComplete	Event Trace Rundown Complete
Windows Kernel Trace	{68fdd900-4a3e-11d1-84f4-0000f80464e3}	32	0	EventTrace_EndExtension(UInt32 GroupMask1, UInt32 GroupMask2, UInt32 GroupMask3, UInt32 GroupMask4, UInt32 GroupMask5, UInt32 GroupMask6, UInt32 GroupMask7, UInt32 GroupMask8)	EndExtension	Event Trace Header Extension
Windows Kernel Trace	{68fdd900-4a3e-11d1-84f4-0000f80464e3}	32	1	EventTrace_EndExtension_V1(UInt32 GroupMask1, UInt32 GroupMask2, UInt32 GroupMask3, UInt32 GroupMask4, UInt32 GroupMask5, UInt32 GroupMask6, UInt32 GroupMask7, UInt32 GroupMask8)	EndExtension	Event Trace Header Extension
Windows Kernel Trace	{68fdd900-4a3e-11d1-84f4-0000f80464e3}	32	2	EventTrace_EndExtension_V2(UInt32 GroupMask1, UInt32 GroupMask2, UInt32 GroupMask3, UInt32 GroupMask4, UInt32 GroupMask5, UInt32 GroupMask6, UInt32 GroupMask7, UInt32 GroupMask8, UInt32 KernelEventVersion)	EndExtension	Event Trace Header Extension
Windows Kernel Trace	{68fdd900-4a3e-11d1-84f4-0000f80464e3}	64	2	EventTrace_DbgIdRSDS_V2(Object Guid, UInt32 Age, String PdbName)	DbgIdRSDS	DebugId
Windows Kernel Trace	{68fdd900-4a3e-11d1-84f4-0000f80464e3}	66	2	EventTrace_BuildInfo_V2(String BuildString)	BuildInfo	Build Information
Windows Kernel Trace	{68fdd900-4a3e-11d1-84f4-0000f80464e3}	67	2	EventTrace_ProviderBinaryPath_V2(UInt32 GuidCount, Object Guid, String BinaryPath)	ProviderBinaryPath	Provider Binary Path
Windows Kernel Trace	{68fdd900-4a3e-11d1-84f4-0000f80464e3}	80	0	EventTrace_PartitionInfoExtension(UInt16 EventVersion, UInt16 Reserved, UInt32 PartitionType, SInt64 QpcOffsetFromRoot, Object PartitionId, Object ParentId)	PartitionInfoExtension	Partition Info Extension
Windows Kernel Trace	{68fdd900-4a3e-11d1-84f4-0000f80464e3}	80	2	EventTrace_PartitionInfoExtensionV2_V2(UInt16 EventVersion, UInt16 Reserved, UInt32 PartitionType, SInt64 QpcOffsetFromRoot, String PartitionId, String ParentId)	PartitionInfoExtensionV2	Partition Info Extension V2
Windows Kernel Trace	{68fdd900-4a3e-11d1-84f4-0000f80464e3}	82	2	EventTrace_LastDroppedTimes_V2(UInt32 TimeStampCount, UInt32 Padding, UInt64 TimeStamp)	LastDroppedTimes	Last Dropped Event Times
Windows Kernel Trace	{6a399ae0-4bc6-4de9-870b-3657f8947e7e}	32	0	LostEvent_RTLostEvent()	RTLostEvent	RT Lost Event
Windows Kernel Trace	{6a399ae0-4bc6-4de9-870b-3657f8947e7e}	33	0	LostEvent_RTLostBuffer()	RTLostBuffer	RT Lost Event
Windows Kernel Trace	{6a399ae0-4bc6-4de9-870b-3657f8947e7e}	34	0	LostEvent_RTLostFile()	RTLostFile	RT Lost Event
Windows Kernel Trace	{89497f50-effe-4440-8cf2-ce6b1cdcaca7}	32	2	Object_CreateHandle_V2(UInt32 Object, UInt32 Handle, UInt16 ObjectType, String ObjectName)	CreateHandle	Handle Create/Close Events
Windows Kernel Trace	{89497f50-effe-4440-8cf2-ce6b1cdcaca7}	33	2	Object_CloseHandle_V2(UInt32 Object, UInt32 Handle, UInt16 ObjectType, String ObjectName)	CloseHandle	Handle Create/Close Events
Windows Kernel Trace	{89497f50-effe-4440-8cf2-ce6b1cdcaca7}	34	3	Object_DuplicateHandle_V3(UInt32 Object, UInt32 SourceHandle, UInt32 TargetHandle, UInt32 TargetProcessId, UInt16 ObjectType)	DuplicateHandle	Handle Duplicate Event
Windows Kernel Trace	{89497f50-effe-4440-8cf2-ce6b1cdcaca7}	36	2	Object_TypeDCStart_V2(UInt16 ObjectType, UInt16 Reserved, String TypeName)	TypeDCStart	Object Type Events
Windows Kernel Trace	{89497f50-effe-4440-8cf2-ce6b1cdcaca7}	37	2	Object_TypeDCEnd_V2(UInt16 ObjectType, UInt16 Reserved, String TypeName)	TypeDCEnd	Object Type Events
Windows Kernel Trace	{89497f50-effe-4440-8cf2-ce6b1cdcaca7}	38	2	Object_HandleDCStart_V2(UInt32 Object, UInt32 ProcessId, UInt32 Handle, UInt16 ObjectType, String ObjectName)	HandleDCStart	Object Handle Events
Windows Kernel Trace	{89497f50-effe-4440-8cf2-ce6b1cdcaca7}	39	2	Object_HandleDCEnd_V2(UInt32 Object, UInt32 ProcessId, UInt32 Handle, UInt16 ObjectType, String ObjectName)	HandleDCEnd	Object Handle Events
Windows Kernel Trace	{89497f50-effe-4440-8cf2-ce6b1cdcaca7}	48	2	Object_CreateObject_V2(UInt32 Object, UInt16 ObjectType)	CreateObject	Object Create/Delete Events
Windows Kernel Trace	{89497f50-effe-4440-8cf2-ce6b1cdcaca7}	49	2	Object_DeleteObject_V2(UInt32 Object, UInt16 ObjectType)	DeleteObject	Object Create/Delete Events
Windows Kernel Trace	{89497f50-effe-4440-8cf2-ce6b1cdcaca7}	50	2	Object_ReferenceObject_V2(UInt32 Object, UInt32 Tag, UInt32 Count)	ReferenceObject	Object Reference/Dereference Events
Windows Kernel Trace	{89497f50-effe-4440-8cf2-ce6b1cdcaca7}	51	2	Object_DereferenceObject_V2(UInt32 Object, UInt32 Tag, UInt32 Count)	DereferenceObject	Object Reference/Dereference Events
Windows Kernel Trace	{90cbdc39-4a3e-11d1-84f4-0000f80464e3}	0	0	FileIo_Name(UInt32 FileObject, String FileName)	Name	File Name
Windows Kernel Trace	{90cbdc39-4a3e-11d1-84f4-0000f80464e3}	0	1	FileIo_Name_V1(UInt32 FileObject, String FileName)	Name	File Name
Windows Kernel Trace	{90cbdc39-4a3e-11d1-84f4-0000f80464e3}	0	2	FileIo_Name_V2(UInt32 FileObject, String FileName)	Name	File Name
Windows Kernel Trace	{90cbdc39-4a3e-11d1-84f4-0000f80464e3}	0	3	FileIo_Name_V3(UInt32 FileObject, String FileName)	Name	File Name
Windows Kernel Trace	{90cbdc39-4a3e-11d1-84f4-0000f80464e3}	32	1	FileIo_FileCreate_V1(UInt32 FileObject, String FileName)	FileCreate	File Name
Windows Kernel Trace	{90cbdc39-4a3e-11d1-84f4-0000f80464e3}	32	2	FileIo_FileCreate_V2(UInt32 FileObject, String FileName)	FileCreate	File Name
Windows Kernel Trace	{90cbdc39-4a3e-11d1-84f4-0000f80464e3}	32	3	FileIo_FileCreate_V3(UInt32 FileObject, String FileName)	FileCreate	File Name
Windows Kernel Trace	{90cbdc39-4a3e-11d1-84f4-0000f80464e3}	35	2	FileIo_FileDelete_V2(UInt32 FileObject, String FileName)	FileDelete	File Name
Windows Kernel Trace	{90cbdc39-4a3e-11d1-84f4-0000f80464e3}	35	3	FileIo_FileDelete_V3(UInt32 FileObject, String FileName)	FileDelete	File Name
Windows Kernel Trace	{90cbdc39-4a3e-11d1-84f4-0000f80464e3}	36	2	FileIo_FileRundown_V2(UInt32 FileObject, String FileName)	FileRundown	File Name
Windows Kernel Trace	{90cbdc39-4a3e-11d1-84f4-0000f80464e3}	36	3	FileIo_FileRundown_V3(UInt32 FileObject, String FileName)	FileRundown	File Name
Windows Kernel Trace	{90cbdc39-4a3e-11d1-84f4-0000f80464e3}	37	2	FileIo_MapFile_V2(UInt32 ViewBase, UInt32 FileObject, UInt64 MiscInfo, Object ViewSize, UInt32 ProcessId)	MapFile	MapFile
Windows Kernel Trace	{90cbdc39-4a3e-11d1-84f4-0000f80464e3}	38	2	FileIo_UnmapFile_V2(UInt32 ViewBase, UInt32 FileObject, UInt64 MiscInfo, Object ViewSize, UInt32 ProcessId)	UnmapFile	MapFile
Windows Kernel Trace	{90cbdc39-4a3e-11d1-84f4-0000f80464e3}	39	2	FileIo_MapFileDCStart_V2(UInt32 ViewBase, UInt32 FileObject, UInt64 MiscInfo, Object ViewSize, UInt32 ProcessId)	MapFileDCStart	MapFile
Windows Kernel Trace	{90cbdc39-4a3e-11d1-84f4-0000f80464e3}	40	2	FileIo_MapFileDCEnd_V2(UInt32 ViewBase, UInt32 FileObject, UInt64 MiscInfo, Object ViewSize, UInt32 ProcessId)	MapFileDCEnd	MapFile
Windows Kernel Trace	{90cbdc39-4a3e-11d1-84f4-0000f80464e3}	64	2	FileIo_Create_V2(UInt32 IrpPtr, UInt32 TTID, UInt32 FileObject, UInt32 CreateOptions, UInt32 FileAttributes, UInt32 ShareAccess, String OpenPath)	Create	File Create
Windows Kernel Trace	{90cbdc39-4a3e-11d1-84f4-0000f80464e3}	64	3	FileIo_Create_V3(UInt32 IrpPtr, UInt32 FileObject, UInt32 TTID, UInt32 CreateOptions, UInt32 FileAttributes, UInt32 ShareAccess, String OpenPath)	Create	File Create
Windows Kernel Trace	{90cbdc39-4a3e-11d1-84f4-0000f80464e3}	65	2	FileIo_Cleanup_V2(UInt32 IrpPtr, UInt32 TTID, UInt32 FileObject, UInt32 FileKey)	Cleanup	File Simple Operation
Windows Kernel Trace	{90cbdc39-4a3e-11d1-84f4-0000f80464e3}	65	3	FileIo_Cleanup_V3(UInt32 IrpPtr, UInt32 FileObject, UInt32 FileKey, UInt32 TTID)	Cleanup	File Simple Operation
Windows Kernel Trace	{90cbdc39-4a3e-11d1-84f4-0000f80464e3}	66	2	FileIo_Close_V2(UInt32 IrpPtr, UInt32 TTID, UInt32 FileObject, UInt32 FileKey)	Close	File Simple Operation
Windows Kernel Trace	{90cbdc39-4a3e-11d1-84f4-0000f80464e3}	66	3	FileIo_Close_V3(UInt32 IrpPtr, UInt32 FileObject, UInt32 FileKey, UInt32 TTID)	Close	File Simple Operation
Windows Kernel Trace	{90cbdc39-4a3e-11d1-84f4-0000f80464e3}	67	2	FileIo_Read_V2(UInt64 Offset, UInt32 IrpPtr, UInt32 TTID, UInt32 FileObject, UInt32 FileKey, UInt32 IoSize, UInt32 IoFlags)	Read	File Read Write
Windows Kernel Trace	{90cbdc39-4a3e-11d1-84f4-0000f80464e3}	67	3	FileIo_Read_V3(UInt64 Offset, UInt32 IrpPtr, UInt32 FileObject, UInt32 FileKey, UInt32 TTID, UInt32 IoSize, UInt32 IoFlags)	Read	File Read Write
Windows Kernel Trace	{90cbdc39-4a3e-11d1-84f4-0000f80464e3}	68	2	FileIo_Write_V2(UInt64 Offset, UInt32 IrpPtr, UInt32 TTID, UInt32 FileObject, UInt32 FileKey, UInt32 IoSize, UInt32 IoFlags)	Write	File Read Write
Windows Kernel Trace	{90cbdc39-4a3e-11d1-84f4-0000f80464e3}	68	3	FileIo_Write_V3(UInt64 Offset, UInt32 IrpPtr, UInt32 FileObject, UInt32 FileKey, UInt32 TTID, UInt32 IoSize, UInt32 IoFlags)	Write	File Read Write
Windows Kernel Trace	{90cbdc39-4a3e-11d1-84f4-0000f80464e3}	69	2	FileIo_SetInfo_V2(UInt32 IrpPtr, UInt32 TTID, UInt32 FileObject, UInt32 FileKey, UInt32 ExtraInfo, UInt32 InfoClass)	SetInfo	File Information
Windows Kernel Trace	{90cbdc39-4a3e-11d1-84f4-0000f80464e3}	69	3	FileIo_SetInfo_V3(UInt32 IrpPtr, UInt32 FileObject, UInt32 FileKey, UInt32 ExtraInfo, UInt32 TTID, UInt32 InfoClass)	SetInfo	File Information
Windows Kernel Trace	{90cbdc39-4a3e-11d1-84f4-0000f80464e3}	70	2	FileIo_Delete_V2(UInt32 IrpPtr, UInt32 TTID, UInt32 FileObject, UInt32 FileKey, UInt32 ExtraInfo, UInt32 InfoClass)	Delete	File Information
Windows Kernel Trace	{90cbdc39-4a3e-11d1-84f4-0000f80464e3}	70	3	FileIo_Delete_V3(UInt32 IrpPtr, UInt32 FileObject, UInt32 FileKey, UInt32 ExtraInfo, UInt32 TTID, UInt32 InfoClass)	Delete	File Information
Windows Kernel Trace	{90cbdc39-4a3e-11d1-84f4-0000f80464e3}	71	2	FileIo_Rename_V2(UInt32 IrpPtr, UInt32 TTID, UInt32 FileObject, UInt32 FileKey, UInt32 ExtraInfo, UInt32 InfoClass)	Rename	File Information
Windows Kernel Trace	{90cbdc39-4a3e-11d1-84f4-0000f80464e3}	71	3	FileIo_Rename_V3(UInt32 IrpPtr, UInt32 FileObject, UInt32 FileKey, UInt32 ExtraInfo, UInt32 TTID, UInt32 InfoClass)	Rename	File Information
Windows Kernel Trace	{90cbdc39-4a3e-11d1-84f4-0000f80464e3}	72	2	FileIo_DirEnum_V2(UInt32 IrpPtr, UInt32 TTID, UInt32 FileObject, UInt32 FileKey, UInt32 Length, UInt32 InfoClass, UInt32 FileIndex, String FileName)	DirEnum	File Dir Enum
Windows Kernel Trace	{90cbdc39-4a3e-11d1-84f4-0000f80464e3}	72	3	FileIo_DirEnum_V3(UInt32 IrpPtr, UInt32 FileObject, UInt32 FileKey, UInt32 TTID, UInt32 Length, UInt32 InfoClass, UInt32 FileIndex, String FileName)	DirEnum	File Dir Enum
Windows Kernel Trace	{90cbdc39-4a3e-11d1-84f4-0000f80464e3}	73	2	FileIo_Flush_V2(UInt32 IrpPtr, UInt32 TTID, UInt32 FileObject, UInt32 FileKey)	Flush	File Simple Operation
Windows Kernel Trace	{90cbdc39-4a3e-11d1-84f4-0000f80464e3}	73	3	FileIo_Flush_V3(UInt32 IrpPtr, UInt32 FileObject, UInt32 FileKey, UInt32 TTID)	Flush	File Simple Operation
Windows Kernel Trace	{90cbdc39-4a3e-11d1-84f4-0000f80464e3}	74	2	FileIo_QueryInfo_V2(UInt32 IrpPtr, UInt32 TTID, UInt32 FileObject, UInt32 FileKey, UInt32 ExtraInfo, UInt32 InfoClass)	QueryInfo	File Information
Windows Kernel Trace	{90cbdc39-4a3e-11d1-84f4-0000f80464e3}	74	3	FileIo_QueryInfo_V3(UInt32 IrpPtr, UInt32 FileObject, UInt32 FileKey, UInt32 ExtraInfo, UInt32 TTID, UInt32 InfoClass)	QueryInfo	File Information
Windows Kernel Trace	{90cbdc39-4a3e-11d1-84f4-0000f80464e3}	75	2	FileIo_FSControl_V2(UInt32 IrpPtr, UInt32 TTID, UInt32 FileObject, UInt32 FileKey, UInt32 ExtraInfo, UInt32 InfoClass)	FSControl	File Information
Windows Kernel Trace	{90cbdc39-4a3e-11d1-84f4-0000f80464e3}	75	3	FileIo_FSControl_V3(UInt32 IrpPtr, UInt32 FileObject, UInt32 FileKey, UInt32 ExtraInfo, UInt32 TTID, UInt32 InfoClass)	FSControl	File Information
Windows Kernel Trace	{90cbdc39-4a3e-11d1-84f4-0000f80464e3}	76	2	FileIo_OperationEnd_V2(UInt32 IrpPtr, UInt32 ExtraInfo, UInt32 NtStatus)	OperationEnd	File Operation End
Windows Kernel Trace	{90cbdc39-4a3e-11d1-84f4-0000f80464e3}	76	3	FileIo_OperationEnd_V3(UInt32 IrpPtr, UInt32 ExtraInfo, UInt32 NtStatus)	OperationEnd	File Operation End
Windows Kernel Trace	{90cbdc39-4a3e-11d1-84f4-0000f80464e3}	77	2	FileIo_DirNotify_V2(UInt32 IrpPtr, UInt32 TTID, UInt32 FileObject, UInt32 FileKey, UInt32 Length, UInt32 InfoClass, UInt32 FileIndex, String FileName)	DirNotify	File Dir Enum
Windows Kernel Trace	{90cbdc39-4a3e-11d1-84f4-0000f80464e3}	77	3	FileIo_DirNotify_V3(UInt32 IrpPtr, UInt32 FileObject, UInt32 FileKey, UInt32 TTID, UInt32 Length, UInt32 InfoClass, UInt32 FileIndex, String FileName)	DirNotify	File Dir Enum
Windows Kernel Trace	{90cbdc39-4a3e-11d1-84f4-0000f80464e3}	79	3	FileIo_DletePath_V3(UInt32 IrpPtr, UInt32 FileObject, UInt32 FileKey, UInt32 ExtraInfo, UInt32 TTID, UInt32 InfoClass, String FileName)	DletePath	File Path Operation
Windows Kernel Trace	{90cbdc39-4a3e-11d1-84f4-0000f80464e3}	80	3	FileIo_RenamePath_V3(UInt32 IrpPtr, UInt32 FileObject, UInt32 FileKey, UInt32 ExtraInfo, UInt32 TTID, UInt32 InfoClass, String FileName)	RenamePath	File Path Operation
Windows Kernel Trace	{90cbdc39-4a3e-11d1-84f4-0000f80464e3}	81	3	FileIo_SetLinkPath_V3(UInt32 IrpPtr, UInt32 FileObject, UInt32 FileKey, UInt32 ExtraInfo, UInt32 TTID, UInt32 InfoClass, String FileName)	SetLinkPath	File Path Operation
Windows Kernel Trace	{90cbdc39-4a3e-11d1-84f4-0000f80464e3}	96	3	FileIo_PreOpInit_V3(UInt32 RoutineAddr, UInt32 FileObject, UInt32 FileContext, UInt32 IrpPtr, UInt32 CallbackDataPtr, UInt32 MajorFunction)	PreOpInit	Minifilter IO Init
Windows Kernel Trace	{90cbdc39-4a3e-11d1-84f4-0000f80464e3}	97	3	FileIo_PostOpInit_V3(UInt32 RoutineAddr, UInt32 FileObject, UInt32 FileContext, UInt32 IrpPtr, UInt32 CallbackDataPtr, UInt32 MajorFunction)	PostOpInit	Minifilter IO Init
Windows Kernel Trace	{90cbdc39-4a3e-11d1-84f4-0000f80464e3}	98	3	FileIo_PreOpCompletion_V3(Object InitialTime, UInt32 RoutineAddr, UInt32 FileObject, UInt32 FileContext, UInt32 IrpPtr, UInt32 CallbackDataPtr, UInt32 MajorFunction)	PreOpCompletion	Minifilter IO Completion
Windows Kernel Trace	{90cbdc39-4a3e-11d1-84f4-0000f80464e3}	99	3	FileIo_PostOpCompletion_V3(Object InitialTime, UInt32 RoutineAddr, UInt32 FileObject, UInt32 FileContext, UInt32 IrpPtr, UInt32 CallbackDataPtr, UInt32 MajorFunction)	PostOpCompletion	Minifilter IO Completion
Windows Kernel Trace	{90cbdc39-4a3e-11d1-84f4-0000f80464e3}	100	3	FileIo_PreOpFailure_V3(UInt32 RoutineAddr, UInt32 FileObject, UInt32 FileContext, UInt32 IrpPtr, UInt32 CallbackDataPtr, UInt32 MajorFunction, UInt32 Status)	PreOpFailure	Minifilter IO Failure
Windows Kernel Trace	{90cbdc39-4a3e-11d1-84f4-0000f80464e3}	101	3	FileIo_PostOpFailure_V3(UInt32 RoutineAddr, UInt32 FileObject, UInt32 FileContext, UInt32 IrpPtr, UInt32 CallbackDataPtr, UInt32 MajorFunction, UInt32 Status)	PostOpFailure	Minifilter IO Failure
Windows Kernel Trace	{99134383-5248-43fc-834b-529454e75df3}	32	2	LBR_LbrRecord_V2(UInt64 TimeStamp, UInt32 ProcessId, UInt32 ThreadId, UInt32 Options, Object Entries)	LbrRecord	LBR Record
Windows Kernel Trace	{9a280ac0-c8e0-11d1-84e2-00c04fb998a2}	10	0	TcpIp_Send(Object daddr, Object saddr, Object dport, Object sport, UInt32 size, UInt32 PID)	Send	TcpIp Send/Receive
Windows Kernel Trace	{9a280ac0-c8e0-11d1-84e2-00c04fb998a2}	10	1	TcpIp_Send_V1(UInt32 PID, UInt32 size, Object daddr, Object saddr, Object dport, Object sport, UInt32 startime, UInt32 endtime, UInt32 connid, UInt32 seqnum)	Send	TcpIp Send
Windows Kernel Trace	{9a280ac0-c8e0-11d1-84e2-00c04fb998a2}	10	2	TcpIp_SendIPV4_V2(UInt32 PID, UInt32 size, Object daddr, Object saddr, Object dport, Object sport, UInt32 startime, UInt32 endtime, UInt32 seqnum, UInt32 connid)	SendIPV4	TcpIp IPV4 Send
Windows Kernel Trace	{9a280ac0-c8e0-11d1-84e2-00c04fb998a2}	11	0	TcpIp_Recv(Object daddr, Object saddr, Object dport, Object sport, UInt32 size, UInt32 PID)	Recv	TcpIp Send/Receive
Windows Kernel Trace	{9a280ac0-c8e0-11d1-84e2-00c04fb998a2}	11	1	TcpIp_Recv_V1(UInt32 PID, UInt32 size, Object daddr, Object saddr, Object dport, Object sport, UInt32 connid, UInt32 seqnum)	Recv	TcpIp Receive
Windows Kernel Trace	{9a280ac0-c8e0-11d1-84e2-00c04fb998a2}	11	2	TcpIp_RecvIPV4_V2(UInt32 PID, UInt32 size, Object daddr, Object saddr, Object dport, Object sport, UInt32 seqnum, UInt32 connid)	RecvIPV4	TcpIp IPV4 Generic
Windows Kernel Trace	{9a280ac0-c8e0-11d1-84e2-00c04fb998a2}	12	0	TcpIp_Connect(Object daddr, Object saddr, Object dport, Object sport, UInt32 size, UInt32 PID)	Connect	TcpIp Send/Receive
Windows Kernel Trace	{9a280ac0-c8e0-11d1-84e2-00c04fb998a2}	12	1	TcpIp_Connect_V1(UInt32 PID, UInt32 size, Object daddr, Object saddr, Object dport, Object sport, UInt16 mss, UInt16 sackopt, UInt16 tsopt, UInt16 wsopt, UInt32 rcvwin, SInt16 rcvwinscale, SInt16 sndwinscale, UInt32 connid, UInt32 seqnum)	Connect	TcpIp Connect/Accept
Windows Kernel Trace	{9a280ac0-c8e0-11d1-84e2-00c04fb998a2}	12	2	TcpIp_ConnectIPV4_V2(UInt32 PID, UInt32 size, Object daddr, Object saddr, Object dport, Object sport, UInt16 mss, UInt16 sackopt, UInt16 tsopt, UInt16 wsopt, UInt32 rcvwin, SInt16 rcvwinscale, SInt16 sndwinscale, UInt32 seqnum, UInt32 connid)	ConnectIPV4	TcpIp IPV4 Connect/Accept
Windows Kernel Trace	{9a280ac0-c8e0-11d1-84e2-00c04fb998a2}	13	0	TcpIp_Disconnect(Object daddr, Object saddr, Object dport, Object sport, UInt32 size, UInt32 PID)	Disconnect	TcpIp Send/Receive
Windows Kernel Trace	{9a280ac0-c8e0-11d1-84e2-00c04fb998a2}	13	1	TcpIp_Disconnect_V1(UInt32 PID, UInt32 size, Object daddr, Object saddr, Object dport, Object sport, UInt32 connid, UInt32 seqnum)	Disconnect	TcpIp Disconnect
Windows Kernel Trace	{9a280ac0-c8e0-11d1-84e2-00c04fb998a2}	13	2	TcpIp_DisconnectIPV4_V2(UInt32 PID, UInt32 size, Object daddr, Object saddr, Object dport, Object sport, UInt32 seqnum, UInt32 connid)	DisconnectIPV4	TcpIp IPV4 Generic
Windows Kernel Trace	{9a280ac0-c8e0-11d1-84e2-00c04fb998a2}	14	0	TcpIp_Retransmit(Object daddr, Object saddr, Object dport, Object sport, UInt32 size, UInt32 PID)	Retransmit	TcpIp Send/Receive
Windows Kernel Trace	{9a280ac0-c8e0-11d1-84e2-00c04fb998a2}	14	1	TcpIp_Retransmit_V1(UInt32 PID, UInt32 size, Object daddr, Object saddr, Object dport, Object sport, UInt32 connid, UInt32 seqnum)	Retransmit	TcpIp Disconnect
Windows Kernel Trace	{9a280ac0-c8e0-11d1-84e2-00c04fb998a2}	14	2	TcpIp_RetransmitIPV4_V2(UInt32 PID, UInt32 size, Object daddr, Object saddr, Object dport, Object sport, UInt32 seqnum, UInt32 connid)	RetransmitIPV4	TcpIp IPV4 Generic
Windows Kernel Trace	{9a280ac0-c8e0-11d1-84e2-00c04fb998a2}	15	0	TcpIp_Accept(Object daddr, Object saddr, Object dport, Object sport, UInt32 size, UInt32 PID)	Accept	TcpIp Send/Receive
Windows Kernel Trace	{9a280ac0-c8e0-11d1-84e2-00c04fb998a2}	15	1	TcpIp_Accept_V1(UInt32 PID, UInt32 size, Object daddr, Object saddr, Object dport, Object sport, UInt16 mss, UInt16 sackopt, UInt16 tsopt, UInt16 wsopt, UInt32 rcvwin, SInt16 rcvwinscale, SInt16 sndwinscale, UInt32 connid, UInt32 seqnum)	Accept	TcpIp Connect/Accept
Windows Kernel Trace	{9a280ac0-c8e0-11d1-84e2-00c04fb998a2}	15	2	TcpIp_AcceptIPV4_V2(UInt32 PID, UInt32 size, Object daddr, Object saddr, Object dport, Object sport, UInt16 mss, UInt16 sackopt, UInt16 tsopt, UInt16 wsopt, UInt32 rcvwin, SInt16 rcvwinscale, SInt16 sndwinscale, UInt32 seqnum, UInt32 connid)	AcceptIPV4	TcpIp IPV4 Connect/Accept
Windows Kernel Trace	{9a280ac0-c8e0-11d1-84e2-00c04fb998a2}	16	1	TcpIp_Reconnect_V1(UInt32 PID, UInt32 size, Object daddr, Object saddr, Object dport, Object sport, UInt32 connid, UInt32 seqnum)	Reconnect	TcpIp Disconnect
Windows Kernel Trace	{9a280ac0-c8e0-11d1-84e2-00c04fb998a2}	16	2	TcpIp_ReconnectIPV4_V2(UInt32 PID, UInt32 size, Object daddr, Object saddr, Object dport, Object sport, UInt32 seqnum, UInt32 connid)	ReconnectIPV4	TcpIp IPV4 Generic
Windows Kernel Trace	{9a280ac0-c8e0-11d1-84e2-00c04fb998a2}	17	1	TcpIp_Fail_V1(UInt32 Proto)	Fail	TcpIp Fail
Windows Kernel Trace	{9a280ac0-c8e0-11d1-84e2-00c04fb998a2}	17	2	TcpIp_Fail_V2(UInt16 Proto, UInt16 FailureCode)	Fail	TcpIp Fail
Windows Kernel Trace	{9a280ac0-c8e0-11d1-84e2-00c04fb998a2}	18	1	TcpIp_TCPCopy_V1(UInt32 PID, UInt32 size, Object daddr, Object saddr, Object dport, Object sport, UInt32 connid, UInt32 seqnum)	TCPCopy	TcpIp Copy/ACK
Windows Kernel Trace	{9a280ac0-c8e0-11d1-84e2-00c04fb998a2}	18	2	TcpIp_TCPCopyIPV4_V2(UInt32 PID, UInt32 size, Object daddr, Object saddr, Object dport, Object sport, UInt32 seqnum, UInt32 connid)	TCPCopyIPV4	TcpIp IPV4 Generic
Windows Kernel Trace	{9a280ac0-c8e0-11d1-84e2-00c04fb998a2}	19	1	TcpIp_ARPCopy_V1(UInt32 PID, UInt32 size, Object daddr, Object saddr, Object dport, Object sport, UInt32 connid, UInt32 seqnum)	ARPCopy	TcpIp Copy/ACK
Windows Kernel Trace	{9a280ac0-c8e0-11d1-84e2-00c04fb998a2}	20	1	TcpIp_FullACK_V1(UInt32 PID, UInt32 size, Object daddr, Object saddr, Object dport, Object sport, UInt32 connid, UInt32 seqnum)	FullACK	TcpIp Copy/ACK
Windows Kernel Trace	{9a280ac0-c8e0-11d1-84e2-00c04fb998a2}	21	1	TcpIp_PartACK_V1(UInt32 PID, UInt32 size, Object daddr, Object saddr, Object dport, Object sport, UInt32 connid, UInt32 seqnum)	PartACK	TcpIp Copy/ACK
Windows Kernel Trace	{9a280ac0-c8e0-11d1-84e2-00c04fb998a2}	22	1	TcpIp_DupACK_V1(UInt32 PID, UInt32 size, Object daddr, Object saddr, Object dport, Object sport, UInt32 connid, UInt32 seqnum)	DupACK	TcpIp Copy/ACK
Windows Kernel Trace	{9a280ac0-c8e0-11d1-84e2-00c04fb998a2}	26	2	TcpIp_SendIPV6_V2(UInt32 PID, UInt32 size, Object daddr, Object saddr, Object dport, Object sport, UInt32 startime, UInt32 endtime, UInt32 seqnum, UInt32 connid)	SendIPV6	TcpIp IPV6 Send
Windows Kernel Trace	{9a280ac0-c8e0-11d1-84e2-00c04fb998a2}	27	2	TcpIp_RecvIPV6_V2(UInt32 PID, UInt32 size, Object daddr, Object saddr, Object dport, Object sport, UInt32 seqnum, UInt32 connid)	RecvIPV6	TcpIp IPV6 Generic
Windows Kernel Trace	{9a280ac0-c8e0-11d1-84e2-00c04fb998a2}	28	2	TcpIp_ConnectIPV6_V2(UInt32 PID, UInt32 size, Object daddr, Object saddr, Object dport, Object sport, UInt16 mss, UInt16 sackopt, UInt16 tsopt, UInt16 wsopt, UInt32 rcvwin, SInt16 rcvwinscale, SInt16 sndwinscale, UInt32 seqnum, UInt32 connid)	ConnectIPV6	TcpIp IPV6 Connect/Accept
Windows Kernel Trace	{9a280ac0-c8e0-11d1-84e2-00c04fb998a2}	29	2	TcpIp_DisconnectIPV6_V2(UInt32 PID, UInt32 size, Object daddr, Object saddr, Object dport, Object sport, UInt32 seqnum, UInt32 connid)	DisconnectIPV6	TcpIp IPV6 Generic
Windows Kernel Trace	{9a280ac0-c8e0-11d1-84e2-00c04fb998a2}	30	2	TcpIp_RetransmitIPV6_V2(UInt32 PID, UInt32 size, Object daddr, Object saddr, Object dport, Object sport, UInt32 seqnum, UInt32 connid)	RetransmitIPV6	TcpIp IPV6 Generic
Windows Kernel Trace	{9a280ac0-c8e0-11d1-84e2-00c04fb998a2}	31	2	TcpIp_AcceptIPV6_V2(UInt32 PID, UInt32 size, Object daddr, Object saddr, Object dport, Object sport, UInt16 mss, UInt16 sackopt, UInt16 tsopt, UInt16 wsopt, UInt32 rcvwin, SInt16 rcvwinscale, SInt16 sndwinscale, UInt32 seqnum, UInt32 connid)	AcceptIPV6	TcpIp IPV6 Connect/Accept
Windows Kernel Trace	{9a280ac0-c8e0-11d1-84e2-00c04fb998a2}	32	2	TcpIp_ReconnectIPV6_V2(UInt32 PID, UInt32 size, Object daddr, Object saddr, Object dport, Object sport, UInt32 seqnum, UInt32 connid)	ReconnectIPV6	TcpIp IPV6 Generic
Windows Kernel Trace	{9a280ac0-c8e0-11d1-84e2-00c04fb998a2}	34	2	TcpIp_TCPCopyIPV6_V2(UInt32 PID, UInt32 size, Object daddr, Object saddr, Object dport, Object sport, UInt32 seqnum, UInt32 connid)	TCPCopyIPV6	TcpIp IPV6 Generic
Windows Kernel Trace	{9aec974b-5b8e-4118-9b92-3186d8002ce5}	32	2	UMS_DSwitchStart_V2(UInt32 ProcessId, UInt32 ScheduledThreadId, UInt32 PrimaryThreadId, UInt32 SwitchFlags)	DSwitchStart	UMS Directed Switch - Start
Windows Kernel Trace	{9aec974b-5b8e-4118-9b92-3186d8002ce5}	33	2	UMS_DSwitchEnd_V2(UInt32 ProcessId, UInt32 ScheduledThreadId, UInt32 PrimaryThreadId, UInt32 SwitchFlags)	DSwitchEnd	UMS Directed Switch - End
Windows Kernel Trace	{9aec974b-5b8e-4118-9b92-3186d8002ce5}	34	2	UMS_ScheduledPark_V2(UInt32 ProcessId, UInt32 ScheduledThreadId, UInt32 ParkFlags)	ScheduledPark	UMS Scheduled Thread Park
Windows Kernel Trace	{9aec974b-5b8e-4118-9b92-3186d8002ce5}	35	2	UMS_Disassociate_V2(UInt32 ProcessId, UInt32 ScheduledThreadId, UInt32 PrimaryThreadId, UInt32 UmsApcControlFlags, UInt32 Status)	Disassociate	UMS Disassociate From Primary
Windows Kernel Trace	{9aec974b-5b8e-4118-9b92-3186d8002ce5}	36	2	UMS_CSwitch_V2(UInt32 ScheduledThreadId, UInt32 SwitchCount, UInt32 KernelYieldCount, UInt32 MixedYieldCount, UInt32 YieldCount)	CSwitch	UMS Context Switch
Windows Kernel Trace	{ae53722e-c863-11d2-8659-00c04fa321a1}	10	0	Registry_Create(UInt32 Status, UInt32 KeyHandle, SInt64 ElapsedTime, String KeyName)	Create	Registry
Windows Kernel Trace	{ae53722e-c863-11d2-8659-00c04fa321a1}	10	1	Registry_Create_V1(UInt32 Status, UInt32 KeyHandle, SInt64 ElapsedTime, UInt32 Index, String KeyName)	Create	Registry
Windows Kernel Trace	{ae53722e-c863-11d2-8659-00c04fa321a1}	10	2	Registry_Create_V2(SInt64 InitialTime, UInt32 Status, UInt32 Index, UInt32 KeyHandle, String KeyName)	Create	Registry
Windows Kernel Trace	{ae53722e-c863-11d2-8659-00c04fa321a1}	11	0	Registry_Open(UInt32 Status, UInt32 KeyHandle, SInt64 ElapsedTime, String KeyName)	Open	Registry
Windows Kernel Trace	{ae53722e-c863-11d2-8659-00c04fa321a1}	11	1	Registry_Open_V1(UInt32 Status, UInt32 KeyHandle, SInt64 ElapsedTime, UInt32 Index, String KeyName)	Open	Registry
Windows Kernel Trace	{ae53722e-c863-11d2-8659-00c04fa321a1}	11	2	Registry_Open_V2(SInt64 InitialTime, UInt32 Status, UInt32 Index, UInt32 KeyHandle, String KeyName)	Open	Registry
Windows Kernel Trace	{ae53722e-c863-11d2-8659-00c04fa321a1}	12	0	Registry_Delete(UInt32 Status, UInt32 KeyHandle, SInt64 ElapsedTime, String KeyName)	Delete	Registry
Windows Kernel Trace	{ae53722e-c863-11d2-8659-00c04fa321a1}	12	1	Registry_Delete_V1(UInt32 Status, UInt32 KeyHandle, SInt64 ElapsedTime, UInt32 Index, String KeyName)	Delete	Registry
Windows Kernel Trace	{ae53722e-c863-11d2-8659-00c04fa321a1}	12	2	Registry_Delete_V2(SInt64 InitialTime, UInt32 Status, UInt32 Index, UInt32 KeyHandle, String KeyName)	Delete	Registry
Windows Kernel Trace	{ae53722e-c863-11d2-8659-00c04fa321a1}	13	0	Registry_Query(UInt32 Status, UInt32 KeyHandle, SInt64 ElapsedTime, String KeyName)	Query	Registry
Windows Kernel Trace	{ae53722e-c863-11d2-8659-00c04fa321a1}	13	1	Registry_Query_V1(UInt32 Status, UInt32 KeyHandle, SInt64 ElapsedTime, UInt32 Index, String KeyName)	Query	Registry
Windows Kernel Trace	{ae53722e-c863-11d2-8659-00c04fa321a1}	13	2	Registry_Query_V2(SInt64 InitialTime, UInt32 Status, UInt32 Index, UInt32 KeyHandle, String KeyName)	Query	Registry
Windows Kernel Trace	{ae53722e-c863-11d2-8659-00c04fa321a1}	14	0	Registry_SetValue(UInt32 Status, UInt32 KeyHandle, SInt64 ElapsedTime, String KeyName)	SetValue	Registry
Windows Kernel Trace	{ae53722e-c863-11d2-8659-00c04fa321a1}	14	1	Registry_SetValue_V1(UInt32 Status, UInt32 KeyHandle, SInt64 ElapsedTime, UInt32 Index, String KeyName)	SetValue	Registry
Windows Kernel Trace	{ae53722e-c863-11d2-8659-00c04fa321a1}	14	2	Registry_SetValue_V2(SInt64 InitialTime, UInt32 Status, UInt32 Index, UInt32 KeyHandle, String KeyName)	SetValue	Registry
Windows Kernel Trace	{ae53722e-c863-11d2-8659-00c04fa321a1}	15	0	Registry_DeleteValue(UInt32 Status, UInt32 KeyHandle, SInt64 ElapsedTime, String KeyName)	DeleteValue	Registry
Windows Kernel Trace	{ae53722e-c863-11d2-8659-00c04fa321a1}	15	1	Registry_DeleteValue_V1(UInt32 Status, UInt32 KeyHandle, SInt64 ElapsedTime, UInt32 Index, String KeyName)	DeleteValue	Registry
Windows Kernel Trace	{ae53722e-c863-11d2-8659-00c04fa321a1}	15	2	Registry_DeleteValue_V2(SInt64 InitialTime, UInt32 Status, UInt32 Index, UInt32 KeyHandle, String KeyName)	DeleteValue	Registry
Windows Kernel Trace	{ae53722e-c863-11d2-8659-00c04fa321a1}	16	0	Registry_QueryValue(UInt32 Status, UInt32 KeyHandle, SInt64 ElapsedTime, String KeyName)	QueryValue	Registry
Windows Kernel Trace	{ae53722e-c863-11d2-8659-00c04fa321a1}	16	1	Registry_QueryValue_V1(UInt32 Status, UInt32 KeyHandle, SInt64 ElapsedTime, UInt32 Index, String KeyName)	QueryValue	Registry
Windows Kernel Trace	{ae53722e-c863-11d2-8659-00c04fa321a1}	16	2	Registry_QueryValue_V2(SInt64 InitialTime, UInt32 Status, UInt32 Index, UInt32 KeyHandle, String KeyName)	QueryValue	Registry
Windows Kernel Trace	{ae53722e-c863-11d2-8659-00c04fa321a1}	17	0	Registry_EnumerateKey(UInt32 Status, UInt32 KeyHandle, SInt64 ElapsedTime, String KeyName)	EnumerateKey	Registry
Windows Kernel Trace	{ae53722e-c863-11d2-8659-00c04fa321a1}	17	1	Registry_EnumerateKey_V1(UInt32 Status, UInt32 KeyHandle, SInt64 ElapsedTime, UInt32 Index, String KeyName)	EnumerateKey	Registry
Windows Kernel Trace	{ae53722e-c863-11d2-8659-00c04fa321a1}	17	2	Registry_EnumerateKey_V2(SInt64 InitialTime, UInt32 Status, UInt32 Index, UInt32 KeyHandle, String KeyName)	EnumerateKey	Registry
Windows Kernel Trace	{ae53722e-c863-11d2-8659-00c04fa321a1}	18	0	Registry_EnumerateValueKey(UInt32 Status, UInt32 KeyHandle, SInt64 ElapsedTime, String KeyName)	EnumerateValueKey	Registry
Windows Kernel Trace	{ae53722e-c863-11d2-8659-00c04fa321a1}	18	1	Registry_EnumerateValueKey_V1(UInt32 Status, UInt32 KeyHandle, SInt64 ElapsedTime, UInt32 Index, String KeyName)	EnumerateValueKey	Registry
Windows Kernel Trace	{ae53722e-c863-11d2-8659-00c04fa321a1}	18	2	Registry_EnumerateValueKey_V2(SInt64 InitialTime, UInt32 Status, UInt32 Index, UInt32 KeyHandle, String KeyName)	EnumerateValueKey	Registry
Windows Kernel Trace	{ae53722e-c863-11d2-8659-00c04fa321a1}	19	0	Registry_QueryMultipleValue(UInt32 Status, UInt32 KeyHandle, SInt64 ElapsedTime, String KeyName)	QueryMultipleValue	Registry
Windows Kernel Trace	{ae53722e-c863-11d2-8659-00c04fa321a1}	19	1	Registry_QueryMultipleValue_V1(UInt32 Status, UInt32 KeyHandle, SInt64 ElapsedTime, UInt32 Index, String KeyName)	QueryMultipleValue	Registry
Windows Kernel Trace	{ae53722e-c863-11d2-8659-00c04fa321a1}	19	2	Registry_QueryMultipleValue_V2(SInt64 InitialTime, UInt32 Status, UInt32 Index, UInt32 KeyHandle, String KeyName)	QueryMultipleValue	Registry
Windows Kernel Trace	{ae53722e-c863-11d2-8659-00c04fa321a1}	20	0	Registry_SetInformation(UInt32 Status, UInt32 KeyHandle, SInt64 ElapsedTime, String KeyName)	SetInformation	Registry
Windows Kernel Trace	{ae53722e-c863-11d2-8659-00c04fa321a1}	20	1	Registry_SetInformation_V1(UInt32 Status, UInt32 KeyHandle, SInt64 ElapsedTime, UInt32 Index, String KeyName)	SetInformation	Registry
Windows Kernel Trace	{ae53722e-c863-11d2-8659-00c04fa321a1}	20	2	Registry_SetInformation_V2(SInt64 InitialTime, UInt32 Status, UInt32 Index, UInt32 KeyHandle, String KeyName)	SetInformation	Registry
Windows Kernel Trace	{ae53722e-c863-11d2-8659-00c04fa321a1}	21	0	Registry_Flush(UInt32 Status, UInt32 KeyHandle, SInt64 ElapsedTime, String KeyName)	Flush	Registry
Windows Kernel Trace	{ae53722e-c863-11d2-8659-00c04fa321a1}	21	1	Registry_Flush_V1(UInt32 Status, UInt32 KeyHandle, SInt64 ElapsedTime, UInt32 Index, String KeyName)	Flush	Registry
Windows Kernel Trace	{ae53722e-c863-11d2-8659-00c04fa321a1}	21	2	Registry_Flush_V2(SInt64 InitialTime, UInt32 Status, UInt32 Index, UInt32 KeyHandle, String KeyName)	Flush	Registry
Windows Kernel Trace	{ae53722e-c863-11d2-8659-00c04fa321a1}	22	1	Registry_RunDown_V1(UInt32 Status, UInt32 KeyHandle, SInt64 ElapsedTime, UInt32 Index, String KeyName)	RunDown	Registry
Windows Kernel Trace	{ae53722e-c863-11d2-8659-00c04fa321a1}	22	2	Registry_KCBCreate_V2(SInt64 InitialTime, UInt32 Status, UInt32 Index, UInt32 KeyHandle, String KeyName)	KCBCreate	Registry
Windows Kernel Trace	{ae53722e-c863-11d2-8659-00c04fa321a1}	23	2	Registry_KCBDelete_V2(SInt64 InitialTime, UInt32 Status, UInt32 Index, UInt32 KeyHandle, String KeyName)	KCBDelete	Registry
Windows Kernel Trace	{ae53722e-c863-11d2-8659-00c04fa321a1}	24	2	Registry_KCBRundownBegin_V2(SInt64 InitialTime, UInt32 Status, UInt32 Index, UInt32 KeyHandle, String KeyName)	KCBRundownBegin	Registry
Windows Kernel Trace	{ae53722e-c863-11d2-8659-00c04fa321a1}	25	2	Registry_KCBRundownEnd_V2(SInt64 InitialTime, UInt32 Status, UInt32 Index, UInt32 KeyHandle, String KeyName)	KCBRundownEnd	Registry
Windows Kernel Trace	{ae53722e-c863-11d2-8659-00c04fa321a1}	26	2	Registry_Virtualize_V2(SInt64 InitialTime, UInt32 Status, UInt32 Index, UInt32 KeyHandle, String KeyName)	Virtualize	Registry
Windows Kernel Trace	{ae53722e-c863-11d2-8659-00c04fa321a1}	27	2	Registry_Close_V2(SInt64 InitialTime, UInt32 Status, UInt32 Index, UInt32 KeyHandle, String KeyName)	Close	Registry
Windows Kernel Trace	{ae53722e-c863-11d2-8659-00c04fa321a1}	28	2	Registry_SetSecurity_V2(SInt64 InitialTime, UInt32 Status, UInt32 Index, UInt32 KeyHandle, String KeyName)	SetSecurity	Registry
Windows Kernel Trace	{ae53722e-c863-11d2-8659-00c04fa321a1}	29	2	Registry_QuerySecurity_V2(SInt64 InitialTime, UInt32 Status, UInt32 Index, UInt32 KeyHandle, String KeyName)	QuerySecurity	Registry
Windows Kernel Trace	{ae53722e-c863-11d2-8659-00c04fa321a1}	30	2	Registry_TxRCommit_V2(Object TxrGUID, UInt32 Status, UInt32 UowCount, UInt64 OperationTime, String Hive)	TxRCommit	Registry
Windows Kernel Trace	{ae53722e-c863-11d2-8659-00c04fa321a1}	31	2	Registry_TxRPrepare_V2(Object TxrGUID, UInt32 Status, UInt32 UowCount, UInt64 OperationTime, String Hive)	TxRPrepare	Registry
Windows Kernel Trace	{ae53722e-c863-11d2-8659-00c04fa321a1}	32	2	Registry_TxRRollback_V2(Object TxrGUID, UInt32 Status, UInt32 UowCount, UInt64 OperationTime, String Hive)	TxRRollback	Registry
Windows Kernel Trace	{ae53722e-c863-11d2-8659-00c04fa321a1}	34	2	Registry_Counters_V2(UInt64 Counter1, UInt64 Counter2, UInt64 Counter3, UInt64 Counter4, UInt64 Counter5, UInt64 Counter6, UInt64 Counter7, UInt64 Counter8, UInt64 Counter9, UInt64 Counter10, UInt64 Counter11)	Counters	Registry
Windows Kernel Trace	{ae53722e-c863-11d2-8659-00c04fa321a1}	35	2	Registry_Config_V2(UInt32 CurrentControlSet)	Config	Registry
Windows Kernel Trace	{ae53722e-c863-11d2-8659-00c04fa321a1}	36	2	Registry_HiveInit_V2(UInt32 Hive, UInt32 OperationType, UInt32 PoolTag, UInt32 Size, String FileName)	HiveInit	Registry Hive Initialize
Windows Kernel Trace	{ae53722e-c863-11d2-8659-00c04fa321a1}	37	2	Registry_HiveDestroy_V2(UInt32 Hive, String FileName, String Path)	HiveDestroy	Registry Hive Destory
Windows Kernel Trace	{ae53722e-c863-11d2-8659-00c04fa321a1}	38	2	Registry_HiveLink_V2(UInt32 Hive, String Path)	HiveLink	Registy Hive Link
Windows Kernel Trace	{ae53722e-c863-11d2-8659-00c04fa321a1}	39	2	Registry_HiveDCEnd_V2(UInt64 Size, UInt32 Hive, UInt32 LoadedKeyCount, String FileName, String LinkPath)	HiveDCEnd	Registry Hive Rundown
Windows Kernel Trace	{ae53722e-c863-11d2-8659-00c04fa321a1}	40	2	Registry_HiveDirty_V2(UInt32 Hive, String LinkPath, UInt32 DirtyReason)	HiveDirty	Registry Hive Dirty
Windows Kernel Trace	{ae53722e-c863-11d2-8659-00c04fa321a1}	48	2	Registry_ChangeNotify_V2(UInt32 Notification, UInt32 KeyHandle, UInt8 Type, UInt8 WatchSubtree, UInt8 Primary)	ChangeNotify	Change Notification Registration
Windows Kernel Trace	{bf3a50c5-a9c9-4988-a005-2df0b7c80f80}	10	0	UdpIp_Send(UInt32 context, Object saddr, Object sport, UInt16 size, Object daddr, Object dport, UInt16 dsize)	Send	UdpIp Send/Receive
Windows Kernel Trace	{bf3a50c5-a9c9-4988-a005-2df0b7c80f80}	10	1	UdpIp_Send_V1(UInt32 PID, UInt32 size, Object daddr, Object saddr, Object dport, Object sport)	Send	UdpIp Send/Receive
Windows Kernel Trace	{bf3a50c5-a9c9-4988-a005-2df0b7c80f80}	10	2	UdpIp_SendIPV4_V2(UInt32 PID, UInt32 size, Object daddr, Object saddr, Object dport, Object sport, UInt32 seqnum, UInt32 connid)	SendIPV4	UdpIp IPV4 Send/Receive
Windows Kernel Trace	{bf3a50c5-a9c9-4988-a005-2df0b7c80f80}	11	0	UdpIp_Recv(UInt32 context, Object saddr, Object sport, UInt16 size, Object daddr, Object dport, UInt16 dsize)	Recv	UdpIp Send/Receive
Windows Kernel Trace	{bf3a50c5-a9c9-4988-a005-2df0b7c80f80}	11	1	UdpIp_Recv_V1(UInt32 PID, UInt32 size, Object daddr, Object saddr, Object dport, Object sport)	Recv	UdpIp Send/Receive
Windows Kernel Trace	{bf3a50c5-a9c9-4988-a005-2df0b7c80f80}	11	2	UdpIp_RecvIPV4_V2(UInt32 PID, UInt32 size, Object daddr, Object saddr, Object dport, Object sport, UInt32 seqnum, UInt32 connid)	RecvIPV4	UdpIp IPV4 Send/Receive
Windows Kernel Trace	{bf3a50c5-a9c9-4988-a005-2df0b7c80f80}	17	2	UdpIp_Fail_V2(UInt16 Proto, UInt16 FailureCode)	Fail	UdpIp Fail
Windows Kernel Trace	{bf3a50c5-a9c9-4988-a005-2df0b7c80f80}	26	2	UdpIp_SendIPV6_V2(UInt32 PID, UInt32 size, Object daddr, Object saddr, Object dport, Object sport, UInt32 seqnum, UInt32 connid)	SendIPV6	UdpIp IPV6 Send/Receive
Windows Kernel Trace	{bf3a50c5-a9c9-4988-a005-2df0b7c80f80}	27	2	UdpIp_RecvIPV6_V2(UInt32 PID, UInt32 size, Object daddr, Object saddr, Object dport, Object sport, UInt32 seqnum, UInt32 connid)	RecvIPV6	UdpIp IPV6 Send/Receive
Windows Kernel Trace	{ce1dbfb4-137e-4da6-87b0-3f59aa102cbc}	34	0	PerfInfo_Mark(String Message, Char16 Padding)	Mark	Mark
Windows Kernel Trace	{ce1dbfb4-137e-4da6-87b0-3f59aa102cbc}	46	1	PerfInfo_SampleProf_V1(UInt32 InstructionPointer, UInt32 ThreadId, UInt16 Count)	SampleProf	Sampled Profile
Windows Kernel Trace	{ce1dbfb4-137e-4da6-87b0-3f59aa102cbc}	46	2	PerfInfo_SampleProf_V2(UInt32 InstructionPointer, UInt32 ThreadId, UInt16 Count, UInt16 Reserved)	SampleProf	Sampled Profile
Windows Kernel Trace	{ce1dbfb4-137e-4da6-87b0-3f59aa102cbc}	47	2	PerfInfo_PmcCounterProf_V2(UInt32 InstructionPointer, UInt32 ThreadId, UInt16 ProfileSource, UInt16 Reserved)	PmcCounterProf	PMC Counter Profile
Windows Kernel Trace	{ce1dbfb4-137e-4da6-87b0-3f59aa102cbc}	48	2	PerfInfo_PmcCtrConfig_V2(UInt32 CounterCount, String CounterName)	PmcCtrConfig	PMC Counter Configuration
Windows Kernel Trace	{ce1dbfb4-137e-4da6-87b0-3f59aa102cbc}	49	2	PerfInfo_PmcCtrConrruption_V2(UInt32 ProcessorNumber, UInt32 CounterCount, Object CounterStatus)	PmcCtrConrruption	PMC Counter Corruption
Windows Kernel Trace	{ce1dbfb4-137e-4da6-87b0-3f59aa102cbc}	50	2	PerfInfo_ISR-MSI_V2(Object InitialTime, UInt32 Routine, UInt8 ReturnValue, UInt16 Vector, UInt8 Reserved, UInt32 MessageNumber)	ISR-MSI	Message Signaled ISR
Windows Kernel Trace	{ce1dbfb4-137e-4da6-87b0-3f59aa102cbc}	51	2	PerfInfo_SysClEnter_V2(UInt32 SysCallAddress)	SysClEnter	System Call Enter
Windows Kernel Trace	{ce1dbfb4-137e-4da6-87b0-3f59aa102cbc}	52	2	PerfInfo_SysClExit_V2(UInt32 SysCallNtStatus)	SysClExit	System Call Exit
Windows Kernel Trace	{ce1dbfb4-137e-4da6-87b0-3f59aa102cbc}	58	2	PerfInfo_DebuggerEnabled_V2()	DebuggerEnabled	Debugger Enabled
Windows Kernel Trace	{ce1dbfb4-137e-4da6-87b0-3f59aa102cbc}	66	2	PerfInfo_ThreadedDPC_V2(Object InitialTime, UInt32 Routine)	ThreadedDPC	DPC
Windows Kernel Trace	{ce1dbfb4-137e-4da6-87b0-3f59aa102cbc}	67	1	PerfInfo_ISR_V1(Object InitialTime, UInt32 Routine, UInt32 ReturnValue)	ISR	ISR
Windows Kernel Trace	{ce1dbfb4-137e-4da6-87b0-3f59aa102cbc}	67	2	PerfInfo_ISR_V2(Object InitialTime, UInt32 Routine, UInt8 ReturnValue, UInt16 Vector, UInt8 Reserved)	ISR	ISR
Windows Kernel Trace	{ce1dbfb4-137e-4da6-87b0-3f59aa102cbc}	68	1	PerfInfo_DPC_V1(Object InitialTime, UInt32 Routine)	DPC	DPC
Windows Kernel Trace	{ce1dbfb4-137e-4da6-87b0-3f59aa102cbc}	68	2	PerfInfo_DPC_V2(Object InitialTime, UInt32 Routine)	DPC	DPC
Windows Kernel Trace	{ce1dbfb4-137e-4da6-87b0-3f59aa102cbc}	69	1	PerfInfo_TimerDPC_V1(Object InitialTime, UInt32 Routine)	TimerDPC	DPC
Windows Kernel Trace	{ce1dbfb4-137e-4da6-87b0-3f59aa102cbc}	69	2	PerfInfo_TimerDPC_V2(Object InitialTime, UInt32 Routine)	TimerDPC	DPC
Windows Kernel Trace	{ce1dbfb4-137e-4da6-87b0-3f59aa102cbc}	70	2	PerfInfo_IOTimer_V2(Object InitialTime, UInt32 Routine)	IOTimer	DPC
Windows Kernel Trace	{ce1dbfb4-137e-4da6-87b0-3f59aa102cbc}	72	2	PerfInfo_SetInterval_V2(UInt32 Source, UInt32 NewInterval, UInt32 OldInterval)	SetInterval	Sampled Profile Interval
Windows Kernel Trace	{ce1dbfb4-137e-4da6-87b0-3f59aa102cbc}	73	2	PerfInfo_CollectionStart_V2(UInt32 Source, UInt32 NewInterval, UInt32 OldInterval)	CollectionStart	Sampled Profile Interval
Windows Kernel Trace	{ce1dbfb4-137e-4da6-87b0-3f59aa102cbc}	73	3	PerfInfo_CollectionStart_V3(UInt32 Source, UInt32 NewInterval, UInt32 OldInterval, String SourceName)	CollectionStart	Sampled Profile Interval
Windows Kernel Trace	{ce1dbfb4-137e-4da6-87b0-3f59aa102cbc}	74	2	PerfInfo_CollectionEnd_V2(UInt32 Source, UInt32 NewInterval, UInt32 OldInterval)	CollectionEnd	Sampled Profile Interval
Windows Kernel Trace	{ce1dbfb4-137e-4da6-87b0-3f59aa102cbc}	74	3	PerfInfo_CollectionEnd_V3(UInt32 Source, UInt32 NewInterval, UInt32 OldInterval, String SourceName)	CollectionEnd	Sampled Profile Interval
Windows Kernel Trace	{ce1dbfb4-137e-4da6-87b0-3f59aa102cbc}	75	2	PerfInfo_CollectionStart_V2(UInt32 SpinLockSpinThreshold, UInt32 SpinLockContentionSampleRate, UInt32 SpinLockAcquireSampleRate)	CollectionStart	Spinlock Configure Event
Windows Kernel Trace	{ce1dbfb4-137e-4da6-87b0-3f59aa102cbc}	75	3	PerfInfo_CollectionStart_V3(UInt32 SpinLockSpinThreshold, UInt32 SpinLockContentionSampleRate, UInt32 SpinLockAcquireSampleRate, UInt32 SpinLockHoldThreshold)	CollectionStart	Spinlock Configure Event
Windows Kernel Trace	{ce1dbfb4-137e-4da6-87b0-3f59aa102cbc}	76	2	PerfInfo_CollectionEnd_V2(UInt32 SpinLockSpinThreshold, UInt32 SpinLockContentionSampleRate, UInt32 SpinLockAcquireSampleRate)	CollectionEnd	Spinlock Configure Event
Windows Kernel Trace	{ce1dbfb4-137e-4da6-87b0-3f59aa102cbc}	76	3	PerfInfo_CollectionEnd_V3(UInt32 SpinLockSpinThreshold, UInt32 SpinLockContentionSampleRate, UInt32 SpinLockAcquireSampleRate, UInt32 SpinLockHoldThreshold)	CollectionEnd	Spinlock Configure Event
Windows Kernel Trace	{ce1dbfb4-137e-4da6-87b0-3f59aa102cbc}	92	2	PerfInfo_ISR-Unexpected_V2(UInt16 Vector)	ISR-Unexpected	Unexpected ISR
Windows Kernel Trace	{ce1dbfb4-137e-4da6-87b0-3f59aa102cbc}	93	2	PerfInfo_IoStartTimer_V2(UInt32 DeviceObject, UInt32 TimerRoutine)	IoStartTimer	IO Timer Events
Windows Kernel Trace	{ce1dbfb4-137e-4da6-87b0-3f59aa102cbc}	94	2	PerfInfo_IoStopTimer_V2(UInt32 DeviceObject, UInt32 TimerRoutine)	IoStopTimer	IO Timer Events
Windows Kernel Trace	{ce1dbfb4-137e-4da6-87b0-3f59aa102cbc}	95	1	PerfInfo_ISR-PASS_V1(Object InitialTime, UInt32 Routine, UInt32 ReturnValue)	ISR-PASS	ISR
Windows Kernel Trace	{ce1dbfb4-137e-4da6-87b0-3f59aa102cbc}	95	2	PerfInfo_ISR-PASS_V2(Object InitialTime, UInt32 Routine, UInt8 ReturnValue, UInt16 Vector, UInt8 Reserved)	ISR-PASS	ISR
Windows Kernel Trace	{ce1dbfb4-137e-4da6-87b0-3f59aa102cbc}	96	2	PerfInfo_WdfISR_V2(UInt32 Routine)	WdfISR	WDF ISR
Windows Kernel Trace	{ce1dbfb4-137e-4da6-87b0-3f59aa102cbc}	97	2	PerfInfo_WdfPassiveISR_V2(UInt32 Routine)	WdfPassiveISR	WDF ISR
Windows Kernel Trace	{ce1dbfb4-137e-4da6-87b0-3f59aa102cbc}	98	2	PerfInfo_WdfDPC_V2(UInt32 Routine)	WdfDPC	WDF DPC
Windows Kernel Trace	{ce1dbfb4-137e-4da6-87b0-3f59aa102cbc}	103	2	PerfInfo_WdfWorkItem_V2(UInt32 Routine)	WdfWorkItem	WDF WorkItem
Windows Kernel Trace	{ce1dbfb4-137e-4da6-87b0-3f59aa102cbc}	104	2	PerfInfo_SetKTimer2_V2(UInt64 DueTime, UInt64 MaximumDueTime, UInt64 Period, UInt32 Timer, UInt32 Callback, UInt32 CallbackContext, UInt8 TimerFlags)	SetKTimer2	Set or Expire KTIMER2 Event
Windows Kernel Trace	{ce1dbfb4-137e-4da6-87b0-3f59aa102cbc}	105	2	PerfInfo_ExpireKTimer2_V2(UInt64 DueTime, UInt64 MaximumDueTime, UInt64 Period, UInt32 Timer, UInt32 Callback, UInt32 CallbackContext, UInt8 TimerFlags)	ExpireKTimer2	Set or Expire KTIMER2 Event
Windows Kernel Trace	{ce1dbfb4-137e-4da6-87b0-3f59aa102cbc}	106	2	PerfInfo_CancelKTimer2_V2(UInt32 Timer)	CancelKTimer2	Cancel KTIMER2 Event
Windows Kernel Trace	{ce1dbfb4-137e-4da6-87b0-3f59aa102cbc}	107	2	PerfInfo_DisableKTimer2_V2(UInt32 Timer, UInt32 DisableCallback, UInt32 DisableContext, UInt8 TimerFlags)	DisableKTimer2	Disable KTIMER2 Event
Windows Kernel Trace	{ce1dbfb4-137e-4da6-87b0-3f59aa102cbc}	108	2	PerfInfo_FinalizeKTimer2_V2(UInt32 Timer, UInt32 DisableCallback, UInt32 DisableContext)	FinalizeKTimer2	Finalize KTIMER2 Disablement Event
Windows Kernel Trace	{ce1dbfb4-137e-4da6-87b0-3f59aa102cbc}	114	2	PerfInfo_KernelHypercall_V2(UInt32 CallCode, UInt8 IsFast, UInt8 IsNested)	KernelHypercall	Kernel Hypercalls
Windows Kernel Trace	{ce1dbfb4-137e-4da6-87b0-3f59aa102cbc}	122	2	PerfInfo_ContextRegistersAMD64_V2(UInt64 Rip, UInt64 Rax, UInt64 Rcx, UInt64 Rdx, UInt64 Rbx, UInt64 Rsp, UInt64 Rbp, UInt64 Rsi, UInt64 Rdi, UInt64 R8, UInt64 R9, UInt64 R10, UInt64 R11, UInt64 R12, UInt64 R13, UInt64 R14, UInt64 R15)	ContextRegistersAMD64	Context Registers AMD64
Windows Kernel Trace	{ce1dbfb4-137e-4da6-87b0-3f59aa102cbc}	123	2	PerfInfo_ContextRegistersARM64_V2(UInt32 Cpsr, UInt64 X0, UInt64 X1, UInt64 X2, UInt64 X3, UInt64 X4, UInt64 X5, UInt64 X6, UInt64 X7, UInt64 X8, UInt64 X9, UInt64 X10, UInt64 X11, UInt64 X12, UInt64 X13, UInt64 X14, UInt64 X15, UInt64 X16, UInt64 X17, UInt64 X18, UInt64 X19, UInt64 X20, UInt64 X21, UInt64 X22, UInt64 X23, UInt64 X24, UInt64 X25, UInt64 X26, UInt64 X27, UInt64 X28, UInt64 Fp, UInt64 Lr, UInt64 Sp, UInt64 Pc)	ContextRegistersARM64	Context Registers ARM64
Windows Kernel Trace	{d837ca92-12b9-44a5-ad6a-3a65b3578aa8}	32	2	SplitIo_VolMgr_V2(UInt32 ParentIrp, UInt32 ChildIrp)	VolMgr	Split IO
Windows Kernel Trace	{def2fe46-7bd6-4b80-bd94-f57fe20d0ce3}	32	2	StackWalk_Stack_V2(UInt64 EventTimeStamp, UInt32 StackProcess, UInt32 StackThread, UInt32 Stack1, UInt32 Stack2, UInt32 Stack3, UInt32 Stack4, UInt32 Stack5, UInt32 Stack6, UInt32 Stack7, UInt32 Stack8, UInt32 Stack9, UInt32 Stack10, UInt32 Stack11, UInt32 Stack12, UInt32 Stack13, UInt32 Stack14, UInt32 Stack15, UInt32 Stack16, UInt32 Stack17, UInt32 Stack18, UInt32 Stack19, UInt32 Stack20, UInt32 Stack21, UInt32 Stack22, UInt32 Stack23, UInt32 Stack24, UInt32 Stack25, UInt32 Stack26, UInt32 Stack27, UInt32 Stack28, UInt32 Stack29, UInt32 Stack30, UInt32 Stack31, UInt32 Stack32)	Stack	StackWalk Event
Windows Kernel Trace	{def2fe46-7bd6-4b80-bd94-f57fe20d0ce3}	34	2	StackWalk_KeyCreate_V2(UInt32 key, UInt32 StackFrame)	KeyCreate	StackWalk Event
Windows Kernel Trace	{def2fe46-7bd6-4b80-bd94-f57fe20d0ce3}	35	2	StackWalk_KeyDelete_V2(UInt32 key, UInt32 StackFrame)	KeyDelete	StackWalk Event
Windows Kernel Trace	{def2fe46-7bd6-4b80-bd94-f57fe20d0ce3}	36	2	StackWalk_KeyRundown_V2(UInt32 key, UInt32 StackFrame)	KeyRundown	StackWalk Event
Windows Kernel Trace	{def2fe46-7bd6-4b80-bd94-f57fe20d0ce3}	37	2	StackWalk_StackKeyKernel_V2(UInt64 EventTimeStamp, UInt32 StackProcess, UInt32 StackThread, UInt32 StackKey)	StackKeyKernel	StackWalk Event
Windows Kernel Trace	{def2fe46-7bd6-4b80-bd94-f57fe20d0ce3}	38	2	StackWalk_StackKeyUser_V2(UInt64 EventTimeStamp, UInt32 StackProcess, UInt32 StackThread, UInt32 StackKey)	StackKeyUser	StackWalk Event
Windows Kernel Trace	{e43445e0-0903-48c3-b878-ff0fccebdd04}	60	2	Power_IdleExitLatency_V2(UInt32 Flags, UInt32 PlatformState, UInt32 ProcessorState, UInt32 ReturnLatency, UInt32 TotalLatency)	IdleExitLatency	Idle Exit Latency
Windows Kernel Trace	{f8f10121-b617-4a56-868b-9df1b27fe32c}	32	0	MMCSS_Start()	Start	MMCSS Events
Windows Kernel Trace	{f8f10121-b617-4a56-868b-9df1b27fe32c}	33	0	MMCSS_Stop()	Stop	MMCSS Events
Windows Kernel Trace	{f8f10121-b617-4a56-868b-9df1b27fe32c}	34	0	MMCSS_Scheduler(UInt32 ScheduledPID, UInt32 ScheduledTID, UInt32 SchedulingPriority, UInt32 TaskIndex)	Scheduler	MMCSS Events
Windows Kernel Trace	{f8f10121-b617-4a56-868b-9df1b27fe32c}	35	0	MMCSS_Wakeup(UInt32 Reason)	Wakeup	MMCSS Events
Windows Kernel Trace	{f8f10121-b617-4a56-868b-9df1b27fe32c}	36	0	MMCSS_Sleep()	Sleep	MMCSS Events
Windows Kernel Trace	{f8f10121-b617-4a56-868b-9df1b27fe32c}	37	0	MMCSS_SleepResp()	SleepResp	MMCSS Events
